<?xml version="1.0" encoding="UTF-8"?>
<project-private xmlns="http://www.netbeans.org/ns/project-private/1">
    <editor-bookmarks xmlns="http://www.netbeans.org/ns/editor-bookmarks/2" lastBookmarkId="1">
        <file>
            <url>src/NTPBundle/Service/CronService.php</url>
            <bookmark id="1">
                <name/>
                <line>15</line>
                <key/>
            </bookmark>
        </file>
    </editor-bookmarks>
    <open-files xmlns="http://www.netbeans.org/ns/projectui-open-files/2">
        <group>
            <file>file:/C:/wamp64/www/src/NTPBundle/Command/CronTriggersCommand.php</file>
            <file>file:/C:/wamp64/www/src/NTPBundle/Mailer/CustomMailer.php</file>
            <file>file:/C:/wamp64/www/src/NTPBundle/FileProcessor/CsvFileReader.php</file>
            <file>file:/C:/wamp64/www/src/NTPBundle/FileProcessor/CsvFileWriter.php</file>
        </group>
    </open-files>
</project-private>
