CALL.ROUTENO,CALL.TRIPNO,CALL.TRIPPOS,CALL.DEPOTID,CALL.DSHIFTSTARTTIME,CALL.DEPOTDEPART,CALL.ID,CALL.NAME,CALL.POSTCODE,CALL.TWSTART,CALL.TWEND,CALL.ARRIVALTIME,CALL.DEPARTTIME,CALL.DURATION,CALL.TYPE,CALL.ORDDETS1,CALL.MEASURE1,CALL.MEASURE2,CALL.MEASURE3,CALL.MEASURE4,CALL.MEASURE5,CALL.PRODUCT,CALL.PRODUCTNAME,CALL.TRAILGRPNAME,CALL.ORDDETS2,CALL.ORDDETS3,CALL.ORDDETS4,CALL.TRPENDDEPOTARR,CALL.DSHIFTTOTDUTY,CALL.DSHIFTTOTDRIVE,CALL.DSHIFTTOTDIST,CALL.DSHIFTEMPTYDIST,CALL.DSHIFTEMPTYTIME,CALL.DSHIFTTIMEUTIL,CALL.DSHIFTTOTWAIT,CALL.DSHIFTTOTTRIPS,CALL.RDROPNUM,CALL.ROUTEPOS,CALL.TDROPNUM,CALL.TRIPSTART,CALL.TRPDSTDEPOTARR,CALL.TRPDSTDEPOTDEP,CALL.TRPENDDEPOT,CALL.TRPSRCDEPOT,CALL.TRPSRCDEPOTARR,CALL.TRPSRCDEPOTDEP,CALL.TRPSTARTDEPOT,CALL.TRPSTARTDEPOTDEP,CALL.TRAILTYPENAME,CALL.DSHIFTENDTIME,CALL.PAIR,CALL.DRIVGRPNAME,CALL.TRCTGRPNAME,CALL.DROPID,CALL.TRVDISNXT,CALL.TRVDISPRV,CALL.CUSTTDATA01,CALL.CUSTTDATA02,CALL.CUSTTDATA03,CALL.NDATA01,CALL.NDATA02,CALL.NDATA03,CALL.NDATA04,CALL.NDATA05
1,1,1,"EXEOB",08:42 Mon,09:12 Mon,"292","Plymouth","PL6 8LX",10:00 Mon,12:00 Mon,10:00 Mon,10:54 Mon,0:54,"D","",6711,10,2,2,12,1,"Store volume","TP Trailer","","","",11:42 Mon,3:30,1:36,131,66,0:48,25.93,0:00,1,1,1,1,08:42 Mon,11:42 Mon,12:12 Mon,"EXEOB","EXEOB",08:42 Mon,09:12 Mon,"EXEOB",09:12 Mon,"DD Trailer",12:12 Mon,"","EXEOB AM Weekly","44T EXEOB",5682,66,66,"0141 951 1758","","EXEOB",1989,0,12,0,9632
2,1,1,"EXEOB",10:43 Mon,11:13 Mon,"407","Truro","TR4 8QN",13:00 Mon,15:00 Mon,13:00 Mon,13:58 Mon,0:58,"D","",5461,12,2,2,14,1,"Store volume","TP Trailer","","","",15:45 Mon,6:21,3:33,290,145,1:47,47.04,0:00,1,1,1,1,10:43 Mon,15:45 Mon,17:05 Mon,"EXEOB","EXEOB",10:43 Mon,11:13 Mon,"EXEOB",11:13 Mon,"DD Trailer",17:05 Mon,"","EXEOB AM Weekly","44T EXEOB",5723,145,145,"","","EXEOB",1076,0,14,0,10226
3,1,1,"DEVOB",05:00 Mon,05:30 Mon,"349","Chippenham","SN14 6NF",07:00 Mon,09:00 Mon,07:00 Mon,08:04 Mon,1:04,"D","",9645,14,3,3,17,1,"Store volume","DEVOB DOUBLE","","","",14:58 Mon,10:28,5:44,432,215,2:51,77.53,0:59,1,1,1,1,05:00 Mon,14:58 Mon,15:28 Mon,"DEVOB","DEVOB",05:00 Mon,05:30 Mon,"DEVOB",05:30 Mon,"DD Trailer",15:28 Mon,"","DEVOB AM Weekly","44T DEVOB",5708,194,23,"","","MIDIW",2581,0,17,0,14864
3,1,2,"DEVOB",05:00 Mon,05:30 Mon,"256","Barnstaple","EX32 8NX",10:00 Mon,12:00 Mon,10:27 Mon,12:07 Mon,1:40,"D","",3484,8,2,2,10,1,"Store volume","DEVOB DOUBLE","","","",14:58 Mon,10:28,5:44,432,215,2:51,77.53,0:59,1,2,2,2,05:00 Mon,14:58 Mon,15:28 Mon,"DEVOB","DEVOB",05:00 Mon,05:30 Mon,"DEVOB",05:30 Mon,"DD Trailer",15:28 Mon,"","DEVOB AM Weekly","44T DEVOB",5664,215,194,"01727 857 545","","DEVOB",1388,0,10,0,8740
4,1,1,"CAROB",04:51 Mon,05:21 Mon,"353","Haverford West","SA61 2PY",07:30 Mon,09:30 Mon,07:37 Mon,08:41 Mon,1:04,"D","",9832,12,5,3,17,1,"Store volume","CAROB DOUBLE","","","",13:34 Mon,9:14,4:52,328,69,0:58,68.40,0:00,1,1,1,1,04:51 Mon,13:34 Mon,14:04 Mon,"CAROB","CAROB",04:51 Mon,05:21 Mon,"CAROB",05:21 Mon,"DD Trailer",14:04 Mon,"","CAROB AM Weekly","44T CAROB",5711,89,162,"","","CAROB",2246,0,17,0,14704
4,1,2,"CAROB",04:51 Mon,05:21 Mon,"323","Swansea","SA5 8LJ",10:00 Mon,12:00 Mon,10:00 Mon,11:40 Mon,1:40,"D","",4437,7,3,2,10,1,"Store volume","CAROB DOUBLE","","","",13:34 Mon,9:14,4:52,328,69,0:58,68.40,0:00,1,2,2,2,04:51 Mon,13:34 Mon,14:04 Mon,"CAROB","CAROB",04:51 Mon,05:21 Mon,"CAROB",05:21 Mon,"DD Trailer",14:04 Mon,"","CAROB AM Weekly","44T CAROB",5696,69,89,"","","CAROB",953,0,10,0,5860
4,1,3,"CAROB",04:51 Mon,05:21 Mon,"10050","WESTERN CORK","CF11 8YN",00:01 Mon,23:59 Mon,12:38 Mon,13:16 Mon,0:38,"C","Collection Date -20/02/2017",24000,24,0,0,24,3,"Backhaul volume","CAROB DOUBLE","761845","Ian - 2920376700","transport@westcodiy.co.uk",13:34 Mon,9:14,4:52,328,69,0:58,68.40,0:00,1,3,3,3,04:51 Mon,13:34 Mon,14:04 Mon,"CAROB","CAROB",04:51 Mon,05:21 Mon,"CAROB",05:21 Mon,"DD Trailer",14:04 Mon,"","CAROB AM Weekly","44T CAROB",5627,8,69,"","","MIDIW",0,0,0,2,0
5,1,1,"MIDIW",04:05 Mon,04:50 Mon,"246","Bournemouth","BH11 8LL",07:15 Mon,09:15 Mon,07:57 Mon,08:51 Mon,0:54,"D","",4889,9,3,2,12,1,"Store volume","SALT DOUBLE","","","",14:03 Mon,10:58,6:33,475,211,2:57,81.23,0:00,1,1,1,1,04:05 Mon,14:03 Mon,15:03 Mon,"MIDIW","MIDIW",04:05 Mon,04:50 Mon,"MIDIW",04:50 Mon,"DD Trailer",15:03 Mon,"","MIDIW AM BAND 1 Weekly","44T MIDIW",5659,17,247,"0191 263 5878","","MIDIW",1357,0,12,0,8421
5,1,2,"MIDIW",04:05 Mon,04:50 Mon,"481","Christchurch","BH23 3PY",08:30 Mon,10:30 Mon,09:20 Mon,11:06 Mon,1:46,"D","",7316,10,3,2,13,1,"Store volume","SALT DOUBLE","","","",14:03 Mon,10:58,6:33,475,211,2:57,81.23,0:00,1,2,2,2,04:05 Mon,14:03 Mon,15:03 Mon,"MIDIW","MIDIW",04:05 Mon,04:50 Mon,"MIDIW",04:50 Mon,"DD Trailer",15:03 Mon,"","MIDIW AM BAND 1 Weekly","44T MIDIW",5747,211,17,"","","MIDIW",2144,0,13,0,12580
6,1,1,"MIDIW",05:15 Mon,06:00 Mon,"321","Andover","SP10 4AU",08:00 Mon,10:00 Mon,08:00 Mon,08:54 Mon,0:54,"D","",5908,8,4,2,12,1,"Store volume","SALT DOUBLE","","","",14:14 Mon,9:59,5:16,354,176,2:37,73.95,0:00,1,1,1,1,05:15 Mon,14:14 Mon,15:14 Mon,"MIDIW","MIDIW",05:15 Mon,06:00 Mon,"MIDIW",06:00 Mon,"DD Trailer",15:14 Mon,"","MIDIW AM BAND 1 Weekly","44T MIDIW",5694,39,139,"0161 945 1225","","MIDIW",1272,0,12,0,9011
6,1,2,"MIDIW",05:15 Mon,06:00 Mon,"430","Salisbury","SP1 2QQ",09:30 Mon,11:30 Mon,09:33 Mon,11:37 Mon,2:04,"D","",11624,18,4,4,22,1,"Store volume","SALT DOUBLE","","","",14:14 Mon,9:59,5:16,354,176,2:37,73.95,0:00,1,2,2,2,05:15 Mon,14:14 Mon,15:14 Mon,"MIDIW","MIDIW",05:15 Mon,06:00 Mon,"MIDIW",06:00 Mon,"DD Trailer",15:14 Mon,"","MIDIW AM BAND 1 Weekly","44T MIDIW",5731,176,39,"01732 460434","","MIDIW",2991,0,21,0,22854
7,1,1,"MIDIW",04:18 Mon,05:03 Mon,"338","Havant","PO9 1HH",07:30 Mon,09:30 Mon,07:30 Mon,08:36 Mon,1:06,"D","",10388,12,6,2,18,1,"Store volume","SALT DOUBLE","","","",14:36 Mon,11:18,5:48,421,10,0:19,83.70,0:00,1,1,1,1,04:18 Mon,14:36 Mon,15:36 Mon,"MIDIW","MIDIW",04:18 Mon,05:03 Mon,"MIDIW",05:03 Mon,"DD Trailer",15:36 Mon,"","MIDIW AM BAND 1 Weekly","44T MIDIW",5703,40,203,"01322 439762","","MIDIW",2213,0,17,0,16173
7,1,2,"MIDIW",04:18 Mon,05:03 Mon,"328","Southampton","SO16 6TP",08:00 Mon,10:00 Mon,09:11 Mon,11:11 Mon,2:00,"D","",8331,17,3,3,20,1,"Store volume","SALT DOUBLE","","","",14:36 Mon,11:18,5:48,421,10,0:19,83.70,0:00,1,2,2,2,04:18 Mon,14:36 Mon,15:36 Mon,"MIDIW","MIDIW",04:18 Mon,05:03 Mon,"MIDIW",05:03 Mon,"DD Trailer",15:36 Mon,"","MIDIW AM BAND 1 Weekly","44T MIDIW",5699,10,40,"01253 791146","","MIDIW",2123,0,20,0,17485
7,1,3,"MIDIW",04:18 Mon,05:03 Mon,"10053","DRAPER","SO53 1YF",00:01 Mon,23:59 Mon,11:30 Mon,12:06 Mon,0:36,"C","Collection Date -20/02/2017",5000,21,0,0,21,3,"Backhaul volume","SALT DOUBLE","544761724/544761733","Craig Southam - 2380742374","csoutham@drapertools.com",14:36 Mon,11:18,5:48,421,10,0:19,83.70,0:00,1,3,3,3,04:18 Mon,14:36 Mon,15:36 Mon,"MIDIW","MIDIW",04:18 Mon,05:03 Mon,"MIDIW",05:03 Mon,"DD Trailer",15:36 Mon,"","MIDIW AM BAND 1 Weekly","44T MIDIW",5606,0,10,"","","MIDIW",0,0,0,2,0
7,1,4,"MIDIW",04:18 Mon,05:03 Mon,"10053","DRAPER","SO53 1YF",00:01 Mon,23:59 Mon,12:06 Mon,12:09 Mon,0:03,"C","Collection Date -20/02/2017",5000,9,0,0,9,3,"Backhaul volume","SALT DOUBLE","544761827/544761834","Craig Southam - 2380742374","csoutham@drapertools.com",14:36 Mon,11:18,5:48,421,10,0:19,83.70,0:00,1,3,4,3,04:18 Mon,14:36 Mon,15:36 Mon,"MIDIW","MIDIW",04:18 Mon,05:03 Mon,"MIDIW",05:03 Mon,"DD Trailer",15:36 Mon,"","MIDIW AM BAND 1 Weekly","44T MIDIW",5613,169,0,"","","MIDIW",0,0,0,2,0
8,1,1,"MIDIW",05:15 Mon,06:00 Mon,"444","Littlehampton","BN17 5RA",08:00 Mon,10:00 Mon,08:51 Mon,09:43 Mon,0:52,"D","",4093,9,2,2,11,1,"Store volume","SALT DOUBLE","","","",14:37 Mon,10:22,5:55,415,205,2:47,76.79,0:00,1,1,1,1,05:15 Mon,14:37 Mon,15:37 Mon,"MIDIW","MIDIW",05:15 Mon,06:00 Mon,"MIDIW",06:00 Mon,"DD Trailer",15:37 Mon,"","MIDIW AM BAND 1 Weekly","44T MIDIW",5734,12,198,"","","MIDIW",1862,0,10,0,9334
8,1,2,"MIDIW",05:15 Mon,06:00 Mon,"492","Bognor Regis","PO22 9NG",10:00 Mon,12:00 Mon,10:00 Mon,11:50 Mon,1:50,"D","",2550,13,2,4,15,1,"Store volume","SALT DOUBLE","","","",14:37 Mon,10:22,5:55,415,205,2:47,76.79,0:00,1,2,2,2,05:15 Mon,14:37 Mon,15:37 Mon,"MIDIW","MIDIW",05:15 Mon,06:00 Mon,"MIDIW",06:00 Mon,"DD Trailer",15:37 Mon,"","MIDIW AM BAND 1 Weekly","44T MIDIW",5749,205,12,"","","",703,0,14,0,7210
9,1,1,"MIDIW",05:56 Mon,06:41 Mon,"448","Burgess Hill","RH15 9QU",09:30 Mon,11:30 Mon,09:30 Mon,10:32 Mon,1:02,"D","",10524,12,4,3,16,1,"Store volume","SALT DOUBLE","","","",15:37 Mon,10:41,6:00,424,200,2:39,79.14,0:00,1,1,1,1,05:56 Mon,15:37 Mon,16:37 Mon,"MIDIW","MIDIW",05:56 Mon,06:41 Mon,"MIDIW",06:41 Mon,"DD Trailer",16:37 Mon,"","MIDIW AM BAND 1 Weekly","44T MIDIW",5735,29,194,"","","MIDIW",2729,0,16,0,19146
9,1,2,"MIDIW",05:56 Mon,06:41 Mon,"221","Worthing","BN14 8JP",11:00 Mon,13:00 Mon,11:04 Mon,12:58 Mon,1:54,"D","",6383,14,3,3,17,1,"Store volume","SALT DOUBLE","","","",15:37 Mon,10:41,6:00,424,200,2:39,79.14,0:00,1,2,2,2,05:56 Mon,15:37 Mon,16:37 Mon,"MIDIW","MIDIW",05:56 Mon,06:41 Mon,"MIDIW",06:41 Mon,"DD Trailer",16:37 Mon,"","MIDIW AM BAND 1 Weekly","44T MIDIW",5648,200,29,"01903 219121","","MIDIW",2781,0,16,0,11358
10,1,1,"MIDIW",05:03 Mon,05:48 Mon,"451","Hailsham","BN27 3JF",07:15 Mon,09:15 Mon,08:46 Mon,09:38 Mon,0:52,"D","",7516,8,3,2,11,1,"Store volume","SALT DOUBLE","","","",14:32 Mon,10:29,5:58,430,172,2:08,77.65,0:00,1,1,1,1,05:03 Mon,14:32 Mon,15:32 Mon,"MIDIW","MIDIW",05:03 Mon,05:48 Mon,"MIDIW",05:48 Mon,"DD Trailer",15:32 Mon,"","MIDIW AM BAND 1 Weekly","44T MIDIW",5736,44,214,"","","MIDIW",2182,0,11,0,10345
10,1,2,"MIDIW",05:03 Mon,05:48 Mon,"382","East Grinstead","RH19 1QX",10:30 Mon,12:30 Mon,10:30 Mon,12:24 Mon,1:54,"D","",9733,13,4,2,17,1,"Store volume","SALT DOUBLE","","","",14:32 Mon,10:29,5:58,430,172,2:08,77.65,0:00,1,2,2,2,05:03 Mon,14:32 Mon,15:32 Mon,"MIDIW","MIDIW",05:03 Mon,05:48 Mon,"MIDIW",05:48 Mon,"DD Trailer",15:32 Mon,"","MIDIW AM BAND 1 Weekly","44T MIDIW",5719,172,44,"","","MIDIW",2426,0,16,0,14800
11,1,1,"MIDIW",04:47 Mon,05:32 Mon,"319","Bexhill","TN40 2JS",09:00 Mon,11:00 Mon,09:00 Mon,10:02 Mon,1:02,"D","",6457,14,2,2,16,1,"Store volume","SALT DOUBLE","","","",15:35 Mon,11:48,7:05,490,239,3:09,87.41,0:00,1,1,1,1,04:47 Mon,15:35 Mon,16:35 Mon,"MIDIW","MIDIW",04:47 Mon,05:32 Mon,"MIDIW",05:32 Mon,"DD Trailer",16:35 Mon,"","MIDIW AM BAND 1 Weekly","44T MIDIW",5692,21,230,"01942 212100","","MIDIW",2440,0,16,0,16058
11,1,2,"MIDIW",04:47 Mon,05:32 Mon,"265","Eastbourne","BN23 6PW",09:30 Mon,11:30 Mon,11:20 Mon,12:26 Mon,1:06,"D","",10824,14,4,3,18,1,"Store volume","SALT DOUBLE","","","",15:35 Mon,11:48,7:05,490,239,3:09,87.41,0:00,1,2,2,2,04:47 Mon,15:35 Mon,16:35 Mon,"MIDIW","MIDIW",04:47 Mon,05:32 Mon,"MIDIW",05:32 Mon,"DD Trailer",16:35 Mon,"","MIDIW AM BAND 1 Weekly","44T MIDIW",5671,239,21,"01226 770659","","MIDIW",3460,0,18,0,19194
12,1,1,"MIDIW",04:21 Mon,05:06 Mon,"479","Folkestone","CT19 4QE",08:00 Mon,10:00 Mon,08:00 Mon,09:16 Mon,1:16,"D","",11521,17,6,4,23,1,"Store volume","SALT DOUBLE","","","",14:13 Mon,10:52,5:55,463,214,2:43,80.49,0:00,1,1,1,1,04:21 Mon,14:13 Mon,15:13 Mon,"MIDIW","MIDIW",04:21 Mon,05:06 Mon,"MIDIW",05:06 Mon,"DD Trailer",15:13 Mon,"","MIDIW AM BAND 1 Weekly","44T MIDIW",5746,20,229,"","","MIDIW",3307,0,23,0,22074
12,1,2,"MIDIW",04:21 Mon,05:06 Mon,"90","Ashford","TN24 0SH",09:00 Mon,11:00 Mon,09:34 Mon,11:30 Mon,1:56,"D","",11957,15,3,3,18,1,"Store volume","SALT DOUBLE","","","",14:13 Mon,10:52,5:55,463,214,2:43,80.49,0:00,1,2,2,2,04:21 Mon,14:13 Mon,15:13 Mon,"MIDIW","MIDIW",04:21 Mon,05:06 Mon,"MIDIW",05:06 Mon,"DD Trailer",15:13 Mon,"","MIDIW AM BAND 1 Weekly","44T MIDIW",5642,214,20,"020 8953 2500","","MIDIW",3253,0,18,0,19342
13,1,1,"MIDIW",05:07 Mon,05:52 Mon,"320","Sittingbourne","ME10 1NU",08:00 Mon,10:00 Mon,08:23 Mon,09:15 Mon,0:52,"D","",3735,9,2,2,11,1,"Store volume","SALT DOUBLE","","","",15:31 Mon,11:23,5:40,404,166,2:17,84.32,0:00,1,1,1,1,05:07 Mon,15:31 Mon,16:31 Mon,"MIDIW","MIDIW",05:07 Mon,05:52 Mon,"MIDIW",05:52 Mon,"DD Trailer",16:31 Mon,"","MIDIW AM BAND 1 Weekly","44T MIDIW",5693,22,187,"","","MIDIW",1681,0,10,0,8639
13,1,2,"MIDIW",05:07 Mon,05:52 Mon,"314","Maidstone","ME16 0SN",09:30 Mon,11:30 Mon,09:38 Mon,11:30 Mon,1:52,"D","",8511,13,3,2,16,1,"Store volume","SALT DOUBLE","","","",15:31 Mon,11:23,5:40,404,166,2:17,84.32,0:00,1,2,2,2,05:07 Mon,15:31 Mon,16:31 Mon,"MIDIW","MIDIW",05:07 Mon,05:52 Mon,"MIDIW",05:52 Mon,"DD Trailer",16:31 Mon,"","MIDIW AM BAND 1 Weekly","44T MIDIW",5689,29,22,"0161 763 9960","","MIDIW",2373,0,15,0,15160
13,1,3,"MIDIW",05:07 Mon,05:52 Mon,"411","Sevenoaks","TN14 5DW",12:00 Mon,14:00 Mon,12:00 Mon,13:14 Mon,1:14,"D","",12703,18,4,4,22,1,"Store volume","SALT DOUBLE","","","",15:31 Mon,11:23,5:40,404,166,2:17,84.32,0:00,1,3,3,3,05:07 Mon,15:31 Mon,16:31 Mon,"MIDIW","MIDIW",05:07 Mon,05:52 Mon,"MIDIW",05:52 Mon,"DD Trailer",16:31 Mon,"","MIDIW AM BAND 1 Weekly","44T MIDIW",5726,166,29,"","","MIDIW",4581,0,22,0,20918
14,1,1,"MIDIW",12:30 Mon,13:15 Mon,"410","Gravesend","DA11 0BZ",14:30 Mon,16:30 Mon,15:19 Mon,16:29 Mon,1:10,"D","",8629,17,3,3,20,1,"Store volume","SALT DOUBLE","","","",20:51 Mon,9:21,4:38,338,168,2:12,77.92,0:00,1,1,1,1,12:30 Mon,20:51 Mon,21:51 Mon,"MIDIW","MIDIW",12:30 Mon,13:15 Mon,"MIDIW",13:15 Mon,"DD Trailer",21:51 Mon,"","MIDIW PM BAND 1 Weekly","44T MIDIW",5725,15,155,"","","MIDIW",2503,0,19,0,17550
14,1,2,"MIDIW",12:30 Mon,13:15 Mon,"233","Chatham","ME4 6AA",16:00 Mon,18:00 Mon,16:51 Mon,17:49 Mon,0:58,"D","",3969,12,2,3,14,1,"Store volume","SALT DOUBLE","","","",20:51 Mon,9:21,4:38,338,168,2:12,77.92,0:00,1,2,2,2,12:30 Mon,20:51 Mon,21:51 Mon,"MIDIW","MIDIW",12:30 Mon,13:15 Mon,"MIDIW",13:15 Mon,"DD Trailer",21:51 Mon,"","MIDIW PM BAND 1 Weekly","44T MIDIW",5652,168,15,"01634 406060","","MIDIW",1482,0,13,0,8282
15,1,1,"MIDIW",06:00 Mon,06:45 Mon,"234","Oxford","OX2 0HA",07:30 Mon,09:30 Mon,07:49 Mon,08:51 Mon,1:02,"D","",2630,15,1,3,16,1,"Store volume","SALT DOUBLE","","","",13:08 Mon,8:08,3:29,227,113,1:40,60.25,0:00,1,1,1,1,06:00 Mon,13:08 Mon,14:08 Mon,"MIDIW","MIDIW",06:00 Mon,06:45 Mon,"MIDIW",06:45 Mon,"DD Trailer",14:08 Mon,"","MIDIW AM BAND 2 Weekly","44T MIDIW",5653,45,70,"01865 202030","","MIDIW",1593,0,16,0,12011
15,1,2,"MIDIW",06:00 Mon,06:45 Mon,"342","Swindon","SN2 8DH",09:00 Mon,11:00 Mon,09:36 Mon,10:38 Mon,1:02,"D","",8104,14,2,2,16,1,"Store volume","SALT DOUBLE","","","",13:08 Mon,8:08,3:29,227,113,1:40,60.25,0:00,1,2,2,2,06:00 Mon,13:08 Mon,14:08 Mon,"MIDIW","MIDIW",06:00 Mon,06:45 Mon,"MIDIW",06:45 Mon,"DD Trailer",14:08 Mon,"","MIDIW AM BAND 2 Weekly","44T MIDIW",5705,113,45,"01793 610701","","MIDIW",2461,0,15,0,13588
16,1,1,"MIDIW",05:51 Mon,06:36 Mon,"80","Woking","GU21 2WB",08:00 Mon,10:00 Mon,08:42 Mon,09:46 Mon,1:04,"D","",6302,15,2,4,17,1,"Store volume","SALT DOUBLE","","","",14:18 Mon,9:27,4:42,320,148,1:51,70.00,0:00,1,1,1,1,05:51 Mon,14:18 Mon,15:18 Mon,"MIDIW","MIDIW",05:51 Mon,06:36 Mon,"MIDIW",06:36 Mon,"DD Trailer",15:18 Mon,"","MIDIW AM BAND 1 Weekly","44T MIDIW",5637,42,130,"01483 489 801","","MIDIW",2076,0,16,0,11917
16,1,2,"MIDIW",05:51 Mon,06:36 Mon,"240","Dorking","RH4 3HQ",10:30 Mon,12:30 Mon,10:31 Mon,12:27 Mon,1:56,"D","",7627,16,2,3,18,1,"Store volume","SALT DOUBLE","","","",14:18 Mon,9:27,4:42,320,148,1:51,70.00,0:00,1,2,2,2,05:51 Mon,14:18 Mon,15:18 Mon,"MIDIW","MIDIW",05:51 Mon,06:36 Mon,"MIDIW",06:36 Mon,"DD Trailer",15:18 Mon,"","MIDIW AM BAND 1 Weekly","44T MIDIW",5657,148,42,"01642 633136","","MIDIW",2854,0,17,0,15067
17,1,1,"MIDIW",04:05 Mon,04:50 Mon,"82","Rayleigh","SS6 7TS",06:30 Mon,08:30 Mon,06:45 Mon,07:39 Mon,0:54,"D","",3888,9,3,2,12,1,"Store volume","SALT DOUBLE","","","",13:38 Mon,10:33,4:57,354,155,2:04,78.15,0:00,1,1,1,1,04:05 Mon,13:38 Mon,14:38 Mon,"MIDIW","MIDIW",04:05 Mon,04:50 Mon,"MIDIW",04:50 Mon,"DD Trailer",14:38 Mon,"","MIDIW AM BAND 1 Weekly","44T MIDIW",5639,26,150,"01268 776 262","","MIDIW",1612,0,11,0,7673
17,1,2,"MIDIW",04:05 Mon,04:50 Mon,"232","Chelmsford","CM2 5PX",07:30 Mon,09:30 Mon,08:04 Mon,09:05 Mon,1:01,"D","",7761,15,2,3,17,1,"Store volume","SALT DOUBLE","","","",13:38 Mon,10:33,4:57,354,155,2:04,78.15,0:00,1,2,2,2,04:05 Mon,13:38 Mon,14:38 Mon,"MIDIW","MIDIW",04:05 Mon,04:50 Mon,"MIDIW",04:50 Mon,"DD Trailer",14:38 Mon,"","MIDIW AM BAND 1 Weekly","44T MIDIW",5651,23,26,"01245 462442","","MIDIW",1265,0,16,0,11612
17,1,3,"MIDIW",04:05 Mon,04:50 Mon,"381","Braintree","CM77 8YL",08:30 Mon,10:30 Mon,10:28 Mon,11:34 Mon,1:06,"D","",10659,15,3,3,18,1,"Store volume","SALT DOUBLE","","","",13:38 Mon,10:33,4:57,354,155,2:04,78.15,0:00,1,3,3,3,04:05 Mon,13:38 Mon,14:38 Mon,"MIDIW","MIDIW",04:05 Mon,04:50 Mon,"MIDIW",04:50 Mon,"DD Trailer",14:38 Mon,"","MIDIW AM BAND 1 Weekly","44T MIDIW",5718,155,23,"","","MIDIW",3230,0,18,0,19046
18,1,1,"MIDIW",08:00 Mon,08:45 Mon,"317","Lowestoft","NR32 2ED",10:30 Mon,12:30 Mon,11:52 Mon,12:54 Mon,1:02,"D","",17529,9,7,2,16,1,"Store volume","SALT DOUBLE","","","",16:52 Mon,9:52,6:15,454,227,3:08,73.09,0:00,1,1,1,1,08:00 Mon,16:52 Mon,17:52 Mon,"MIDIW","MIDIW",08:00 Mon,08:45 Mon,"MIDIW",08:45 Mon,"DD Trailer",17:52 Mon,"","MIDIW AM BAND 3 Weekly","44T MIDIW",5691,227,227,"01206 763 563","","MIDIW",2914,0,16,0,19516
19,1,1,"MIDIW",08:02 Mon,08:47 Mon,"357","Thetford","IP24 3RB",10:15 Mon,12:15 Mon,10:38 Mon,11:44 Mon,1:06,"D","",9604,15,3,2,18,1,"Store volume","SALT DOUBLE","","","",17:59 Mon,10:58,5:35,382,67,1:05,81.23,0:00,1,1,1,1,08:02 Mon,17:59 Mon,18:59 Mon,"MIDIW","MIDIW",08:02 Mon,08:47 Mon,"MIDIW",08:47 Mon,"DD Trailer",18:59 Mon,"","MIDIW AM BAND 3 Weekly","44T MIDIW",5713,53,137,"","","MIDIW",2284,0,17,0,16154
19,1,2,"MIDIW",08:02 Mon,08:47 Mon,"498","Norwich (new)","NR6 5AP",12:30 Mon,14:30 Mon,12:30 Mon,14:30 Mon,2:00,"D","",10351,17,3,3,20,1,"Store volume","SALT DOUBLE","","","",17:59 Mon,10:58,5:35,382,67,1:05,81.23,0:00,1,2,2,2,08:02 Mon,17:59 Mon,18:59 Mon,"MIDIW","MIDIW",08:02 Mon,08:47 Mon,"MIDIW",08:47 Mon,"DD Trailer",18:59 Mon,"","MIDIW AM BAND 3 Weekly","44T MIDIW",5751,67,53,"","","MIDIW",2118,0,19,0,21049
19,1,3,"MIDIW",08:02 Mon,08:47 Mon,"10029","MAXVIEW","PE33 0AT",00:01 Mon,23:59 Mon,15:35 Mon,16:07 Mon,0:32,"C","Collection Date -20/02/2017",5000,4,0,0,4,3,"Backhaul volume","SALT DOUBLE","761779","David - 1553813300","david.anderson@maxview.co.uk",17:59 Mon,10:58,5:35,382,67,1:05,81.23,0:00,1,3,3,3,08:02 Mon,17:59 Mon,18:59 Mon,"MIDIW","MIDIW",08:02 Mon,08:47 Mon,"MIDIW",08:47 Mon,"DD Trailer",18:59 Mon,"","MIDIW AM BAND 3 Weekly","44T MIDIW",5605,125,67,"","","MIDIW",0,0,0,2,0
20,1,1,"MIDIW",04:25 Mon,05:10 Mon,"350","Ipswich","IP2 0AQ",07:30 Mon,09:30 Mon,07:30 Mon,08:30 Mon,1:00,"D","",9687,15,6,3,21,1,"Store volume","SALT DOUBLE","","","",14:07 Mon,10:41,5:34,379,54,0:55,79.14,0:00,1,1,1,1,04:25 Mon,14:07 Mon,15:07 Mon,"MIDIW","MIDIW",04:25 Mon,05:10 Mon,"MIDIW",05:10 Mon,"DD Trailer",15:07 Mon,"","MIDIW AM BAND 1 Weekly","44T MIDIW",5709,86,172,"","","MIDIW",3240,0,21,0,17998
20,1,2,"MIDIW",04:25 Mon,05:10 Mon,"472","Cambridge","CB5 8JL",08:00 Mon,10:00 Mon,09:46 Mon,11:28 Mon,1:42,"D","",5729,9,2,2,11,1,"Store volume","SALT DOUBLE","","","",14:07 Mon,10:41,5:34,379,54,0:55,79.14,0:00,1,2,2,2,04:25 Mon,14:07 Mon,15:07 Mon,"MIDIW","MIDIW",04:25 Mon,05:10 Mon,"MIDIW",05:10 Mon,"DD Trailer",15:07 Mon,"","MIDIW AM BAND 1 Weekly","44T MIDIW",5745,54,86,"","","MIDIW",1466,0,11,0,8683
20,1,3,"MIDIW",04:25 Mon,05:10 Mon,"10010","CLARK DRAIN","PE7 3EQ",00:01 Mon,23:59 Mon,12:23 Mon,13:04 Mon,0:41,"C","Collection Date -20/02/2017",5000,36,0,0,36,3,"Backhaul volume","SALT DOUBLE","","Gary King - 01733 765358","gking@clark-drain.com",14:07 Mon,10:41,5:34,379,54,0:55,79.14,0:00,1,3,3,3,04:25 Mon,14:07 Mon,15:07 Mon,"MIDIW","MIDIW",04:25 Mon,05:10 Mon,"MIDIW",05:10 Mon,"DD Trailer",15:07 Mon,"","MIDIW AM BAND 1 Weekly","44T MIDIW",5621,67,54,"","","MIDIW",0,0,0,2,0
21,1,1,"MIDIW",04:59 Mon,05:44 Mon,"64","Scunthorpe","DN15 6AF",07:00 Mon,08:30 Mon,08:30 Mon,09:24 Mon,0:54,"D","",2992,10,2,2,12,1,"Store volume","SALT DOUBLE","","","",14:52 Mon,10:53,6:15,460,221,2:54,80.62,0:11,1,1,1,1,04:59 Mon,14:52 Mon,15:52 Mon,"MIDIW","MIDIW",04:59 Mon,05:44 Mon,"MIDIW",05:44 Mon,"DD Trailer",15:52 Mon,"","MIDIW AM BAND 1 Weekly","44T MIDIW",5633,42,197,"01724 845880","","MIDIW",2195,0,11,0,7812
21,1,2,"MIDIW",04:59 Mon,05:44 Mon,"469","Grimsby","DN31 2SG",11:00 Mon,13:00 Mon,11:00 Mon,11:58 Mon,0:58,"D","",4793,11,3,3,14,1,"Store volume","SALT DOUBLE","","","",14:52 Mon,10:53,6:15,460,221,2:54,80.62,0:11,1,2,2,2,04:59 Mon,14:52 Mon,15:52 Mon,"MIDIW","MIDIW",04:59 Mon,05:44 Mon,"MIDIW",05:44 Mon,"DD Trailer",15:52 Mon,"","MIDIW AM BAND 1 Weekly","44T MIDIW",5743,221,42,"","","MIDIW",1984,0,13,0,12834
22,1,1,"MIDIW",05:59 Mon,06:44 Mon,"327","Wakefield","WF2 9SA",09:30 Mon,11:30 Mon,09:30 Mon,10:36 Mon,1:06,"D","",9863,14,4,3,18,1,"Store volume","SALT DOUBLE","","","",15:14 Mon,10:15,5:35,427,205,2:28,75.93,0:00,1,1,1,1,05:59 Mon,15:14 Mon,16:14 Mon,"MIDIW","MIDIW",05:59 Mon,06:44 Mon,"MIDIW",06:44 Mon,"DD Trailer",16:14 Mon,"","MIDIW AM BAND 1 Weekly","44T MIDIW",5698,18,204,"01463 717235","","WAKEIW",2727,0,18,0,15081
22,1,2,"MIDIW",05:59 Mon,06:44 Mon,"267","Pontefract","WF8 4PR",10:00 Mon,12:00 Mon,10:58 Mon,12:46 Mon,1:48,"D","",6633,12,2,3,14,1,"Store volume","SALT DOUBLE","","","",15:14 Mon,10:15,5:35,427,205,2:28,75.93,0:00,1,2,2,2,05:59 Mon,15:14 Mon,16:14 Mon,"MIDIW","MIDIW",05:59 Mon,06:44 Mon,"MIDIW",06:44 Mon,"DD Trailer",16:14 Mon,"","MIDIW AM BAND 1 Weekly","44T MIDIW",5673,205,18,"0191 214 0809","","WAKEIW",1774,0,14,0,11764
23,1,1,"MIDIW",04:44 Mon,05:29 Mon,"66","Dewsbury","WF12 8AB",07:00 Mon,09:00 Mon,08:02 Mon,08:58 Mon,0:56,"D","",7196,10,3,3,13,1,"Store volume","SALT DOUBLE","","","",15:26 Mon,11:42,6:43,488,88,1:22,86.67,0:00,1,1,1,1,04:44 Mon,15:26 Mon,16:26 Mon,"MIDIW","MIDIW",04:44 Mon,05:29 Mon,"MIDIW",05:29 Mon,"DD Trailer",16:26 Mon,"","MIDIW AM BAND 1 Weekly","44T MIDIW",5634,17,206,"01924 460744","","WAKEIW",2005,0,13,0,11710
23,1,2,"MIDIW",04:44 Mon,05:29 Mon,"263","Huddersfield","HD1 3LE",09:30 Mon,11:30 Mon,09:30 Mon,11:15 Mon,1:45,"D","",10731,15,3,2,18,1,"Store volume","SALT DOUBLE","","","",15:26 Mon,11:42,6:43,488,88,1:22,86.67,0:00,1,2,2,2,04:44 Mon,15:26 Mon,16:26 Mon,"MIDIW","MIDIW",04:44 Mon,05:29 Mon,"MIDIW",05:29 Mon,"DD Trailer",16:26 Mon,"","MIDIW AM BAND 1 Weekly","44T MIDIW",5669,88,17,"01923 225 554","","WAKEIW",2789,0,17,0,17532
23,1,3,"MIDIW",04:44 Mon,05:29 Mon,"10039","RONSEAL (BAWTRY)","DN11 9HE",00:01 Mon,23:59 Mon,12:37 Mon,13:10 Mon,0:33,"C","Collection Date -20/02/2017",5000,11,0,0,11,3,"Backhaul volume","SALT DOUBLE","761821,761879,762029/MAN-05085054","Sarah Robinson - 01302 756517","sherwin.planning@dhl.com",15:26 Mon,11:42,6:43,488,88,1:22,86.67,0:00,1,3,3,3,04:44 Mon,15:26 Mon,16:26 Mon,"MIDIW","MIDIW",04:44 Mon,05:29 Mon,"MIDIW",05:29 Mon,"DD Trailer",16:26 Mon,"","MIDIW AM BAND 1 Weekly","44T MIDIW",5604,176,88,"","","WAKEIW",0,0,0,2,0
24,1,1,"MIDIW",04:05 Mon,04:50 Mon,"55","Bradford","BD7 2BH",07:00 Mon,09:00 Mon,07:47 Mon,09:13 Mon,1:26,"D","",14495,21,7,5,28,1,"Store volume","SALT DOUBLE","","","",14:47 Mon,11:42,6:13,476,12,0:18,86.67,0:00,1,1,1,1,04:05 Mon,14:47 Mon,15:47 Mon,"MIDIW","MIDIW",04:05 Mon,04:50 Mon,"MIDIW",04:50 Mon,"DD Trailer",15:47 Mon,"","MIDIW AM BAND 1 Weekly","44T MIDIW",5631,7,232,"01274 501515","","WAKEIW",2733,0,27,0,25927
24,1,2,"MIDIW",04:05 Mon,04:50 Mon,"483","Shipley","BD17 7EY",07:30 Mon,09:30 Mon,09:26 Mon,11:06 Mon,1:40,"D","",8412,14,3,4,17,1,"Store volume","SALT DOUBLE","","","",14:47 Mon,11:42,6:13,476,12,0:18,86.67,0:00,1,2,2,2,04:05 Mon,14:47 Mon,15:47 Mon,"MIDIW","MIDIW",04:05 Mon,04:50 Mon,"MIDIW",04:50 Mon,"DD Trailer",15:47 Mon,"","MIDIW AM BAND 1 Weekly","44T MIDIW",5748,12,7,"","","WAKEIW",2969,0,16,0,17211
24,1,3,"MIDIW",04:05 Mon,04:50 Mon,"10001","Astracast Bradford","BD4 6SE",00:01 Mon,23:59 Mon,11:24 Mon,12:03 Mon,0:39,"C","Collection Date -20/02/2017",5000,28,0,0,28,3,"Backhaul volume","SALT DOUBLE","759363/759867/760603/761516","Richard Brook - 1274654723","richard.brook@astracast.co.uk",14:47 Mon,11:42,6:13,476,12,0:18,86.67,0:00,1,3,3,3,04:05 Mon,14:47 Mon,15:47 Mon,"MIDIW","MIDIW",04:05 Mon,04:50 Mon,"MIDIW",04:50 Mon,"DD Trailer",15:47 Mon,"","MIDIW AM BAND 1 Weekly","44T MIDIW",5614,225,12,"","","WAKEIW",0,0,0,2,0
25,1,1,"MIDIW",04:29 Mon,05:14 Mon,"88","Pudsey","LS13 4HX",07:00 Mon,08:00 Mon,08:00 Mon,08:55 Mon,0:55,"D","",11606,13,5,3,18,1,"Store volume","SALT DOUBLE","","","",13:45 Mon,10:16,5:51,453,219,2:45,76.05,0:00,1,1,1,1,04:29 Mon,13:45 Mon,14:45 Mon,"MIDIW","MIDIW",04:29 Mon,05:14 Mon,"MIDIW",05:14 Mon,"DD Trailer",14:45 Mon,"","MIDIW AM BAND 1 Weekly","44T MIDIW",5641,12,222,"01189 588 288","","WAKEIW",3873,0,18,0,18971
25,1,2,"MIDIW",04:29 Mon,05:14 Mon,"497","Leeds Roundhay","LS8 4BU",10:00 Mon,12:00 Mon,10:05 Mon,11:00 Mon,0:55,"D","",5467,17,3,4,20,1,"Store volume","SALT DOUBLE","","","",13:45 Mon,10:16,5:51,453,219,2:45,76.05,0:00,1,2,2,2,04:29 Mon,13:45 Mon,14:45 Mon,"MIDIW","MIDIW",04:29 Mon,05:14 Mon,"MIDIW",05:14 Mon,"DD Trailer",14:45 Mon,"","MIDIW AM BAND 1 Weekly","44T MIDIW",5750,219,12,"","","WAKEIW",2042,0,20,0,18599
26,1,1,"MIDIW",04:00 Mon,04:45 Mon,"308","Wrexham","LL13 8DE",07:30 Mon,09:30 Mon,07:30 Mon,08:26 Mon,0:56,"D","",5615,10,3,2,13,1,"Store volume","SALT DOUBLE","","","",13:04 Mon,10:04,5:43,409,141,1:50,83.89,0:00,1,1,1,1,04:00 Mon,13:04 Mon,14:04 Mon,"MIDIW","MIDIW",04:00 Mon,04:45 Mon,"MIDIW",04:45 Mon,"DD Trailer",14:04 Mon,"","AGENCY AM Weekly","44T MIDIW",5686,69,199,"01978 314538","","MIDIW",1306,0,13,0,10831
26,1,2,"MIDIW",04:00 Mon,04:45 Mon,"343","Telford","TF2 6DN",08:00 Mon,10:00 Mon,10:24 Mon,11:14 Mon,0:50,"D","",2812,8,2,2,10,1,"Store volume","SALT DOUBLE","","","",13:04 Mon,10:04,5:43,409,141,1:50,83.89,0:00,1,2,2,2,04:00 Mon,13:04 Mon,14:04 Mon,"MIDIW","MIDIW",04:00 Mon,04:45 Mon,"MIDIW",04:45 Mon,"DD Trailer",14:04 Mon,"","AGENCY AM Weekly","44T MIDIW",5706,141,69,"","","MIDIW",1156,0,9,0,6291
27,1,1,"MIDIW",04:05 Mon,04:50 Mon,"415","Macclesfield","",07:00 Mon,09:00 Mon,07:24 Mon,08:16 Mon,0:52,"D","",3754,9,2,2,11,1,"Store volume","SALT DOUBLE","","","",14:48 Mon,11:43,6:16,444,49,0:53,86.79,0:00,1,1,1,1,04:05 Mon,14:48 Mon,15:48 Mon,"MIDIW","MIDIW",04:05 Mon,04:50 Mon,"MIDIW",04:50 Mon,"DD Trailer",15:48 Mon,"","MIDIW AM BAND 1 Weekly","44T MIDIW",5728,29,193,"","","MIDIW",1182,0,11,0,8673
27,1,2,"MIDIW",04:05 Mon,04:50 Mon,"291","Baguley","M23 9BL",08:00 Mon,10:00 Mon,08:53 Mon,10:55 Mon,2:02,"D","",10357,16,5,4,21,1,"Store volume","SALT DOUBLE","","","",14:48 Mon,11:43,6:16,444,49,0:53,86.79,0:00,1,2,2,2,04:05 Mon,14:48 Mon,15:48 Mon,"MIDIW","MIDIW",04:05 Mon,04:50 Mon,"MIDIW",04:50 Mon,"DD Trailer",15:48 Mon,"","MIDIW AM BAND 1 Weekly","44T MIDIW",5681,49,29,"01619 451225","","WAKEIW",3162,0,20,0,18790
27,1,3,"MIDIW",04:05 Mon,04:50 Mon,"10023","H & R Johnson (Alsager)","ST7 2DF",00:01 Mon,23:59 Mon,11:48 Mon,12:36 Mon,0:48,"C","Collection Date -20/02/2017",24000,60,0,0,60,3,"Backhaul volume","SALT DOUBLE","761312","Jacquie Wright - 01782 524063","jwright@johnson-tiles.com",14:48 Mon,11:43,6:16,444,49,0:53,86.79,0:00,1,3,3,3,04:05 Mon,14:48 Mon,15:48 Mon,"MIDIW","MIDIW",04:05 Mon,04:50 Mon,"MIDIW",04:50 Mon,"DD Trailer",15:48 Mon,"","MIDIW AM BAND 1 Weekly","44T MIDIW",5607,173,49,"","","MIDIW",0,0,0,2,0
28,1,1,"MIDIW",05:20 Mon,06:05 Mon,"374","Oldham","OL8 1TA",08:00 Mon,10:00 Mon,09:09 Mon,10:15 Mon,1:06,"D","",9221,16,2,3,18,1,"Store volume","SALT DOUBLE","","","",16:01 Mon,11:41,6:30,487,57,0:58,86.54,0:00,1,1,1,1,05:20 Mon,16:01 Mon,17:01 Mon,"MIDIW","MIDIW",05:20 Mon,06:05 Mon,"MIDIW",06:05 Mon,"DD Trailer",17:01 Mon,"","MIDIW AM BAND 1 Weekly","44T MIDIW",5716,18,240,"","","WAKEIW",2245,0,17,0,17704
28,1,2,"MIDIW",05:20 Mon,06:05 Mon,"81","Stockport","SK4 1TN",09:00 Mon,11:00 Mon,10:32 Mon,12:17 Mon,1:45,"D","",7883,12,4,3,16,1,"Store volume","SALT DOUBLE","","","",16:01 Mon,11:41,6:30,487,57,0:58,86.54,0:00,1,2,2,2,05:20 Mon,16:01 Mon,17:01 Mon,"MIDIW","MIDIW",05:20 Mon,06:05 Mon,"MIDIW",06:05 Mon,"DD Trailer",17:01 Mon,"","MIDIW AM BAND 1 Weekly","44T MIDIW",5638,57,18,"0161 480 9725","","MIDIW",2566,0,15,0,13710
28,1,3,"MIDIW",05:20 Mon,06:05 Mon,"10023","H & R Johnson (Alsager)","ST7 2DF",00:01 Mon,23:59 Mon,13:15 Mon,13:50 Mon,0:35,"C","Collection Date -20/02/2017",24000,60,0,0,60,3,"Backhaul volume","SALT DOUBLE","761313","Jacquie Wright - 01782 524063","jwright@johnson-tiles.com",16:01 Mon,11:41,6:30,487,57,0:58,86.54,0:00,1,3,3,3,05:20 Mon,16:01 Mon,17:01 Mon,"MIDIW","MIDIW",05:20 Mon,06:05 Mon,"MIDIW",06:05 Mon,"DD Trailer",17:01 Mon,"","MIDIW AM BAND 1 Weekly","44T MIDIW",5608,173,57,"","","MIDIW",0,0,0,2,0
29,1,1,"MIDIW",05:14 Mon,05:59 Mon,"236","Clifton","M27 8FU",07:00 Mon,09:00 Mon,09:00 Mon,09:54 Mon,0:54,"D","",3365,10,2,3,12,1,"Store volume","SALT DOUBLE","","","",15:16 Mon,11:02,6:31,504,247,3:18,81.73,0:04,1,1,1,1,05:14 Mon,15:16 Mon,16:16 Mon,"MIDIW","MIDIW",05:14 Mon,05:59 Mon,"MIDIW",05:59 Mon,"DD Trailer",16:16 Mon,"","MIDIW AM BAND 1 Weekly","44T MIDIW",5654,13,244,"020 8813 7441","","WAKEIW",1424,0,11,0,5961
29,1,2,"MIDIW",05:14 Mon,05:59 Mon,"284","Bury","BL9 5AQ",11:00 Mon,13:00 Mon,11:00 Mon,11:58 Mon,0:58,"D","",4354,11,3,2,14,1,"Store volume","SALT DOUBLE","","","",15:16 Mon,11:02,6:31,504,247,3:18,81.73,0:04,1,2,2,2,05:14 Mon,15:16 Mon,16:16 Mon,"MIDIW","MIDIW",05:14 Mon,05:59 Mon,"MIDIW",05:59 Mon,"DD Trailer",16:16 Mon,"","MIDIW AM BAND 1 Weekly","44T MIDIW",5679,247,13,"01617 639960","","WAKEIW",1329,0,14,0,10157
30,1,1,"WAKEIW",04:12 Mon,04:57 Mon,"251","Lancaster","LA3 3FE",07:00 Mon,09:00 Mon,07:00 Mon,07:54 Mon,0:54,"D","",3724,10,2,2,12,1,"Store volume","WAKE DOUBLE","","","",13:47 Mon,10:35,4:54,371,143,1:47,78.40,0:00,1,1,1,1,04:12 Mon,13:47 Mon,14:47 Mon,"WAKEIW","WAKEIW",04:12 Mon,04:57 Mon,"WAKEIW",04:57 Mon,"DD Trailer",14:47 Mon,"","WAKEIW AM BAND 1 Weekly","44T WAKEIW",5661,43,160,"01634 406 060","","WAKEIW",2053,0,11,0,10782
30,1,2,"WAKEIW",04:12 Mon,04:57 Mon,"273","Preston","PR1 7RF",07:30 Mon,09:30 Mon,08:35 Mon,10:35 Mon,2:00,"D","",9372,16,4,3,20,1,"Store volume","WAKE DOUBLE","","","",13:47 Mon,10:35,4:54,371,143,1:47,78.40,0:00,1,2,2,2,04:12 Mon,13:47 Mon,14:47 Mon,"WAKEIW","WAKEIW",04:12 Mon,04:57 Mon,"WAKEIW",04:57 Mon,"DD Trailer",14:47 Mon,"","WAKEIW AM BAND 1 Weekly","44T WAKEIW",5674,25,43,"01228 596880","","WAKEIW",2960,0,19,0,17554
30,1,3,"WAKEIW",04:12 Mon,04:57 Mon,"296","Blackpool","FY3 9TN",09:00 Mon,11:00 Mon,10:58 Mon,12:00 Mon,1:02,"D","",8088,12,4,3,16,1,"Store volume","WAKE DOUBLE","","","",13:47 Mon,10:35,4:54,371,143,1:47,78.40,0:00,1,3,3,3,04:12 Mon,13:47 Mon,14:47 Mon,"WAKEIW","WAKEIW",04:12 Mon,04:57 Mon,"WAKEIW",04:57 Mon,"DD Trailer",14:47 Mon,"","WAKEIW AM BAND 1 Weekly","44T WAKEIW",5683,143,25,"0141 778 2984","","WAKEIW",1707,0,16,0,13200
31,1,1,"WAKEIW",05:51 Mon,06:36 Mon,"431","Chorley","PR7 2BN",08:00 Mon,10:00 Mon,08:00 Mon,09:04 Mon,1:04,"D","",9699,15,2,3,17,1,"Store volume","WAKE DOUBLE","","","",15:56 Mon,11:05,5:01,357,157,1:56,82.10,0:00,1,1,1,1,05:51 Mon,15:56 Mon,16:56 Mon,"WAKEIW","WAKEIW",05:51 Mon,06:36 Mon,"WAKEIW",06:36 Mon,"DD Trailer",16:56 Mon,"","WAKEIW AM BAND 1 Weekly","44T WAKEIW",5732,16,102,"","","WAKEIW",2274,0,16,0,18981
31,1,2,"WAKEIW",05:51 Mon,06:36 Mon,"289","Wigan","WN5 0UH",08:00 Mon,10:00 Mon,09:30 Mon,10:24 Mon,0:54,"D","",6352,10,2,2,12,1,"Store volume","WAKE DOUBLE","","","",15:56 Mon,11:05,5:01,357,157,1:56,82.10,0:00,1,2,2,2,05:51 Mon,15:56 Mon,16:56 Mon,"WAKEIW","WAKEIW",05:51 Mon,06:36 Mon,"WAKEIW",06:36 Mon,"DD Trailer",16:56 Mon,"","WAKEIW AM BAND 1 Weekly","44T WAKEIW",5680,21,16,"020 8974 6349","","WAKEIW",1395,0,12,0,10216
31,1,3,"WAKEIW",05:51 Mon,06:36 Mon,"301","Warrington","WA2 7XA",09:45 Mon,11:45 Mon,10:48 Mon,12:36 Mon,1:48,"D","",5942,11,3,3,14,1,"Store volume","WAKE DOUBLE","","","",15:56 Mon,11:05,5:01,357,157,1:56,82.10,0:00,1,3,3,3,05:51 Mon,15:56 Mon,16:56 Mon,"WAKEIW","WAKEIW",05:51 Mon,06:36 Mon,"WAKEIW",06:36 Mon,"DD Trailer",16:56 Mon,"","WAKEIW AM BAND 1 Weekly","44T WAKEIW",5685,157,21,"0151 524 0108","","MIDIW",1590,0,13,0,8776
31,1,4,"WAKEIW",05:51 Mon,06:36 Mon,"10005","BOSTICK DALTON","YO7 3HE",00:01 Mon,23:59 Mon,14:32 Mon,15:05 Mon,0:33,"C","Collection Date -20/02/2017",5000,9,0,0,9,3,"Backhaul volume","WAKE DOUBLE","761772","Annie Venables - 01785 272727","annie.venables@bostik.com",15:56 Mon,11:05,5:01,357,157,1:56,82.10,0:00,1,4,4,4,05:51 Mon,15:56 Mon,16:56 Mon,"WAKEIW","WAKEIW",05:51 Mon,06:36 Mon,"WAKEIW",06:36 Mon,"DD Trailer",16:56 Mon,"","WAKEIW AM BAND 1 Weekly","44T WAKEIW",5615,61,157,"","","WAKEIW",0,0,0,2,0
32,1,1,"WAKEIW",04:05 Mon,04:50 Mon,"253","Carlisle","CA1 1JD",07:00 Mon,08:00 Mon,07:34 Mon,08:32 Mon,0:58,"D","",8141,12,2,2,14,1,"Store volume","WAKE DOUBLE","","","",14:41 Mon,11:36,7:03,523,256,3:20,85.93,0:00,1,1,1,1,04:05 Mon,14:41 Mon,15:41 Mon,"WAKEIW","WAKEIW",04:05 Mon,04:50 Mon,"WAKEIW",04:50 Mon,"DD Trailer",15:41 Mon,"","WAKEIW AM BAND 1 Weekly","44T WAKEIW",5662,57,209,"01228 596880","","WAKEIW",2205,0,13,0,14545
32,1,2,"WAKEIW",04:05 Mon,04:50 Mon,"365","Dumfries","",09:00 Mon,11:00 Mon,09:31 Mon,11:21 Mon,1:50,"D","",5560,13,2,4,15,1,"Store volume","WAKE DOUBLE","","","",14:41 Mon,11:36,7:03,523,256,3:20,85.93,0:00,1,2,2,2,04:05 Mon,14:41 Mon,15:41 Mon,"WAKEIW","WAKEIW",04:05 Mon,04:50 Mon,"WAKEIW",04:50 Mon,"DD Trailer",15:41 Mon,"","WAKEIW AM BAND 1 Weekly","44T WAKEIW",5714,256,57,"","","WAKEIW",1762,0,15,0,11524
33,1,1,"BELOB",06:23 Mon,06:53 Mon,"354","Edinburgh","EH11 2SL",07:30 Mon,09:30 Mon,07:48 Mon,09:00 Mon,1:12,"D","",9393,17,4,4,21,1,"Store volume","BELLS DOUBLE","","","",14:53 Mon,9:00,4:06,282,95,1:13,66.67,0:00,1,1,1,1,06:23 Mon,14:53 Mon,15:23 Mon,"BELOB","BELOB",06:23 Mon,06:53 Mon,"BELOB",06:53 Mon,"DD Trailer",15:23 Mon,"","BELOB AM Weekly","44T BELOB",5712,91,57,"","","BELOB",2755,0,20,0,17965
33,1,2,"BELOB",06:23 Mon,06:53 Mon,"258","Dundee","DD4 7XE",08:30 Mon,10:30 Mon,10:22 Mon,11:16 Mon,0:54,"D","",5467,10,2,2,12,1,"Store volume","BELLS DOUBLE","","","",14:53 Mon,9:00,4:06,282,95,1:13,66.67,0:00,1,2,2,2,06:23 Mon,14:53 Mon,15:23 Mon,"BELOB","BELOB",06:23 Mon,06:53 Mon,"BELOB",06:53 Mon,"DD Trailer",15:23 Mon,"","BELOB AM Weekly","44T BELOB",5665,38,91,"01306 877 687","","BELOB",1880,0,11,0,10113
33,1,3,"BELOB",06:23 Mon,06:53 Mon,"248","Perth","PH1 5XD",10:00 Mon,12:00 Mon,11:52 Mon,13:40 Mon,1:48,"D","",4856,12,2,2,14,1,"Store volume","BELLS DOUBLE","","","",14:53 Mon,9:00,4:06,282,95,1:13,66.67,0:00,1,3,3,3,06:23 Mon,14:53 Mon,15:23 Mon,"BELOB","BELOB",06:23 Mon,06:53 Mon,"BELOB",06:53 Mon,"DD Trailer",15:23 Mon,"","BELOB AM Weekly","44T BELOB",5660,95,38,"01782 747661","","BELOB",1684,0,13,0,8421
34,1,1,"WAKEIW",04:05 Mon,04:50 Mon,"352","Glasgow","G32 8XP",09:00 Mon,11:00 Mon,09:09 Mon,10:59 Mon,1:50,"D","",8134,12,3,3,15,1,"Store volume","WAKE DOUBLE","","","",15:15 Mon,13:00,8:35,699,346,4:16,96.30,0:00,1,1,1,1,04:05 Mon,15:15 Mon,17:05 Mon,"WAKEIW","WAKEIW",04:05 Mon,04:50 Mon,"WAKEIW",04:50 Mon,"DD Trailer",17:05 Mon,"","WAKEIW AM BAND 1 Weekly","44T WAKEIW",5710,346,353,"","","BELOB",2038,0,15,0,16289
35,1,1,"WAKEIW",06:06 Mon,06:51 Mon,"348","Newcastle","NE5 2SF",09:00 Mon,11:00 Mon,09:00 Mon,10:06 Mon,1:06,"D","",10588,12,6,3,18,1,"Store volume","WAKE DOUBLE","","","",14:33 Mon,9:27,4:38,349,171,2:15,70.00,0:00,1,1,1,1,06:06 Mon,14:33 Mon,15:33 Mon,"WAKEIW","WAKEIW",06:06 Mon,06:51 Mon,"WAKEIW",06:51 Mon,"DD Trailer",15:33 Mon,"","WAKEIW AM BAND 2 Weekly","44T WAKEIW",5707,7,171,"","","WAKEIW",1854,0,18,0,17053
35,1,2,"WAKEIW",06:06 Mon,06:51 Mon,"423","South Gosforth","NE7 7LX",10:00 Mon,12:00 Mon,10:20 Mon,11:28 Mon,1:08,"D","",9623,15,4,2,19,1,"Store volume","WAKE DOUBLE","","","",14:33 Mon,9:27,4:38,349,171,2:15,70.00,0:00,1,2,2,2,06:06 Mon,14:33 Mon,15:33 Mon,"WAKEIW","WAKEIW",06:06 Mon,06:51 Mon,"WAKEIW",06:51 Mon,"DD Trailer",15:33 Mon,"","WAKEIW AM BAND 2 Weekly","44T WAKEIW",5730,171,7,"","","WAKEIW",2578,0,19,0,18720
36,1,1,"WAKEIW",05:41 Mon,06:26 Mon,"226","Stockton","TS18 2RB",07:30 Mon,09:30 Mon,07:49 Mon,08:55 Mon,1:06,"D","",7291,13,5,2,18,1,"Store volume","WAKE DOUBLE","","","",14:39 Mon,9:57,4:18,335,161,2:05,73.70,0:00,1,1,1,1,05:41 Mon,14:39 Mon,15:39 Mon,"WAKEIW","WAKEIW",05:41 Mon,06:26 Mon,"WAKEIW",06:26 Mon,"DD Trailer",15:39 Mon,"","WAKEIW AM BAND 1 Weekly","44T WAKEIW",5650,46,114,"01642 633136","","WAKEIW",1547,0,18,0,15541
36,1,2,"WAKEIW",05:41 Mon,06:26 Mon,"254","Sunderland","SR5 3NU",09:30 Mon,11:30 Mon,09:30 Mon,10:26 Mon,0:56,"D","",4407,11,2,3,13,1,"Store volume","WAKE DOUBLE","","","",14:39 Mon,9:57,4:18,335,161,2:05,73.70,0:00,1,2,2,2,05:41 Mon,14:39 Mon,15:39 Mon,"WAKEIW","WAKEIW",05:41 Mon,06:26 Mon,"WAKEIW",06:26 Mon,"DD Trailer",15:39 Mon,"","WAKEIW AM BAND 1 Weekly","44T WAKEIW",5663,13,46,"0161 727 9277","","WAKEIW",1582,0,12,0,8410
36,1,3,"WAKEIW",05:41 Mon,06:26 Mon,"441","South Shields","NE33 1RD",09:00 Mon,11:00 Mon,10:42 Mon,12:34 Mon,1:52,"D","",9752,13,3,2,16,1,"Store volume","WAKE DOUBLE","","","",14:39 Mon,9:57,4:18,335,161,2:05,73.70,0:00,1,3,3,3,05:41 Mon,14:39 Mon,15:39 Mon,"WAKEIW","WAKEIW",05:41 Mon,06:26 Mon,"WAKEIW",06:26 Mon,"DD Trailer",15:39 Mon,"","WAKEIW AM BAND 1 Weekly","44T WAKEIW",5733,161,13,"","","WAKEIW",2980,0,15,0,18722
37,1,1,"WAKEIW",04:45 Mon,05:30 Mon,"259","Darlington","DL1 2BJ",07:00 Mon,09:00 Mon,07:00 Mon,08:02 Mon,1:02,"D","",3390,14,2,5,16,1,"Store volume","WAKE DOUBLE","","","",14:00 Mon,10:15,4:58,340,58,1:00,75.93,0:00,1,1,1,1,04:45 Mon,14:00 Mon,15:00 Mon,"WAKEIW","WAKEIW",04:45 Mon,05:30 Mon,"WAKEIW",05:30 Mon,"DD Trailer",15:00 Mon,"","WAKEIW AM BAND 1 Weekly","44T WAKEIW",5666,82,114,"01325 360555","","WAKEIW",1580,0,16,0,11465
37,1,2,"WAKEIW",04:45 Mon,05:30 Mon,"471","York","YO30 4XB",07:00 Mon,09:00 Mon,09:18 Mon,11:08 Mon,1:50,"D","",7916,12,3,2,15,1,"Store volume","WAKE DOUBLE","","","",14:00 Mon,10:15,4:58,340,58,1:00,75.93,0:00,1,2,2,2,04:45 Mon,14:00 Mon,15:00 Mon,"WAKEIW","WAKEIW",04:45 Mon,05:30 Mon,"WAKEIW",05:30 Mon,"DD Trailer",15:00 Mon,"","WAKEIW AM BAND 1 Weekly","44T WAKEIW",5744,58,82,"","","WAKEIW",2092,0,15,0,12605
37,1,3,"WAKEIW",04:45 Mon,05:30 Mon,"10054","BARTOLINE (FILLERS)","HU17 0LA",00:01 Mon,23:59 Mon,12:08 Mon,12:48 Mon,0:40,"C","Collection Date -20/02/2017",5000,34,0,0,34,3,"Backhaul volume","WAKE DOUBLE","761678","Maggie Muller - 01482 678724","S.Control@bartoline.co.uk",14:00 Mon,10:15,4:58,340,58,1:00,75.93,0:00,1,3,3,3,04:45 Mon,14:00 Mon,15:00 Mon,"WAKEIW","WAKEIW",04:45 Mon,05:30 Mon,"WAKEIW",05:30 Mon,"DD Trailer",15:00 Mon,"","WAKEIW AM BAND 1 Weekly","44T WAKEIW",5602,87,58,"","","WAKEIW",0,0,0,2,0
38,1,1,"MIDIW",02:54 Mon,03:39 Mon,"461","West Wickham","BR4 9HT",06:00 Mon,06:30 Mon,06:00 Mon,07:06 Mon,1:06,"D","",6265,15,3,2,18,1,"Store volume","SALT DOUBLE","","","",11:27 Mon,9:33,4:58,339,144,1:51,79.58,0:00,1,1,1,1,02:54 Mon,11:27 Mon,12:27 Mon,"MIDIW","MIDIW",02:54 Mon,03:39 Mon,"MIDIW",03:39 Mon,"DD Trailer",12:27 Mon,"","AGENCY AM Weekly","44T MIDIW",5740,23,172,"","","MIDIW",2967,0,18,0,15503
38,1,2,"MIDIW",02:54 Mon,03:39 Mon,"309","Epsom","KT17 1EQ",06:00 Mon,08:00 Mon,07:52 Mon,09:36 Mon,1:44,"D","",2852,10,2,3,12,1,"Store volume","SALT DOUBLE","","","",11:27 Mon,9:33,4:58,339,144,1:51,79.58,0:00,1,2,2,2,02:54 Mon,11:27 Mon,12:27 Mon,"MIDIW","MIDIW",02:54 Mon,03:39 Mon,"MIDIW",03:39 Mon,"DD Trailer",12:27 Mon,"","AGENCY AM Weekly","44T MIDIW",5687,144,23,"01372 748890","","MIDIW",1855,0,11,0,7819
39,1,1,"MIDIW",04:05 Mon,04:50 Mon,"414","Ealing","W5 4QS",06:00 Mon,08:00 Mon,06:33 Mon,07:43 Mon,1:10,"D","",11761,17,3,3,20,1,"Store volume","SALT DOUBLE","","","",11:09 Mon,11:30,5:28,366,185,2:32,85.19,0:00,2,1,1,1,04:05 Mon,11:09 Mon,11:39 Mon,"MIDIW","MIDIW",04:05 Mon,04:50 Mon,"MIDIW",04:50 Mon,"DD Trailer",15:34 Mon,"","MIDIW AM BAND 1 Weekly","44T MIDIW",5727,4,106,"","","MIDIW",3333,0,20,0,21136
39,1,2,"MIDIW",04:05 Mon,04:50 Mon,"73","Hanwell","W7 3SA",07:45 Mon,09:45 Mon,07:53 Mon,08:49 Mon,0:56,"D","",6730,10,3,2,13,1,"Store volume","SALT DOUBLE","","","",11:09 Mon,11:30,5:28,366,185,2:32,85.19,0:00,2,2,2,2,04:05 Mon,11:09 Mon,11:39 Mon,"MIDIW","MIDIW",04:05 Mon,04:50 Mon,"MIDIW",04:50 Mon,"DD Trailer",15:34 Mon,"","MIDIW AM BAND 1 Weekly","44T MIDIW",5635,114,4,"020 8450 9025","","MIDIW",2385,0,13,0,12598
39,2,1,"MIDIW",04:05 Mon,11:54 Mon,"10006","BOSTICK LEICESTER","LE4 6BW",00:01 Mon,23:59 Mon,12:56 Mon,13:32 Mon,0:36,"C","Collection Date -20/02/2017",5000,20,0,0,20,3,"Backhaul volume","SALT DOUBLE","762096","Annie Venables - 01785 272727","annie.venables@bostik.com",14:34 Mon,11:30,5:28,366,185,2:32,85.19,0:00,2,3,3,1,11:39 Mon,14:34 Mon,15:34 Mon,"MIDIW","MIDIW",11:39 Mon,11:54 Mon,"MIDIW",11:54 Mon,"DD Trailer",15:34 Mon,"","MIDIW AM BAND 1 Weekly","44T MIDIW",5620,71,70,"","","",0,0,0,2,0
40,1,1,"MIDIW",03:30 Mon,04:15 Mon,"93","Dartford","DA1 1UP",06:00 Mon,08:00 Mon,06:09 Mon,07:19 Mon,1:10,"D","",12415,17,3,3,20,1,"Store volume","SALT DOUBLE","","","",12:24 Mon,9:54,4:59,332,164,2:24,99.00,0:00,1,1,1,1,03:30 Mon,12:24 Mon,13:24 Mon,"MIDIW","MIDIW",03:30 Mon,04:15 Mon,"MIDIW",04:15 Mon,"DD Trailer",13:24 Mon,"","MIDIW NIGHT BAND 3 Weekly","44T MIDIW",5644,22,145,"01132 554633","","MIDIW",4185,0,19,0,21272
40,1,2,"MIDIW",03:30 Mon,04:15 Mon,"466","Charlton","SE7 7SE",08:00 Mon,10:00 Mon,08:00 Mon,10:00 Mon,2:00,"D","",10256,17,3,2,20,1,"Store volume","SALT DOUBLE","","","",12:24 Mon,9:54,4:59,332,164,2:24,99.00,0:00,1,2,2,2,03:30 Mon,12:24 Mon,13:24 Mon,"MIDIW","MIDIW",03:30 Mon,04:15 Mon,"MIDIW",04:15 Mon,"DD Trailer",13:24 Mon,"","MIDIW NIGHT BAND 3 Weekly","44T MIDIW",5741,164,22,"","","MIDIW",3410,0,20,0,18781
41,1,1,"MIDIW",03:59 Mon,04:44 Mon,"237","Hanger Lane","W5 1DN",06:00 Mon,08:00 Mon,06:13 Mon,07:19 Mon,1:06,"D","",9084,15,3,3,18,1,"Store volume","SALT DOUBLE","","","",12:38 Mon,9:39,3:35,249,115,1:25,96.50,0:23,1,1,1,1,03:59 Mon,12:38 Mon,13:38 Mon,"MIDIW","MIDIW",03:59 Mon,04:44 Mon,"MIDIW",04:44 Mon,"DD Trailer",13:38 Mon,"","MIDIW NIGHT BAND 3 Weekly","44T MIDIW",5655,11,102,"0161 633 3100","","MIDIW",2236,0,17,0,15312
41,1,2,"MIDIW",03:59 Mon,04:44 Mon,"222","Hayes","UB4 0UP",08:00 Mon,10:00 Mon,08:00 Mon,09:00 Mon,1:00,"D","",8066,11,4,2,15,1,"Store volume","SALT DOUBLE","","","",12:38 Mon,9:39,3:35,249,115,1:25,96.50,0:23,1,2,2,2,03:59 Mon,12:38 Mon,13:38 Mon,"MIDIW","MIDIW",03:59 Mon,04:44 Mon,"MIDIW",04:44 Mon,"DD Trailer",13:38 Mon,"","MIDIW NIGHT BAND 3 Weekly","44T MIDIW",5649,21,11,"01904 610652","","MIDIW",2040,0,14,0,11806
41,1,3,"MIDIW",03:59 Mon,04:44 Mon,"340","Slough","SL1 4UN",08:00 Mon,10:00 Mon,09:23 Mon,11:13 Mon,1:50,"D","",4736,13,2,3,15,1,"Store volume","SALT DOUBLE","","","",12:38 Mon,9:39,3:35,249,115,1:25,96.50,0:23,1,3,3,3,03:59 Mon,12:38 Mon,13:38 Mon,"MIDIW","MIDIW",03:59 Mon,04:44 Mon,"MIDIW",04:44 Mon,"DD Trailer",13:38 Mon,"","MIDIW NIGHT BAND 3 Weekly","44T MIDIW",5704,115,21,"","","MIDIW",1093,0,15,0,10607
42,1,1,"MIDIW",05:04 Mon,05:49 Mon,"409","Brentwood","CM14 5LX",07:00 Mon,09:00 Mon,07:22 Mon,08:18 Mon,0:56,"D","",4273,11,2,2,13,1,"Store volume","SALT DOUBLE","","","",13:58 Mon,9:54,3:57,258,89,1:25,82.50,0:00,1,1,1,1,05:04 Mon,13:58 Mon,14:58 Mon,"MIDIW","MIDIW",05:04 Mon,05:49 Mon,"MIDIW",05:49 Mon,"DD Trailer",14:58 Mon,"","AGENCY AM Weekly","44T MIDIW",5724,29,124,"","","MIDIW",1560,0,12,0,7699
42,1,2,"MIDIW",05:04 Mon,05:49 Mon,"337","Harlow","CM20 2SU",07:30 Mon,09:30 Mon,08:53 Mon,09:51 Mon,0:58,"D","",5035,12,2,3,14,1,"Store volume","SALT DOUBLE","","","",13:58 Mon,9:54,3:57,258,89,1:25,82.50,0:00,1,2,2,2,05:04 Mon,13:58 Mon,14:58 Mon,"MIDIW","MIDIW",05:04 Mon,05:49 Mon,"MIDIW",05:49 Mon,"DD Trailer",14:58 Mon,"","AGENCY AM Weekly","44T MIDIW",5702,15,29,"01372 748890","","MIDIW",1828,0,14,0,9375
42,1,3,"MIDIW",05:04 Mon,05:49 Mon,"453","Hertford","SG13 7RQ",10:15 Mon,12:15 Mon,10:15 Mon,12:33 Mon,2:18,"D","",14870,25,4,4,29,1,"Store volume","SALT DOUBLE","","","",13:58 Mon,9:54,3:57,258,89,1:25,82.50,0:00,1,3,3,3,05:04 Mon,13:58 Mon,14:58 Mon,"MIDIW","MIDIW",05:04 Mon,05:49 Mon,"MIDIW",05:49 Mon,"DD Trailer",14:58 Mon,"","AGENCY AM Weekly","44T MIDIW",5737,89,15,"","","MIDIW",6242,0,29,0,28668
43,1,1,"MIDIW",06:00 Mon,06:45 Mon,"96","Hemel Hempstead","HP3 9SR",07:00 Mon,09:00 Mon,08:08 Mon,10:08 Mon,2:00,"D","",24950,34,11,3,45,1,"Store volume","SALT DOUBLE","","","",12:50 Mon,8:57,3:03,165,42,0:48,66.30,0:00,2,1,1,1,06:00 Mon,12:50 Mon,13:20 Mon,"MIDIW","MIDIW",06:00 Mon,06:45 Mon,"MIDIW",06:45 Mon,"DD Trailer",14:57 Mon,"","MIDIW AM BAND 2 Weekly","44T MIDIW",5645,38,73,"01233 502 088","","MIDIW",14499,0,45,0,53914
43,1,2,"MIDIW",06:00 Mon,06:45 Mon,"10043","S.B.D","MK45 5BY",00:01 Mon,23:59 Mon,10:46 Mon,11:20 Mon,0:34,"C","Collection Date -20/02/2017",5000,14,0,0,14,3,"Backhaul volume","SALT DOUBLE","762141/5190008826","Lee Robinson - 7733119818","lee.robinson@netweber.co.uk",12:50 Mon,8:57,3:03,165,42,0:48,66.30,0:00,2,2,2,2,06:00 Mon,12:50 Mon,13:20 Mon,"MIDIW","MIDIW",06:00 Mon,06:45 Mon,"MIDIW",06:45 Mon,"DD Trailer",14:57 Mon,"","MIDIW AM BAND 2 Weekly","44T MIDIW",5623,45,38,"","","MIDIW",0,0,0,2,0
43,2,1,"MIDIW",06:00 Mon,13:35 Mon,"PANASONIC","PANASONIC","NN4 7BW",00:01 Mon,23:59 Mon,13:47 Mon,13:47 Mon,0:00,"D","",0,0,0,0,40,3,"Backhaul volume","SALT DOUBLE","","","",13:57 Mon,8:57,3:03,165,42,0:48,66.30,0:00,2,3,3,1,13:20 Mon,13:57 Mon,14:57 Mon,"MIDIW","MIDIW",13:20 Mon,13:35 Mon,"MIDIW",13:35 Mon,"DD Trailer",14:57 Mon,"","MIDIW AM BAND 2 Weekly","44T MIDIW",5591,4,5,"","","",0,0,0,0,0
44,1,1,"MIDIW",11:58 Mon,12:43 Mon,"281","Blackheath","SE10 8DA",13:00 Mon,15:00 Mon,15:00 Mon,15:52 Mon,0:52,"D","",4958,9,2,2,11,1,"Store volume","SALT DOUBLE","","","",20:45 Mon,9:47,5:10,295,130,1:45,72.47,0:00,1,1,1,1,11:58 Mon,20:45 Mon,21:45 Mon,"MIDIW","MIDIW",11:58 Mon,12:43 Mon,"MIDIW",12:43 Mon,"DD Trailer",21:45 Mon,"","MIDIW AM BAND 4 Weekly","44T MIDIW",5678,20,145,"02086 921352","","MIDIW",1684,0,11,0,8799
44,1,2,"MIDIW",11:58 Mon,12:43 Mon,"297","Barking","IG11 8BL",17:00 Mon,19:00 Mon,17:00 Mon,19:00 Mon,2:00,"D","",12058,15,5,3,20,1,"Store volume","SALT DOUBLE","","","",20:45 Mon,9:47,5:10,295,130,1:45,72.47,0:00,1,2,2,2,11:58 Mon,20:45 Mon,21:45 Mon,"MIDIW","MIDIW",11:58 Mon,12:43 Mon,"MIDIW",12:43 Mon,"DD Trailer",21:45 Mon,"","MIDIW AM BAND 4 Weekly","44T MIDIW",5684,130,20,"01772 556487","","MIDIW",1788,0,20,0,16513
45,1,1,"MIDIW",04:31 Mon,05:16 Mon,"91","Tottenham","N15 5NH",06:30 Mon,08:30 Mon,06:52 Mon,07:56 Mon,1:04,"D","",8649,14,3,3,17,1,"Store volume","SALT DOUBLE","","","",11:32 Mon,8:01,3:18,213,79,0:59,66.81,0:00,1,1,1,1,04:31 Mon,11:32 Mon,12:32 Mon,"MIDIW","MIDIW",04:31 Mon,05:16 Mon,"MIDIW",05:16 Mon,"DD Trailer",12:32 Mon,"","AGENCY AM Weekly","44T MIDIW",5643,29,105,"020 88009966","","MIDIW",2076,0,17,0,13406
45,1,2,"MIDIW",04:31 Mon,05:16 Mon,"397","Watford (New)","WD25 8HL",07:00 Mon,09:00 Mon,08:39 Mon,09:43 Mon,1:04,"D","",7712,14,3,3,17,1,"Store volume","SALT DOUBLE","","","",11:32 Mon,8:01,3:18,213,79,0:59,66.81,0:00,1,2,2,2,04:31 Mon,11:32 Mon,12:32 Mon,"MIDIW","MIDIW",04:31 Mon,05:16 Mon,"MIDIW",05:16 Mon,"DD Trailer",12:32 Mon,"","AGENCY AM Weekly","44T MIDIW",5720,79,29,"","","MIDIW",2093,0,17,0,13010
46,1,1,"MIDIW",06:35 Mon,07:20 Mon,"266","Kingston","KT2 6NU",08:00 Mon,10:00 Mon,09:32 Mon,10:38 Mon,1:06,"D","",8892,15,3,3,18,1,"Store volume","SALT DOUBLE","","","",14:28 Mon,8:53,4:02,260,122,1:32,65.80,0:00,1,1,1,1,06:35 Mon,14:28 Mon,15:28 Mon,"MIDIW","MIDIW",06:35 Mon,07:20 Mon,"MIDIW",07:20 Mon,"DD Trailer",15:28 Mon,"","MIDIW AM BAND 2 Weekly","44T MIDIW",5672,9,129,"01738 643985","","MIDIW",3438,0,17,0,15593
46,1,2,"MIDIW",06:35 Mon,07:20 Mon,"260","Hanworth","TW13 6JH",09:00 Mon,11:00 Mon,10:56 Mon,12:56 Mon,2:00,"D","",9412,16,4,3,20,1,"Store volume","SALT DOUBLE","","","",14:28 Mon,8:53,4:02,260,122,1:32,65.80,0:00,1,2,2,2,06:35 Mon,14:28 Mon,15:28 Mon,"MIDIW","MIDIW",06:35 Mon,07:20 Mon,"MIDIW",07:20 Mon,"DD Trailer",15:28 Mon,"","MIDIW AM BAND 2 Weekly","44T MIDIW",5667,122,9,"0131 669 6161","","MIDIW",2412,0,20,0,16078
47,1,1,"MIDIW",08:43 Mon,09:28 Mon,"261","Cannock","WS11 1DB",09:00 Mon,11:00 Mon,11:00 Mon,12:04 Mon,1:04,"D","",8894,15,2,3,17,1,"Store volume","SALT DOUBLE","","","",18:13 Mon,10:30,4:42,305,51,0:55,77.78,0:28,1,1,1,1,08:43 Mon,18:13 Mon,19:13 Mon,"MIDIW","MIDIW",08:43 Mon,09:28 Mon,"MIDIW",09:28 Mon,"DD Trailer",19:13 Mon,"","MIDIW AM BAND 3 Weekly","44T MIDIW",5668,27,114,"01992 622 223","","MIDIW",2729,0,16,0,15405
47,1,2,"MIDIW",08:43 Mon,09:28 Mon,"334","Perry Bar","B42 2ET",13:00 Mon,15:00 Mon,13:00 Mon,14:08 Mon,1:08,"D","",9308,16,3,4,19,1,"Store volume","SALT DOUBLE","","","",18:13 Mon,10:30,4:42,305,51,0:55,77.78,0:28,1,2,2,2,08:43 Mon,18:13 Mon,19:13 Mon,"MIDIW","MIDIW",08:43 Mon,09:28 Mon,"MIDIW",09:28 Mon,"DD Trailer",19:13 Mon,"","MIDIW AM BAND 3 Weekly","44T MIDIW",5701,51,27,"","","MIDIW",2130,0,18,0,18952
47,1,3,"MIDIW",08:43 Mon,09:28 Mon,"10028","L G HARRIS","B60 4AE",00:01 Mon,23:59 Mon,15:53 Mon,16:26 Mon,0:33,"C","Collection Date -20/02/2017",5000,12,0,0,12,3,"Backhaul volume","SALT DOUBLE","761585","MICHELE GREEN - 1527573315","micheleg@lgharris.co.uk",18:13 Mon,10:30,4:42,305,51,0:55,77.78,0:28,1,3,3,3,08:43 Mon,18:13 Mon,19:13 Mon,"MIDIW","MIDIW",08:43 Mon,09:28 Mon,"MIDIW",09:28 Mon,"DD Trailer",19:13 Mon,"","MIDIW AM BAND 3 Weekly","44T MIDIW",5601,113,51,"","","MIDIW",0,0,0,2,0
48,1,1,"MIDIW",05:59 Mon,06:44 Mon,"279","Bletchley","MK1 1BX",07:30 Mon,09:30 Mon,07:30 Mon,08:38 Mon,1:08,"D","",9257,15,4,3,19,1,"Store volume","SALT DOUBLE","","","",11:19 Mon,9:24,3:07,156,60,1:08,69.63,0:01,3,1,1,1,05:59 Mon,11:19 Mon,12:39 Mon,"MIDIW","MIDIW",05:59 Mon,06:44 Mon,"MIDIW",06:44 Mon,"DD Trailer",15:22 Mon,"","MIDIW AM BAND 1 Weekly","44T MIDIW",5677,53,34,"01325 360555","","MIDIW",3380,0,18,0,19009
48,1,2,"MIDIW",05:59 Mon,06:44 Mon,"277","Banbury","OX16 2RR",08:30 Mon,10:30 Mon,09:29 Mon,10:31 Mon,1:02,"D","",7562,13,3,3,16,1,"Store volume","SALT DOUBLE","","","",11:19 Mon,9:24,3:07,156,60,1:08,69.63,0:01,3,2,2,2,05:59 Mon,11:19 Mon,12:39 Mon,"MIDIW","MIDIW",05:59 Mon,06:44 Mon,"MIDIW",06:44 Mon,"DD Trailer",15:22 Mon,"","MIDIW AM BAND 1 Weekly","44T MIDIW",5675,51,53,"01159 673617","","MIDIW",2792,0,15,0,15362
48,2,1,"MIDIW",05:59 Mon,12:54 Mon,"PANASONIC","PANASONIC","NN4 7BW",00:01 Mon,23:59 Mon,13:05 Mon,13:05 Mon,0:00,"D","",0,0,0,0,40,3,"Backhaul volume","SALT DOUBLE","","","",13:15 Mon,9:24,3:07,156,60,1:08,69.63,0:01,3,3,3,1,12:39 Mon,13:15 Mon,13:45 Mon,"MIDIW","MIDIW",12:39 Mon,12:54 Mon,"MIDIW",12:54 Mon,"DD Trailer",15:22 Mon,"","MIDIW AM BAND 1 Weekly","44T MIDIW",5590,4,5,"","","",0,0,0,0,0
48,3,1,"MIDIW",05:59 Mon,14:00 Mon,"PANASONIC","PANASONIC","NN4 7BW",00:01 Mon,23:59 Mon,14:12 Mon,14:12 Mon,0:00,"D","",0,0,0,0,40,3,"Backhaul volume","SALT DOUBLE","","","",14:22 Mon,9:24,3:07,156,60,1:08,69.63,0:01,3,4,4,1,13:45 Mon,14:22 Mon,15:22 Mon,"MIDIW","MIDIW",13:45 Mon,14:00 Mon,"MIDIW",14:00 Mon,"DD Trailer",15:22 Mon,"","MIDIW AM BAND 1 Weekly","44T MIDIW",5592,4,5,"","","",0,0,0,0,0
49,1,1,"MIDIW",05:15 Mon,06:00 Mon,"10011","CONNECTIONS(Benchmarx)","NN4 7PN",00:01 Mon,23:59 Mon,06:05 Mon,06:05 Mon,0:00,"D","CONNECTIONS",0,0,0,0,1,1,"Store volume","SALT SINGLE","","","",06:10 Mon,8:32,3:10,175,62,1:04,63.21,0:00,2,1,1,1,05:15 Mon,06:10 Mon,06:40 Mon,"MIDIW","MIDIW",05:15 Mon,06:00 Mon,"MIDIW",06:00 Mon,"SD Trailer",13:48 Mon,"","MIDIW AM BAND 1 Weekly","44T MIDIW",5593,1,1,"","","MIDIW",0,0,0,0,0
49,2,1,"MIDIW",05:15 Mon,06:55 Mon,"456","Chesham","HP5 2AA",08:30 Mon,10:30 Mon,08:30 Mon,09:42 Mon,1:12,"D","",11729,18,3,3,21,1,"Store volume","SALT DOUBLE","","","",12:48 Mon,8:32,3:10,175,62,1:04,63.21,0:00,2,2,2,1,06:40 Mon,12:48 Mon,13:48 Mon,"MIDIW","MIDIW",06:40 Mon,06:55 Mon,"MIDIW",06:55 Mon,"DD Trailer",13:48 Mon,"","MIDIW AM BAND 1 Weekly","44T MIDIW",5738,26,86,"","","MIDIW",3442,0,21,0,23349
49,2,2,"MIDIW",05:15 Mon,06:55 Mon,"316","Aylesbury Extra","HP20 1DG",10:00 Mon,12:00 Mon,10:09 Mon,11:49 Mon,1:40,"D","",5664,8,2,2,10,1,"Store volume","SALT DOUBLE","","","",12:48 Mon,8:32,3:10,175,62,1:04,63.21,0:00,2,3,3,2,06:40 Mon,12:48 Mon,13:48 Mon,"MIDIW","MIDIW",06:40 Mon,06:55 Mon,"MIDIW",06:55 Mon,"DD Trailer",13:48 Mon,"","MIDIW AM BAND 1 Weekly","44T MIDIW",5690,61,26,"01296 399599","","MIDIW",1772,0,10,0,9606
50,1,1,"MIDIW",04:50 Mon,05:35 Mon,"457","Bishops Stortford","CM23 5PP",07:15 Mon,08:30 Mon,07:15 Mon,08:21 Mon,1:06,"D","",12989,16,2,2,18,1,"Store volume","SALT DOUBLE","","","",12:49 Mon,8:59,3:47,245,33,0:40,66.54,0:00,1,1,1,1,04:50 Mon,12:49 Mon,13:49 Mon,"MIDIW","MIDIW",04:50 Mon,05:35 Mon,"MIDIW",05:35 Mon,"DD Trailer",13:49 Mon,"","MIDIW AM BAND 1 Weekly","44T MIDIW",5739,39,128,"","","MIDIW",3282,0,18,0,20644
50,1,2,"MIDIW",04:50 Mon,05:35 Mon,"416","Stevenage","SG1 1XP",09:00 Mon,11:00 Mon,09:08 Mon,10:02 Mon,0:54,"D","",4111,10,2,2,12,1,"Store volume","SALT DOUBLE","","","",12:49 Mon,8:59,3:47,245,33,0:40,66.54,0:00,1,2,2,2,04:50 Mon,12:49 Mon,13:49 Mon,"MIDIW","MIDIW",04:50 Mon,05:35 Mon,"MIDIW",05:35 Mon,"DD Trailer",13:49 Mon,"","MIDIW AM BAND 1 Weekly","44T MIDIW",5729,33,39,"","","MIDIW",1518,0,12,0,10097
50,1,3,"MIDIW",04:50 Mon,05:35 Mon,"10043","S.B.D","MK45 5BY",00:01 Mon,23:59 Mon,11:32 Mon,12:09 Mon,0:37,"C","Collection Date -20/02/2017",5000,24,0,0,24,3,"Backhaul volume","SALT DOUBLE","762142/5190008827","Lee Robinson - 7733119818","lee.robinson@netweber.co.uk",12:49 Mon,8:59,3:47,245,33,0:40,66.54,0:00,1,3,3,3,04:50 Mon,12:49 Mon,13:49 Mon,"MIDIW","MIDIW",04:50 Mon,05:35 Mon,"MIDIW",05:35 Mon,"DD Trailer",13:49 Mon,"","MIDIW AM BAND 1 Weekly","44T MIDIW",5622,45,33,"","","MIDIW",0,0,0,2,0
51,1,1,"MIDIW",08:15 Mon,09:00 Mon,"238","St Albans","AL4 0JY",09:00 Mon,11:00 Mon,10:28 Mon,11:58 Mon,1:30,"D","",13977,26,4,5,30,1,"Store volume","SALT DOUBLE","","","",16:29 Mon,9:14,3:21,198,36,0:40,68.40,0:00,1,1,1,1,08:15 Mon,16:29 Mon,17:29 Mon,"MIDIW","MIDIW",08:15 Mon,09:00 Mon,"MIDIW",09:00 Mon,"DD Trailer",17:29 Mon,"","MIDIW AM BAND 3 Weekly","44T MIDIW",5656,29,81,"01727 857545","","MIDIW",4131,0,30,0,30425
51,1,2,"MIDIW",08:15 Mon,09:00 Mon,"398","Luton","LU1 3JH",11:00 Mon,13:00 Mon,12:30 Mon,13:28 Mon,0:58,"D","",3947,12,2,3,14,1,"Store volume","SALT DOUBLE","","","",16:29 Mon,9:14,3:21,198,36,0:40,68.40,0:00,1,2,2,2,08:15 Mon,16:29 Mon,17:29 Mon,"MIDIW","MIDIW",08:15 Mon,09:00 Mon,"MIDIW",09:00 Mon,"DD Trailer",17:29 Mon,"","MIDIW AM BAND 3 Weekly","44T MIDIW",5721,52,29,"","","MIDIW",1449,0,13,0,8175
51,1,3,"MIDIW",08:15 Mon,09:00 Mon,"264","Bedford","MK41 0UE",13:00 Mon,15:00 Mon,14:59 Mon,15:49 Mon,0:50,"D","",3137,8,2,2,10,1,"Store volume","SALT DOUBLE","","","",16:29 Mon,9:14,3:21,198,36,0:40,68.40,0:00,1,3,3,3,08:15 Mon,16:29 Mon,17:29 Mon,"MIDIW","MIDIW",08:15 Mon,09:00 Mon,"MIDIW",09:00 Mon,"DD Trailer",17:29 Mon,"","MIDIW AM BAND 3 Weekly","44T MIDIW",5670,36,52,"01202 590 709","","MIDIW",1282,0,10,0,6515
52,1,1,"MIDIW",12:54 Mon,13:39 Mon,"214","Merton","SW19 3XD",14:00 Mon,16:00 Mon,15:40 Mon,16:44 Mon,1:04,"D","",5475,15,2,4,17,1,"Store volume","SALT DOUBLE","","","",21:00 Mon,9:07,4:20,269,116,2:02,75.97,0:00,1,1,1,1,12:54 Mon,21:00 Mon,22:00 Mon,"MIDIW","MIDIW",12:54 Mon,13:39 Mon,"MIDIW",13:39 Mon,"DD Trailer",22:00 Mon,"","MIDIW PM BAND 1 Weekly","44T MIDIW",5647,3,150,"01279 422 322","","MIDIW",2627,0,17,0,15125
52,1,2,"MIDIW",12:54 Mon,13:39 Mon,"59","Wimbledon","SW17 0BW",17:00 Mon,19:00 Mon,17:00 Mon,18:08 Mon,1:08,"D","",10592,16,3,3,19,1,"Store volume","SALT DOUBLE","","","",21:00 Mon,9:07,4:20,269,116,2:02,75.97,0:00,1,2,2,2,12:54 Mon,21:00 Mon,22:00 Mon,"MIDIW","MIDIW",12:54 Mon,13:39 Mon,"MIDIW",13:39 Mon,"DD Trailer",22:00 Mon,"","MIDIW PM BAND 1 Weekly","44T MIDIW",5632,116,3,"020 8947 9818","","MIDIW",2628,0,19,0,18298
53,1,1,"MIDIW",12:00 Mon,12:45 Mon,"310","Erith","DA8 1QX",13:00 Mon,15:00 Mon,14:53 Mon,16:21 Mon,1:28,"D","",22364,21,8,3,29,1,"Store volume","SALT DOUBLE","","","",19:24 Mon,8:24,4:21,301,151,2:13,70.00,0:00,1,1,1,1,12:00 Mon,19:24 Mon,20:24 Mon,"MIDIW","MIDIW",12:00 Mon,12:45 Mon,"MIDIW",12:45 Mon,"DD Trailer",20:24 Mon,"","MIDIW PM BAND 1 Weekly","44T MIDIW",5688,151,150,"01322 439762","","MIDIW",3869,0,29,0,34348
54,1,1,"MIDIW",12:31 Mon,13:16 Mon,"330","Uxbridge","UB8 1JS",12:30 Mon,14:30 Mon,14:30 Mon,15:32 Mon,1:02,"D","",9645,14,2,2,16,1,"Store volume","SALT DOUBLE","","","",19:31 Mon,7:59,3:05,213,101,1:31,66.53,0:07,1,1,1,1,12:31 Mon,19:31 Mon,20:31 Mon,"MIDIW","MIDIW",12:31 Mon,13:16 Mon,"MIDIW",13:16 Mon,"DD Trailer",20:31 Mon,"","MIDIW PM BAND 1 Weekly","44T MIDIW",5700,13,100,"0151 647 0922","","MIDIW",4128,0,15,0,19461
54,1,2,"MIDIW",12:31 Mon,13:16 Mon,"78","Ruislip","HA4 0QB",16:00 Mon,18:00 Mon,16:00 Mon,17:10 Mon,1:10,"D","",12072,15,5,3,20,1,"Store volume","SALT DOUBLE","","","",19:31 Mon,7:59,3:05,213,101,1:31,66.53,0:07,1,2,2,2,12:31 Mon,19:31 Mon,20:31 Mon,"MIDIW","MIDIW",12:31 Mon,13:16 Mon,"MIDIW",13:16 Mon,"DD Trailer",20:31 Mon,"","MIDIW PM BAND 1 Weekly","44T MIDIW",5636,101,13,"02084 227090","","MIDIW",2871,0,19,0,16355
55,1,1,"MIDIW",13:30 Mon,14:15 Mon,"243","Waltham Cross","EN8 7BF",13:30 Mon,15:30 Mon,15:29 Mon,16:29 Mon,1:00,"D","",5961,12,3,3,15,1,"Store volume","SALT DOUBLE","","","",19:55 Mon,7:25,2:46,209,90,1:12,61.81,0:00,1,1,1,1,13:30 Mon,19:55 Mon,20:55 Mon,"MIDIW","MIDIW",13:30 Mon,14:15 Mon,"MIDIW",14:15 Mon,"DD Trailer",20:55 Mon,"","MIDIW PM BAND 1 Weekly","44T MIDIW",5658,20,100,"023 9223 1919","","MIDIW",2022,0,14,0,14434
55,1,2,"MIDIW",13:30 Mon,14:15 Mon,"467","Borehamwood","WD6 1RX",15:00 Mon,17:00 Mon,16:49 Mon,17:53 Mon,1:04,"D","",6892,15,2,3,17,1,"Store volume","SALT DOUBLE","","","",19:55 Mon,7:25,2:46,209,90,1:12,61.81,0:00,1,2,2,2,13:30 Mon,19:55 Mon,20:55 Mon,"MIDIW","MIDIW",13:30 Mon,14:15 Mon,"MIDIW",14:15 Mon,"DD Trailer",20:55 Mon,"","MIDIW PM BAND 1 Weekly","44T MIDIW",5742,90,20,"","","MIDIW",2797,0,16,0,13063
56,1,1,"MIDIW",13:59 Mon,14:44 Mon,"372","Chadwell Heath","RM6 4HX",17:00 Mon,19:00 Mon,17:00 Mon,18:14 Mon,1:14,"D","",14381,14,8,2,22,1,"Store volume","SALT DOUBLE","","","",23:18 Mon,10:19,5:14,280,118,2:20,85.97,0:24,1,1,1,1,13:59 Mon,23:18 Mon,00:18 Tue,"MIDIW","MIDIW",13:59 Mon,14:44 Mon,"MIDIW",14:44 Mon,"DD Trailer",00:18 Tue,"","MIDIW PM BAND 1 Weekly","44T MIDIW",5715,26,136,"","","MIDIW",2011,0,21,0,18921
56,1,2,"MIDIW",13:59 Mon,14:44 Mon,"83","Catford","SE6 4NU",20:00 Mon,22:00 Mon,20:06 Mon,20:58 Mon,0:52,"D","",5586,8,3,2,11,1,"Store volume","SALT DOUBLE","","","",23:18 Mon,10:19,5:14,280,118,2:20,85.97,0:24,1,2,2,2,13:59 Mon,23:18 Mon,00:18 Tue,"MIDIW","MIDIW",13:59 Mon,14:44 Mon,"MIDIW",14:44 Mon,"DD Trailer",00:18 Tue,"","MIDIW PM BAND 1 Weekly","44T MIDIW",5640,118,26,"020 8690 9872","","MIDIW",1158,0,11,0,8059
57,1,1,"MIDIW",19:42 Mon,20:27 Mon,"322","Edmonton","N18 3HA",22:00 Mon,23:59 Mon,22:00 Mon,23:24 Mon,1:24,"D","",18532,20,7,4,27,1,"Store volume","SALT DOUBLE","","","",00:57 Tue,7:05,3:06,221,110,1:33,70.83,0:00,1,1,1,1,19:42 Mon,00:57 Tue,02:47 Tue,"MIDIW","MIDIW",19:42 Mon,20:27 Mon,"MIDIW",20:27 Mon,"DD Trailer",02:47 Tue,"","MIDIW PM BAND 4 Weekly","44T MIDIW",5695,110,110,"","","MIDIW",3271,0,27,0,28110
58,1,1,"MIDIW",06:14 Mon,06:59 Mon,"209","Peterborough","PE1 5PS",06:00 Mon,08:00 Mon,08:00 Mon,08:54 Mon,0:54,"D","",2840,10,2,3,12,1,"Store volume","SALT DOUBLE","","","",14:35 Mon,9:21,2:55,174,40,0:45,69.26,0:45,1,1,1,1,06:14 Mon,14:35 Mon,15:35 Mon,"MIDIW","MIDIW",06:14 Mon,06:59 Mon,"MIDIW",06:59 Mon,"DD Trailer",15:35 Mon,"","MIDIW AM BAND 2 Weekly","44T MIDIW",5646,51,68,"01733 342937","","MIDIW",1044,0,11,0,7951
58,1,2,"MIDIW",06:14 Mon,06:59 Mon,"326","Kettering","NN16 9TS",10:30 Mon,12:30 Mon,10:30 Mon,11:38 Mon,1:08,"D","",5052,16,3,4,19,1,"Store volume","SALT DOUBLE","","","",14:35 Mon,9:21,2:55,174,40,0:45,69.26,0:45,1,2,2,2,06:14 Mon,14:35 Mon,15:35 Mon,"MIDIW","MIDIW",06:14 Mon,06:59 Mon,"MIDIW",06:59 Mon,"DD Trailer",15:35 Mon,"","MIDIW AM BAND 2 Weekly","44T MIDIW",5697,15,51,"01254 279896","","MIDIW",1668,0,18,0,14162
58,1,3,"MIDIW",06:14 Mon,06:59 Mon,"378","Corby","NN17 5DU",11:00 Mon,13:00 Mon,12:46 Mon,13:50 Mon,1:04,"D","",6258,14,3,4,17,1,"Store volume","SALT DOUBLE","","","",14:35 Mon,9:21,2:55,174,40,0:45,69.26,0:45,1,3,3,3,06:14 Mon,14:35 Mon,15:35 Mon,"MIDIW","MIDIW",06:14 Mon,06:59 Mon,"MIDIW",06:59 Mon,"DD Trailer",15:35 Mon,"","MIDIW AM BAND 2 Weekly","44T MIDIW",5717,40,15,"","","MIDIW",1822,0,17,0,13486
59,1,1,"MIDIW",05:59 Mon,06:44 Mon,"404","Burton On Trent","DE14 2AP",08:30 Mon,10:30 Mon,08:30 Mon,09:30 Mon,1:00,"D","",5488,12,3,3,15,1,"Store volume","SALT DOUBLE","","","",14:04 Mon,9:05,3:57,254,22,0:30,67.28,0:03,1,1,1,1,05:59 Mon,14:04 Mon,15:04 Mon,"MIDIW","MIDIW",05:59 Mon,06:44 Mon,"MIDIW",06:44 Mon,"DD Trailer",15:04 Mon,"","MIDIW AM BAND 1 Weekly","44T MIDIW",5722,41,120,"","","MIDIW",3810,0,14,0,10859
59,1,2,"MIDIW",05:59 Mon,06:44 Mon,"278","Loughborough","LE11 1LW",09:00 Mon,11:00 Mon,10:12 Mon,11:06 Mon,0:54,"D","",5094,9,3,2,12,1,"Store volume","SALT DOUBLE","","","",14:04 Mon,9:05,3:57,254,22,0:30,67.28,0:03,1,2,2,2,05:59 Mon,14:04 Mon,15:04 Mon,"MIDIW","MIDIW",05:59 Mon,06:44 Mon,"MIDIW",06:44 Mon,"DD Trailer",15:04 Mon,"","MIDIW AM BAND 1 Weekly","44T MIDIW",5676,22,41,"01382 456468","","MIDIW",1573,0,12,0,8996
59,1,3,"MIDIW",05:59 Mon,06:44 Mon,"10006","BOSTICK LEICESTER","LE4 6BW",00:01 Mon,23:59 Mon,12:26 Mon,13:02 Mon,0:36,"C","Collection Date -20/02/2017",5000,20,0,0,20,3,"Backhaul volume","SALT DOUBLE","762094","Annie Venables - 01785 272727","annie.venables@bostik.com",14:04 Mon,9:05,3:57,254,22,0:30,67.28,0:03,1,3,3,3,05:59 Mon,14:04 Mon,15:04 Mon,"MIDIW","MIDIW",05:59 Mon,06:44 Mon,"MIDIW",06:44 Mon,"DD Trailer",15:04 Mon,"","MIDIW AM BAND 1 Weekly","44T MIDIW",5619,71,22,"","","",0,0,0,2,0
1005,1,1,"MIDIW",14:30 Mon,15:15 Mon,"NORHDC","Northampton HDC","NN4 7JE",00:01 Mon,23:59 Mon,15:20 Mon,15:35 Mon,0:15,"C","HDC CRAWLEY 3",0,0,0,0,1,1,"Store volume","SALT SINGLE","","","",21:25 Mon,7:55,4:20,338,0,0:00,79.17,0:00,1,1,1,1,14:30 Mon,21:25 Mon,22:25 Mon,"MIDIW","MIDIW",14:30 Mon,15:15 Mon,"MIDIW",15:15 Mon,"SD Trailer",22:25 Mon,"","MIDIW PM BAND 2 Weekly","44T MIDIW",5350,164,1,"","","MIDIW",0,0,0,0,0
1005,1,2,"MIDIW",14:30 Mon,15:15 Mon,"CRAHDC3","CRAWLEY 3","RH11 0PQ",00:01 Mon,23:59 Mon,17:41 Mon,18:11 Mon,0:30,"D","HDC CRAWLEY 3",0,0,0,0,26,1,"Store volume","SALT SINGLE","","","",21:25 Mon,7:55,4:20,338,0,0:00,79.17,0:00,1,2,2,2,14:30 Mon,21:25 Mon,22:25 Mon,"MIDIW","MIDIW",14:30 Mon,15:15 Mon,"MIDIW",15:15 Mon,"SD Trailer",22:25 Mon,"","MIDIW PM BAND 2 Weekly","44T MIDIW",5351,171,164,"","","MIDIW",0,0,0,0,0
1005,1,3,"MIDIW",14:30 Mon,15:15 Mon,"NORHDC","Northampton HDC","NN4 7JE",00:01 Mon,23:59 Mon,21:05 Mon,21:20 Mon,0:15,"C","HDC CRAWLEY 3",0,0,0,0,1,1,"Store volume","SALT SINGLE","","","",21:25 Mon,7:55,4:20,338,0,0:00,79.17,0:00,1,3,3,3,14:30 Mon,21:25 Mon,22:25 Mon,"MIDIW","MIDIW",14:30 Mon,15:15 Mon,"MIDIW",15:15 Mon,"SD Trailer",22:25 Mon,"","MIDIW PM BAND 2 Weekly","44T MIDIW",5452,1,171,"","","MIDIW",0,0,0,0,0
1006,1,1,"MIDIW",15:30 Mon,16:15 Mon,"NORHDC","Northampton HDC","NN4 7JE",00:01 Mon,23:59 Mon,16:20 Mon,16:40 Mon,0:20,"C","HDC CRAWLEY 4",0,0,0,0,1,1,"Store volume","SALT SINGLE","","","",22:39 Mon,8:09,4:44,338,0,0:00,81.50,0:00,1,1,1,1,15:30 Mon,22:39 Mon,23:39 Mon,"MIDIW","MIDIW",15:30 Mon,16:15 Mon,"MIDIW",16:15 Mon,"SD Trailer",23:39 Mon,"","MIDIW PM BAND 2 Weekly","44T MIDIW",5356,164,1,"","","MIDIW",0,0,0,0,0
1006,1,2,"MIDIW",15:30 Mon,16:15 Mon,"CRAHDC4","CRAWLEY 4","RH11 0PQ",00:01 Mon,23:59 Mon,19:10 Mon,19:25 Mon,0:15,"D","HDC CRAWLEY 4",0,0,0,0,26,1,"Store volume","SALT SINGLE","","","",22:39 Mon,8:09,4:44,338,0,0:00,81.50,0:00,1,2,2,2,15:30 Mon,22:39 Mon,23:39 Mon,"MIDIW","MIDIW",15:30 Mon,16:15 Mon,"MIDIW",16:15 Mon,"SD Trailer",23:39 Mon,"","MIDIW PM BAND 2 Weekly","44T MIDIW",5357,171,164,"","","MIDIW",0,0,0,0,0
1006,1,3,"MIDIW",15:30 Mon,16:15 Mon,"NORHDC","Northampton HDC","NN4 7JE",00:01 Mon,23:59 Mon,22:19 Mon,22:34 Mon,0:15,"C","HDC CRAWLEY 3",0,0,0,0,1,1,"Store volume","SALT SINGLE","","","",22:39 Mon,8:09,4:44,338,0,0:00,81.50,0:00,1,3,3,3,15:30 Mon,22:39 Mon,23:39 Mon,"MIDIW","MIDIW",15:30 Mon,16:15 Mon,"MIDIW",16:15 Mon,"SD Trailer",23:39 Mon,"","MIDIW PM BAND 2 Weekly","44T MIDIW",5453,1,171,"","","MIDIW",0,0,0,0,0
1007,1,1,"MIDIW",20:00 Mon,20:45 Mon,"NORHDC","Northampton HDC","NN4 7JE",00:01 Mon,23:59 Mon,20:50 Mon,21:05 Mon,0:15,"C","HDC CRAWLEY 5",0,0,0,0,1,1,"Store volume","SALT SINGLE","","","",03:10 Tue,8:10,4:20,338,0,0:00,81.67,0:00,1,1,1,1,20:00 Mon,03:10 Tue,04:10 Tue,"MIDIW","MIDIW",20:00 Mon,20:45 Mon,"MIDIW",20:45 Mon,"SD Trailer",04:10 Tue,"","MIDIW PM BAND 5 Weekly","44T MIDIW",5358,164,1,"","","MIDIW",0,0,0,0,0
1007,1,2,"MIDIW",20:00 Mon,20:45 Mon,"CRAHDC5","CRAWLEY 5","RH11 0PQ",00:01 Mon,23:59 Mon,23:11 Mon,23:56 Mon,0:45,"D","HDC CRAWLEY 5",0,0,0,0,26,1,"Store volume","SALT SINGLE","","","",03:10 Tue,8:10,4:20,338,0,0:00,81.67,0:00,1,2,2,2,20:00 Mon,03:10 Tue,04:10 Tue,"MIDIW","MIDIW",20:00 Mon,20:45 Mon,"MIDIW",20:45 Mon,"SD Trailer",04:10 Tue,"","MIDIW PM BAND 5 Weekly","44T MIDIW",5359,171,164,"","","MIDIW",0,0,0,0,0
1007,1,3,"MIDIW",20:00 Mon,20:45 Mon,"NORHDC","Northampton HDC","NN4 7JE",00:01 Tue,23:59 Tue,02:50 Tue,03:05 Tue,0:15,"C","HDC CRAWLEY 3",0,0,0,0,1,1,"Store volume","SALT SINGLE","","","",03:10 Tue,8:10,4:20,338,0,0:00,81.67,0:00,1,3,3,3,20:00 Mon,03:10 Tue,04:10 Tue,"MIDIW","MIDIW",20:00 Mon,20:45 Mon,"MIDIW",20:45 Mon,"SD Trailer",04:10 Tue,"","MIDIW PM BAND 5 Weekly","44T MIDIW",5455,1,171,"","","MIDIW",0,0,0,0,0
1009,1,1,"WAKEIW",21:00 Mon,21:45 Mon,"COUHDC1","COUNDON 1","DL14 8PS",00:01 Mon,23:59 Mon,23:31 Mon,01:31 Tue,2:00,"D","HDC WAKEFIELD COUNDON",0,0,0,0,26,1,"Store volume","WAKE SINGLE","","","",04:07 Tue,8:07,3:32,261,127,1:46,81.17,0:00,1,1,1,1,21:00 Mon,04:07 Tue,05:07 Tue,"WAKEIW","WAKEIW",21:00 Mon,21:45 Mon,"WAKEIW",21:45 Mon,"SD Trailer",05:07 Tue,"","WAKEIW PM BAND 5 Weekly","44T WAKEIW",5364,127,134,"","","WAKEIW",0,0,0,0,0
1010,1,1,"DEVHDC",22:00 Mon,22:30 Mon,"NORHDC","Northampton HDC","NN4 7JE",00:01 Tue,23:59 Tue,00:40 Tue,01:00 Tue,0:20,"C","HDC DEVIZES 1",0,0,0,0,26,1,"Store volume","DEVHDC SINGLE","","","",04:02 Tue,6:32,4:22,292,143,2:10,65.33,0:00,1,1,1,1,22:00 Mon,04:02 Tue,04:32 Tue,"DEVHDC","DEVHDC",22:00 Mon,22:30 Mon,"DEVHDC",22:30 Mon,"SD Trailer",04:32 Tue,"","DEVHDC NIGHT Weekly","44T DEVHDC",5365,149,143,"","","MIDIW",0,0,0,0,0
1013,1,1,"MIDIW",15:30 Mon,16:15 Mon,"NORHDC","Northampton HDC","NN4 7JE",00:01 Mon,23:59 Mon,16:20 Mon,16:40 Mon,0:20,"C","HDC KINGS LYNN",0,0,0,0,1,1,"Store volume","SALT SINGLE","","","",23:37 Mon,9:07,3:57,249,0,0:00,91.17,0:00,1,1,1,1,15:30 Mon,23:37 Mon,00:37 Tue,"MIDIW","MIDIW",15:30 Mon,16:15 Mon,"MIDIW",16:15 Mon,"SD Trailer",00:37 Tue,"","MIDIW PM BAND 2 Weekly","44T MIDIW",5366,123,1,"","","MIDIW",0,0,0,0,0
1013,1,2,"MIDIW",15:30 Mon,16:15 Mon,"KINHDC1","KINGS LYNN 1","PE30 2HB",00:01 Mon,23:59 Mon,18:34 Mon,20:34 Mon,2:00,"D","HDC KINGS LYNN",0,0,0,0,26,1,"Store volume","SALT SINGLE","","","",23:37 Mon,9:07,3:57,249,0,0:00,91.17,0:00,1,2,2,2,15:30 Mon,23:37 Mon,00:37 Tue,"MIDIW","MIDIW",15:30 Mon,16:15 Mon,"MIDIW",16:15 Mon,"SD Trailer",00:37 Tue,"","MIDIW PM BAND 2 Weekly","44T MIDIW",5367,123,123,"","","MIDIW",0,0,0,0,0
1013,1,3,"MIDIW",15:30 Mon,16:15 Mon,"NORHDC","Northampton HDC","NN4 7JE",00:01 Mon,23:59 Mon,23:17 Mon,23:32 Mon,0:15,"C","HDC CRAWLEY 3",0,0,0,0,1,1,"Store volume","SALT SINGLE","","","",23:37 Mon,9:07,3:57,249,0,0:00,91.17,0:00,1,3,3,3,15:30 Mon,23:37 Mon,00:37 Tue,"MIDIW","MIDIW",15:30 Mon,16:15 Mon,"MIDIW",16:15 Mon,"SD Trailer",00:37 Tue,"","MIDIW PM BAND 2 Weekly","44T MIDIW",5457,1,123,"","","MIDIW",0,0,0,0,0
1014,1,1,"MIDIW",18:00 Mon,18:45 Mon,"NORHDC","Northampton HDC","NN4 7JE",00:01 Mon,23:59 Mon,18:50 Mon,19:10 Mon,0:20,"C","HDC WAKEFIELD COUNDON",0,0,0,0,1,1,"Store volume","SALT SINGLE","","","",02:06 Tue,9:06,5:11,419,0,0:00,91.00,0:00,1,1,1,1,18:00 Mon,02:06 Tue,03:06 Tue,"MIDIW","MIDIW",18:00 Mon,18:45 Mon,"MIDIW",18:45 Mon,"SD Trailer",03:06 Tue,"","MIDIW PM BAND 4 Weekly","44T MIDIW",5368,209,1,"","","MIDIW",0,0,0,0,0
1014,1,2,"MIDIW",18:00 Mon,18:45 Mon,"WAKCOUHDC","WAKEFIELD - COUNDON","WF10 5QX",00:01 Mon,23:59 Mon,21:40 Mon,22:25 Mon,0:45,"D","HDC WAKEFIELD COUNDON",0,0,0,0,26,1,"Store volume","SALT SINGLE","","","",02:06 Tue,9:06,5:11,419,0,0:00,91.00,0:00,1,2,2,2,18:00 Mon,02:06 Tue,03:06 Tue,"MIDIW","MIDIW",18:00 Mon,18:45 Mon,"MIDIW",18:45 Mon,"SD Trailer",03:06 Tue,"","MIDIW PM BAND 4 Weekly","44T MIDIW",5369,209,209,"","","WAKEIW",0,0,0,0,0
1014,1,3,"MIDIW",18:00 Mon,18:45 Mon,"NORHDC","Northampton HDC","NN4 7JE",00:01 Tue,23:59 Tue,01:46 Tue,02:01 Tue,0:15,"C","HDC CRAWLEY 3",0,0,0,0,1,1,"Store volume","SALT SINGLE","","","",02:06 Tue,9:06,5:11,419,0,0:00,91.00,0:00,1,3,3,3,18:00 Mon,02:06 Tue,03:06 Tue,"MIDIW","MIDIW",18:00 Mon,18:45 Mon,"MIDIW",18:45 Mon,"SD Trailer",03:06 Tue,"","MIDIW PM BAND 4 Weekly","44T MIDIW",5456,1,209,"","","MIDIW",0,0,0,0,0
1015,1,1,"MIDIW",11:30 Mon,12:15 Mon,"NORHDC","Northampton HDC","NN4 7JE",00:01 Mon,23:59 Mon,12:20 Mon,12:40 Mon,0:20,"C","HDC WAKEFIELD 1",0,0,0,0,1,1,"Store volume","SALT SINGLE","","","",19:52 Mon,9:22,5:27,419,0,0:00,69.38,0:00,1,1,1,1,11:30 Mon,19:52 Mon,20:52 Mon,"MIDIW","MIDIW",11:30 Mon,12:15 Mon,"MIDIW",12:15 Mon,"SD Trailer",20:52 Mon,"","MIDIW AM BAND 4 Weekly","44T MIDIW",5370,209,1,"","","MIDIW",0,0,0,0,0
1015,1,2,"MIDIW",11:30 Mon,12:15 Mon,"WAKHDC1","WAKEFIELD 1","WF10 5QX",00:01 Mon,23:59 Mon,15:10 Mon,15:55 Mon,0:45,"D","",0,0,0,0,26,2,"Trunk volume","SALT SINGLE","","","",19:52 Mon,9:22,5:27,419,0,0:00,69.38,0:00,1,2,2,2,11:30 Mon,19:52 Mon,20:52 Mon,"MIDIW","MIDIW",11:30 Mon,12:15 Mon,"MIDIW",12:15 Mon,"SD Trailer",20:52 Mon,"","MIDIW AM BAND 4 Weekly","44T MIDIW",5442,209,209,"","","WAKEIW",0,0,0,0,0
1015,1,3,"MIDIW",11:30 Mon,12:15 Mon,"NORHDC","Northampton HDC","NN4 7JE",00:01 Mon,23:59 Mon,19:32 Mon,19:47 Mon,0:15,"C","HDC CRAWLEY 3",0,0,0,0,1,1,"Store volume","SALT SINGLE","","","",19:52 Mon,9:22,5:27,419,0,0:00,69.38,0:00,1,3,3,3,11:30 Mon,19:52 Mon,20:52 Mon,"MIDIW","MIDIW",11:30 Mon,12:15 Mon,"MIDIW",12:15 Mon,"SD Trailer",20:52 Mon,"","MIDIW AM BAND 4 Weekly","44T MIDIW",5458,1,209,"","","MIDIW",0,0,0,0,0
1016,1,1,"WAKEIW",12:00 Mon,12:45 Mon,"NORHDC","Northampton HDC","NN4 7JE",00:01 Mon,23:59 Mon,15:16 Mon,15:36 Mon,0:20,"C","HDC ASTRACAST/WAKEFIELD 2",0,0,0,0,1,1,"Store volume","WAKE SINGLE","","","",19:02 Mon,8:02,5:07,418,209,2:31,66.94,0:00,1,1,1,1,12:00 Mon,19:02 Mon,20:02 Mon,"WAKEIW","WAKEIW",12:00 Mon,12:45 Mon,"WAKEIW",12:45 Mon,"SD Trailer",20:02 Mon,"","WAKEIW PM BAND 1 Weekly","44T WAKEIW",5374,209,209,"","","MIDIW",0,0,0,0,0
1017,1,1,"MIDIW",15:01 Mon,15:46 Mon,"NORHDC","Northampton HDC","NN4 7JE",00:01 Mon,23:59 Mon,15:51 Mon,16:11 Mon,0:20,"C","HDC WARRINGTON",0,0,0,0,1,1,"Store volume","SALT SINGLE","","","",00:13 Tue,10:12,6:17,447,0,0:00,102.00,0:00,1,1,1,1,15:01 Mon,00:13 Tue,01:13 Tue,"MIDIW","MIDIW",15:01 Mon,15:46 Mon,"MIDIW",15:46 Mon,"SD Trailer",01:13 Tue,"","MIDIW PM BAND 2 Weekly","44T MIDIW",5375,222,1,"","","MIDIW",0,0,0,0,0
1017,1,2,"MIDIW",15:01 Mon,15:46 Mon,"WARHDC1","WARRINGTON 1","WA5 4AH",00:01 Mon,23:59 Mon,19:19 Mon,20:04 Mon,0:45,"D","HDC WARRINGTON",0,0,0,0,26,1,"Store volume","SALT SINGLE","","","",00:13 Tue,10:12,6:17,447,0,0:00,102.00,0:00,1,2,2,2,15:01 Mon,00:13 Tue,01:13 Tue,"MIDIW","MIDIW",15:01 Mon,15:46 Mon,"MIDIW",15:46 Mon,"SD Trailer",01:13 Tue,"","MIDIW PM BAND 2 Weekly","44T MIDIW",5376,223,222,"","","WAKEIW",0,0,0,0,0
1017,1,3,"MIDIW",15:01 Mon,15:46 Mon,"NORHDC","Northampton HDC","NN4 7JE",00:01 Mon,23:59 Mon,23:53 Mon,00:08 Tue,0:15,"C","HDC CRAWLEY 3",0,0,0,0,1,1,"Store volume","SALT SINGLE","","","",00:13 Tue,10:12,6:17,447,0,0:00,102.00,0:00,1,3,3,3,15:01 Mon,00:13 Tue,01:13 Tue,"MIDIW","MIDIW",15:01 Mon,15:46 Mon,"MIDIW",15:46 Mon,"SD Trailer",01:13 Tue,"","MIDIW PM BAND 2 Weekly","44T MIDIW",5459,1,223,"","","MIDIW",0,0,0,0,0
1018,1,1,"CARHDC",17:00 Mon,17:30 Mon,"BSSCLCAR","BSS Rig swap","SN5 8YW",00:01 Mon,23:59 Mon,19:08 Mon,19:53 Mon,0:45,"C","",0,0,0,0,26,2,"Trunk volume","CARHDC SINGLE","","","",21:32 Mon,5:02,3:17,221,110,1:38,50.33,0:00,1,1,1,1,17:00 Mon,21:32 Mon,22:02 Mon,"CARHDC","CARHDC",17:00 Mon,17:30 Mon,"CARHDC",17:30 Mon,"SD Trailer",22:02 Mon,"","CARHDC PM Weekly","44T CARHDC",5429,110,110,"","","",0,0,0,0,0
1019,1,1,"MIDIW",16:30 Mon,17:15 Mon,"NORHDC","Northampton HDC","NN4 7JE",00:01 Mon,23:59 Mon,17:20 Mon,17:35 Mon,0:15,"C","HDC CRAWLEY 3",0,0,0,0,1,1,"Store volume","SALT SINGLE","","","",21:42 Mon,9:28,5:03,312,0,0:00,94.67,0:00,2,1,1,1,16:30 Mon,21:42 Mon,23:02 Mon,"MIDIW","MIDIW",16:30 Mon,17:15 Mon,"MIDIW",17:15 Mon,"SD Trailer",01:58 Tue,"","MIDIW PM BAND 3 Weekly","44T MIDIW",5460,127,1,"","","MIDIW",0,0,0,0,0
1019,1,2,"MIDIW",16:30 Mon,17:15 Mon,"BSSCLSAL","BSS Rig swap","SN5 8YW",00:01 Mon,23:59 Mon,19:28 Mon,19:28 Mon,0:00,"D","",0,0,0,0,26,2,"Trunk volume","SALT SINGLE","","","",21:42 Mon,9:28,5:03,312,0,0:00,94.67,0:00,2,2,2,2,16:30 Mon,21:42 Mon,23:02 Mon,"MIDIW","MIDIW",16:30 Mon,17:15 Mon,"MIDIW",17:15 Mon,"SD Trailer",01:58 Tue,"","MIDIW PM BAND 3 Weekly","44T MIDIW",5428,126,127,"","","",0,0,0,0,0
1019,1,3,"MIDIW",16:30 Mon,17:15 Mon,"NORHDC","Northampton HDC","NN4 7JE",00:01 Mon,23:59 Mon,21:17 Mon,21:37 Mon,0:20,"C","MEMBURY CL SAL",0,0,0,0,1,1,"Store volume","SALT SINGLE","","","",21:42 Mon,9:28,5:03,312,0,0:00,94.67,0:00,2,3,3,3,16:30 Mon,21:42 Mon,23:02 Mon,"MIDIW","MIDIW",16:30 Mon,17:15 Mon,"MIDIW",17:15 Mon,"SD Trailer",01:58 Tue,"","MIDIW PM BAND 3 Weekly","44T MIDIW",5378,1,126,"","","MIDIW",0,0,0,0,0
1019,2,1,"MIDIW",16:30 Mon,23:17 Mon,"NORHDC","Northampton HDC","NN4 7JE",00:01 Mon,23:59 Mon,23:22 Mon,23:37 Mon,0:15,"C","ELECTROLUX",0,0,0,0,1,1,"Store volume","SALT SINGLE","","","",00:58 Tue,9:28,5:03,312,0,0:00,94.67,0:00,2,4,4,1,23:02 Mon,00:58 Tue,01:58 Tue,"MIDIW","MIDIW",23:02 Mon,23:17 Mon,"MIDIW",23:17 Mon,"SD Trailer",01:58 Tue,"","MIDIW PM BAND 3 Weekly","44T MIDIW",5360,29,1,"","","MIDIW",0,0,0,0,0
1019,2,2,"MIDIW",16:30 Mon,23:17 Mon,"10014","Electrolux","MK12 5LJ",00:01 Tue,23:59 Tue,00:07 Tue,00:07 Tue,0:00,"D","ELECTROLUX",0,0,0,0,26,1,"Store volume","SALT SINGLE","","","",00:58 Tue,9:28,5:03,312,0,0:00,94.67,0:00,2,5,5,2,23:02 Mon,00:58 Tue,01:58 Tue,"MIDIW","MIDIW",23:02 Mon,23:17 Mon,"MIDIW",23:17 Mon,"SD Trailer",01:58 Tue,"","MIDIW PM BAND 3 Weekly","44T MIDIW",5361,25,29,"","","MIDIW",0,0,0,0,0
1019,2,3,"MIDIW",16:30 Mon,23:17 Mon,"NORHDC","Northampton HDC","NN4 7JE",00:01 Tue,23:59 Tue,00:38 Tue,00:53 Tue,0:15,"C","HDC CRAWLEY 3",0,0,0,0,1,1,"Store volume","SALT SINGLE","","","",00:58 Tue,9:28,5:03,312,0,0:00,94.67,0:00,2,6,6,3,23:02 Mon,00:58 Tue,01:58 Tue,"MIDIW","MIDIW",23:02 Mon,23:17 Mon,"MIDIW",23:17 Mon,"SD Trailer",01:58 Tue,"","MIDIW PM BAND 3 Weekly","44T MIDIW",5462,1,25,"","","MIDIW",0,0,0,0,0
1021,1,1,"MIDIW",05:00 Mon,05:45 Mon,"NORHDCSHUNT","HDC SHUNTING","NN4 7JE",00:01 Mon,23:59 Mon,05:50 Mon,07:55 Mon,2:05,"D","",0,0,0,0,1,1,"Store volume","","","","",08:00 Mon,4:00,0:10,2,1,0:05,29.63,0:00,1,1,1,1,05:00 Mon,08:00 Mon,09:00 Mon,"MIDIW","MIDIW",05:00 Mon,05:45 Mon,"MIDIW",05:45 Mon,"",09:00 Mon,"","MIDIW AM BAND 1 Weekly","",5423,1,1,"","","",0,0,0,0,0
1022,1,1,"MIDIW",10:00 Mon,10:45 Mon,"NORHDCSHUNT","HDC SHUNTING","NN4 7JE",00:01 Mon,23:59 Mon,10:50 Mon,18:55 Mon,8:05,"D","",0,0,0,0,1,1,"Store volume","","","","",19:00 Mon,10:00,0:10,2,1,0:05,74.07,0:00,1,1,1,1,10:00 Mon,19:00 Mon,20:00 Mon,"MIDIW","MIDIW",10:00 Mon,10:45 Mon,"MIDIW",10:45 Mon,"",20:00 Mon,"","MIDIW AM BAND 4 Weekly","",5430,1,1,"","","",0,0,0,0,0
1023,1,1,"MIDIW",20:00 Mon,20:45 Mon,"NORHDCSHUNT","HDC SHUNTING","NN4 7JE",00:01 Mon,23:59 Mon,20:50 Mon,04:55 Tue,8:05,"D","",0,0,0,0,1,1,"Store volume","","","","",05:00 Tue,10:00,0:10,2,1,0:05,100.00,0:00,1,1,1,1,20:00 Mon,05:00 Tue,06:00 Tue,"MIDIW","MIDIW",20:00 Mon,20:45 Mon,"MIDIW",20:45 Mon,"",06:00 Tue,"","MIDIW PM BAND 5 Weekly","",5439,1,1,"","","",0,0,0,0,0
1024,1,1,"MIDIW",20:00 Mon,20:45 Mon,"NORHDCSHUNT","HDC SHUNTING","NN4 7JE",00:01 Mon,23:59 Mon,20:50 Mon,04:55 Tue,8:05,"D","",0,0,0,0,1,1,"Store volume","","","","",05:00 Tue,10:00,0:10,2,1,0:05,100.00,0:00,1,1,1,1,20:00 Mon,05:00 Tue,06:00 Tue,"MIDIW","MIDIW",20:00 Mon,20:45 Mon,"MIDIW",20:45 Mon,"",06:00 Tue,"","MIDIW PM BAND 5 Weekly","",5422,1,1,"","","",0,0,0,0,0
1026,1,1,"MIDIW",04:05 Mon,04:50 Mon,"NORHDC","Northampton HDC","NN4 7JE",00:01 Mon,23:59 Mon,04:55 Mon,05:15 Mon,0:20,"C","PERTH/BOSTICK",0,0,0,0,1,1,"Store volume","SALT SINGLE","","","",02:42 Tue,24:27,16:01,1295,0,0:00,90.56,0:00,1,1,1,1,04:05 Mon,02:42 Tue,04:32 Tue,"MIDIW","MIDIW",04:05 Mon,04:50 Mon,"MIDIW",04:50 Mon,"SD Trailer",04:32 Tue,"","MIDIW AM BAND 1 Weekly","44T MIDIW",5380,645,1,"","","MIDIW",0,0,0,0,0
1026,1,2,"MIDIW",04:05 Mon,04:50 Mon,"PERHDC1","PERTH 1","PH2 7ST",00:01 Mon,23:59 Mon,13:51 Mon,16:41 Mon,2:50,"D","PERTH/BOSTICK",0,0,0,0,26,1,"Store volume","SALT SINGLE","","","",02:42 Tue,24:27,16:01,1295,0,0:00,90.56,0:00,1,2,2,2,04:05 Mon,02:42 Tue,04:32 Tue,"MIDIW","MIDIW",04:05 Mon,04:50 Mon,"MIDIW",04:50 Mon,"SD Trailer",04:32 Tue,"","MIDIW AM BAND 1 Weekly","44T MIDIW",5381,387,645,"","","BELOB",0,0,0,0,0
1026,1,3,"MIDIW",04:05 Mon,04:50 Mon,"10005","BOSTICK DALTON","YO7 3HE",00:01 Mon,23:59 Mon,22:30 Mon,23:16 Mon,0:46,"C","PERTH/BOSTICK",0,0,0,0,26,1,"Store volume","SALT SINGLE","","","",02:42 Tue,24:27,16:01,1295,0,0:00,90.56,0:00,1,3,3,3,04:05 Mon,02:42 Tue,04:32 Tue,"MIDIW","MIDIW",04:05 Mon,04:50 Mon,"MIDIW",04:50 Mon,"SD Trailer",04:32 Tue,"","MIDIW AM BAND 1 Weekly","44T MIDIW",5382,261,387,"","","WAKEIW",0,0,0,0,0
1026,1,4,"MIDIW",04:05 Mon,04:50 Mon,"NORHDC","Northampton HDC","NN4 7JE",00:01 Tue,23:59 Tue,02:22 Tue,02:37 Tue,0:15,"C","HDC CRAWLEY 3",0,0,0,0,1,1,"Store volume","SALT SINGLE","","","",02:42 Tue,24:27,16:01,1295,0,0:00,90.56,0:00,1,4,4,4,04:05 Mon,02:42 Tue,04:32 Tue,"MIDIW","MIDIW",04:05 Mon,04:50 Mon,"MIDIW",04:50 Mon,"SD Trailer",04:32 Tue,"","MIDIW AM BAND 1 Weekly","44T MIDIW",5463,1,261,"","","MIDIW",0,0,0,0,0
1030,1,1,"MIDIW",10:30 Mon,11:15 Mon,"NORHDC","Northampton HDC","NN4 7JE",00:01 Mon,23:59 Mon,11:20 Mon,11:35 Mon,0:15,"C","NETHER HDC",0,0,0,0,1,1,"Store volume","SALT SINGLE","","","",13:45 Mon,10:37,3:47,196,0,0:00,78.64,0:00,3,1,1,1,10:30 Mon,13:45 Mon,14:15 Mon,"MIDIW","MIDIW",10:30 Mon,11:15 Mon,"MIDIW",11:15 Mon,"SD Trailer",21:08 Mon,"","MIDIW AM BAND 4 Weekly","44T MIDIW",5352,19,1,"","","MIDIW",0,0,0,0,0
1030,1,2,"MIDIW",10:30 Mon,11:15 Mon,"NETHDC","NETHERHDC","NN7 3LB",00:01 Mon,23:59 Mon,11:55 Mon,12:10 Mon,0:15,"D","NETHER HDC",0,0,0,0,26,1,"Store volume","SALT SINGLE","","","",13:45 Mon,10:37,3:47,196,0,0:00,78.64,0:00,3,2,2,2,10:30 Mon,13:45 Mon,14:15 Mon,"MIDIW","MIDIW",10:30 Mon,11:15 Mon,"MIDIW",11:15 Mon,"SD Trailer",21:08 Mon,"","MIDIW AM BAND 4 Weekly","44T MIDIW",5353,19,19,"","","MIDIW",0,0,0,0,0
1030,1,3,"MIDIW",10:30 Mon,11:15 Mon,"NORHDC","Northampton HDC","NN4 7JE",00:01 Mon,23:59 Mon,12:30 Mon,12:50 Mon,0:20,"C","NETHER HDC",0,0,0,0,1,1,"Store volume","SALT SINGLE","","","",13:45 Mon,10:37,3:47,196,0,0:00,78.64,0:00,3,3,3,3,10:30 Mon,13:45 Mon,14:15 Mon,"MIDIW","MIDIW",10:30 Mon,11:15 Mon,"MIDIW",11:15 Mon,"SD Trailer",21:08 Mon,"","MIDIW AM BAND 4 Weekly","44T MIDIW",5433,19,19,"","","MIDIW",0,0,0,0,0
1030,1,4,"MIDIW",10:30 Mon,11:15 Mon,"NETHDC","NETHERHDC","NN7 3LB",00:01 Mon,23:59 Mon,13:10 Mon,13:25 Mon,0:15,"D","NETHER HDC",0,0,0,0,26,1,"Store volume","SALT SINGLE","","","",13:45 Mon,10:37,3:47,196,0,0:00,78.64,0:00,3,4,4,4,10:30 Mon,13:45 Mon,14:15 Mon,"MIDIW","MIDIW",10:30 Mon,11:15 Mon,"MIDIW",11:15 Mon,"SD Trailer",21:08 Mon,"","MIDIW AM BAND 4 Weekly","44T MIDIW",5434,19,19,"","","MIDIW",0,0,0,0,0
1030,2,1,"MIDIW",10:30 Mon,14:30 Mon,"NORHDC","Northampton HDC","NN4 7JE",00:01 Mon,23:59 Mon,14:35 Mon,14:55 Mon,0:20,"C","NETHER HDC",0,0,0,0,1,1,"Store volume","SALT SINGLE","","","",18:08 Mon,10:37,3:47,196,0,0:00,78.64,0:00,3,5,5,1,14:15 Mon,18:08 Mon,18:38 Mon,"MIDIW","MIDIW",14:15 Mon,14:30 Mon,"MIDIW",14:30 Mon,"SD Trailer",21:08 Mon,"","MIDIW AM BAND 4 Weekly","44T MIDIW",5354,19,1,"","","MIDIW",0,0,0,0,0
1030,2,2,"MIDIW",10:30 Mon,14:30 Mon,"NETHDC","NETHERHDC","NN7 3LB",00:01 Mon,23:59 Mon,15:15 Mon,15:30 Mon,0:15,"D","NETHER HDC",0,0,0,0,26,1,"Store volume","SALT SINGLE","","","",18:08 Mon,10:37,3:47,196,0,0:00,78.64,0:00,3,6,6,2,14:15 Mon,18:08 Mon,18:38 Mon,"MIDIW","MIDIW",14:15 Mon,14:30 Mon,"MIDIW",14:30 Mon,"SD Trailer",21:08 Mon,"","MIDIW AM BAND 4 Weekly","44T MIDIW",5355,19,19,"","","MIDIW",0,0,0,0,0
1030,2,3,"MIDIW",10:30 Mon,14:30 Mon,"NORHDC","Northampton HDC","NN4 7JE",00:01 Mon,23:59 Mon,15:50 Mon,17:00 Mon,1:10,"C","NETHER HDC",0,0,0,0,1,1,"Store volume","SALT SINGLE","","","",18:08 Mon,10:37,3:47,196,0,0:00,78.64,0:00,3,7,7,3,14:15 Mon,18:08 Mon,18:38 Mon,"MIDIW","MIDIW",14:15 Mon,14:30 Mon,"MIDIW",14:30 Mon,"SD Trailer",21:08 Mon,"","MIDIW AM BAND 4 Weekly","44T MIDIW",5348,19,19,"","","MIDIW",0,0,0,0,0
1030,2,4,"MIDIW",10:30 Mon,14:30 Mon,"NETHDC","NETHERHDC","NN7 3LB",00:01 Mon,23:59 Mon,17:26 Mon,17:41 Mon,0:15,"D","NETHER HDC",0,0,0,0,26,1,"Store volume","SALT SINGLE","","","",18:08 Mon,10:37,3:47,196,0,0:00,78.64,0:00,3,8,8,4,14:15 Mon,18:08 Mon,18:38 Mon,"MIDIW","MIDIW",14:15 Mon,14:30 Mon,"MIDIW",14:30 Mon,"SD Trailer",21:08 Mon,"","MIDIW AM BAND 4 Weekly","44T MIDIW",5349,19,19,"","","MIDIW",0,0,0,0,0
1030,3,1,"MIDIW",10:30 Mon,18:53 Mon,"NORHDC","Northampton HDC","NN4 7JE",00:01 Mon,23:59 Mon,18:58 Mon,19:13 Mon,0:15,"C","NETHER HDC",0,0,0,0,1,1,"Store volume","SALT SINGLE","","","",20:08 Mon,10:37,3:47,196,0,0:00,78.64,0:00,3,9,9,1,18:38 Mon,20:08 Mon,21:08 Mon,"MIDIW","MIDIW",18:38 Mon,18:53 Mon,"MIDIW",18:53 Mon,"SD Trailer",21:08 Mon,"","MIDIW AM BAND 4 Weekly","44T MIDIW",5436,19,1,"","","MIDIW",0,0,0,0,0
1030,3,2,"MIDIW",10:30 Mon,18:53 Mon,"NETHDC","NETHERHDC","NN7 3LB",00:01 Mon,23:59 Mon,19:32 Mon,19:47 Mon,0:15,"D","NETHER HDC",0,0,0,0,26,1,"Store volume","SALT SINGLE","","","",20:08 Mon,10:37,3:47,196,0,0:00,78.64,0:00,3,10,10,2,18:38 Mon,20:08 Mon,21:08 Mon,"MIDIW","MIDIW",18:38 Mon,18:53 Mon,"MIDIW",18:53 Mon,"SD Trailer",21:08 Mon,"","MIDIW AM BAND 4 Weekly","44T MIDIW",5437,19,19,"","","MIDIW",0,0,0,0,0
1031,1,1,"MIDIW",04:05 Mon,04:50 Mon,"NETOB","NETHEROB","NN7 3LB",00:01 Mon,23:59 Mon,05:10 Mon,05:30 Mon,0:20,"C","NETHER IW",0,0,0,0,1,1,"Store volume","SALT SINGLE","","","",11:02 Mon,7:57,3:40,248,0,0:00,58.89,0:00,1,1,1,1,04:05 Mon,11:02 Mon,12:02 Mon,"MIDIW","MIDIW",04:05 Mon,04:50 Mon,"MIDIW",04:50 Mon,"SD Trailer",12:02 Mon,"","MIDIW AM BAND 1 Weekly","44T MIDIW",5594,119,19,"","","",0,0,0,0,0
1031,1,2,"MIDIW",04:05 Mon,04:50 Mon,"322","Edmonton","N18 3HA",00:01 Mon,23:59 Mon,07:13 Mon,08:35 Mon,1:22,"D","",0,0,0,0,26,1,"Store volume","SALT SINGLE","","","",11:02 Mon,7:57,3:40,248,0,0:00,58.89,0:00,1,2,2,2,04:05 Mon,11:02 Mon,12:02 Mon,"MIDIW","MIDIW",04:05 Mon,04:50 Mon,"MIDIW",04:50 Mon,"SD Trailer",12:02 Mon,"","MIDIW AM BAND 1 Weekly","44T MIDIW",5595,110,119,"","","MIDIW",0,0,0,0,0
1032,1,1,"MIDIW",18:00 Mon,18:45 Mon,"NORHDC","Northampton HDC","NN4 7JE",00:01 Mon,23:59 Mon,18:50 Mon,19:05 Mon,0:15,"C","HDC CRAWLEY 3",0,0,0,0,1,1,"Store volume","SALT SINGLE","","","",02:06 Tue,9:06,5:11,419,0,0:00,91.00,0:00,1,1,1,1,18:00 Mon,02:06 Tue,03:06 Tue,"MIDIW","MIDIW",18:00 Mon,18:45 Mon,"MIDIW",18:45 Mon,"SD Trailer",03:06 Tue,"","MIDIW PM BAND 4 Weekly","44T MIDIW",5596,209,1,"","","MIDIW",0,0,0,0,0
1032,1,2,"MIDIW",18:00 Mon,18:45 Mon,"WAKHDC3","WAKEFIELD 3","WF10 5QX",00:01 Mon,23:59 Mon,21:35 Mon,22:20 Mon,0:45,"D","",0,0,0,0,26,2,"Trunk volume","SALT SINGLE","","","",02:06 Tue,9:06,5:11,419,0,0:00,91.00,0:00,1,2,2,2,18:00 Mon,02:06 Tue,03:06 Tue,"MIDIW","MIDIW",18:00 Mon,18:45 Mon,"MIDIW",18:45 Mon,"SD Trailer",03:06 Tue,"","MIDIW PM BAND 4 Weekly","44T MIDIW",5598,209,209,"","","",0,0,0,0,0
1032,1,3,"MIDIW",18:00 Mon,18:45 Mon,"NORHDC","Northampton HDC","NN4 7JE",00:01 Tue,23:59 Tue,01:41 Tue,02:01 Tue,0:20,"C","HDC CRAWLEY 4",0,0,0,0,1,1,"Store volume","SALT SINGLE","","","",02:06 Tue,9:06,5:11,419,0,0:00,91.00,0:00,1,3,3,3,18:00 Mon,02:06 Tue,03:06 Tue,"MIDIW","MIDIW",18:00 Mon,18:45 Mon,"MIDIW",18:45 Mon,"SD Trailer",03:06 Tue,"","MIDIW PM BAND 4 Weekly","44T MIDIW",5597,1,209,"","","MIDIW",0,0,0,0,0
3000,1,1,"MIDIW",13:00 Mon,13:45 Mon,"PANASONIC","PANASONIC","NN4 7BW",00:01 Mon,23:59 Mon,13:56 Mon,14:16 Mon,0:20,"C","",0,0,0,0,40,3,"Backhaul volume","SALT SINGLE","","","",14:27 Mon,7:50,2:00,88,44,1:03,65.28,0:00,4,1,1,1,13:00 Mon,14:27 Mon,14:57 Mon,"MIDIW","MIDIW",13:00 Mon,13:45 Mon,"MIDIW",13:45 Mon,"SD Trailer",20:49 Mon,"","MIDIW PM BAND 1 Weekly","44T MIDIW",5449,4,5,"","","",0,0,0,0,0
3000,2,1,"MIDIW",13:00 Mon,15:12 Mon,"NETOB","NETHEROB","NN7 3LB",00:01 Mon,23:59 Mon,15:32 Mon,15:52 Mon,0:20,"C","NETHER IW",0,0,0,0,1,1,"Store volume","SALT SINGLE","","","",16:12 Mon,7:50,2:00,88,44,1:03,65.28,0:00,4,2,2,1,14:57 Mon,16:12 Mon,16:42 Mon,"MIDIW","MIDIW",14:57 Mon,15:12 Mon,"MIDIW",15:12 Mon,"SD Trailer",20:49 Mon,"","MIDIW PM BAND 1 Weekly","44T MIDIW",5396,19,19,"","","",0,0,0,0,0
3000,3,1,"MIDIW",13:00 Mon,16:57 Mon,"10011","CONNECTIONS(Benchmarx)","NN4 7PN",00:01 Mon,23:59 Mon,17:02 Mon,17:02 Mon,0:00,"D","CONNECTIONS",0,0,0,0,1,1,"Store volume","SALT SINGLE","","","",17:07 Mon,7:50,2:00,88,44,1:03,65.28,0:00,4,3,3,1,16:42 Mon,17:07 Mon,17:37 Mon,"MIDIW","MIDIW",16:42 Mon,16:57 Mon,"MIDIW",16:57 Mon,"SD Trailer",20:49 Mon,"","MIDIW PM BAND 1 Weekly","44T MIDIW",5417,1,1,"","","MIDIW",0,0,0,0,0
3000,4,1,"MIDIW",13:00 Mon,17:52 Mon,"NETOB","NETHEROB","NN7 3LB",00:01 Mon,23:59 Mon,18:19 Mon,19:29 Mon,1:10,"C","NETHER IW",0,0,0,0,1,1,"Store volume","SALT SINGLE","","","",19:49 Mon,7:50,2:00,88,44,1:03,65.28,0:00,4,4,4,1,17:37 Mon,19:49 Mon,20:49 Mon,"MIDIW","MIDIW",17:37 Mon,17:52 Mon,"MIDIW",17:52 Mon,"SD Trailer",20:49 Mon,"","MIDIW PM BAND 1 Weekly","44T MIDIW",5395,19,19,"","","",0,0,0,0,0
3002,1,1,"MIDIW",16:00 Mon,16:45 Mon,"CAROB","CAROB","CF10 4ED",00:01 Mon,23:59 Mon,20:13 Mon,20:13 Mon,0:00,"D","CARDIFF TRUNK",0,0,0,0,40,1,"Store volume","SALT DOUBLE","","","",00:26 Tue,9:26,6:51,469,235,3:23,94.33,0:00,1,1,1,1,16:00 Mon,00:26 Tue,01:26 Tue,"MIDIW","MIDIW",16:00 Mon,16:45 Mon,"MIDIW",16:45 Mon,"DD Trailer",01:26 Tue,"","MIDIW PM BAND 3 Weekly","44T MIDIW",5388,235,234,"","","",0,0,0,0,0
3003,1,1,"DEVOB",18:00 Mon,18:30 Mon,"MIDIWTRUNK","MIDIWTRUNK","NN4 7JE",00:01 Mon,23:59 Mon,20:40 Mon,21:25 Mon,0:45,"C","DEVIZES TRUNK",0,0,0,0,1,1,"Store volume","DEVOB DOUBLE","","","",00:27 Tue,6:57,4:22,292,143,2:10,69.50,0:00,1,1,1,1,18:00 Mon,00:27 Tue,00:57 Tue,"DEVOB","DEVOB",18:00 Mon,18:30 Mon,"DEVOB",18:30 Mon,"DD Trailer",00:57 Tue,"","DEVOB PM Weekly","44T DEVOB",5389,149,143,"","","",0,0,0,0,0
3004,1,1,"MIDIW",16:00 Mon,16:45 Mon,"NORTP","GOWERTON","NN4 7BN",00:01 Mon,23:59 Mon,16:56 Mon,17:16 Mon,0:20,"D","TRURO LOAD ONTO MT TP TRAILER",0,0,0,0,1,1,"Store volume","SALT DOUBLE","","","",17:26 Mon,9:58,5:33,428,213,2:43,99.67,0:00,2,1,1,1,16:00 Mon,17:26 Mon,17:56 Mon,"MIDIW","MIDIW",16:00 Mon,16:45 Mon,"MIDIW",16:45 Mon,"DD Trailer",01:58 Tue,"","MIDIW PM BAND 3 Weekly","44T MIDIW",5567,4,5,"","","",0,0,0,0,0
3004,2,1,"MIDIW",16:00 Mon,18:11 Mon,"WAKEIWTRUNK","WAKEIWTRUNK","WF10 5QS",00:01 Mon,23:59 Mon,20:50 Mon,22:25 Mon,1:35,"D","WAKEFIELD TRUNK 4",0,0,0,0,40,1,"Store volume","SALT DOUBLE","","","",00:58 Tue,9:58,5:33,428,213,2:43,99.67,0:00,2,2,2,1,17:56 Mon,00:58 Tue,01:58 Tue,"MIDIW","MIDIW",17:56 Mon,18:11 Mon,"MIDIW",18:11 Mon,"DD Trailer",01:58 Tue,"","MIDIW PM BAND 3 Weekly","44T MIDIW",5568,209,209,"","","",0,0,0,0,0
3005,1,1,"MIDIW",16:00 Mon,16:45 Mon,"NORTP","GOWERTON","NN4 7BN",00:01 Mon,23:59 Mon,16:56 Mon,17:16 Mon,0:20,"D","PLYMOUTH LOAD ONTO MT TP TRAILER",0,0,0,0,1,1,"Store volume","SALT DOUBLE","","","",17:26 Mon,9:58,5:33,428,213,2:43,99.67,0:00,2,1,1,1,16:00 Mon,17:26 Mon,17:56 Mon,"MIDIW","MIDIW",16:00 Mon,16:45 Mon,"MIDIW",16:45 Mon,"DD Trailer",01:58 Tue,"","MIDIW PM BAND 3 Weekly","44T MIDIW",5569,4,5,"","","",0,0,0,0,0
3005,2,1,"MIDIW",16:00 Mon,18:11 Mon,"WAKEIWTRUNK","WAKEIWTRUNK","WF10 5QS",00:01 Mon,23:59 Mon,20:50 Mon,22:25 Mon,1:35,"D","WAKEFIELD TRUNK 5",0,0,0,0,40,1,"Store volume","SALT DOUBLE","","","",00:58 Tue,9:58,5:33,428,213,2:43,99.67,0:00,2,2,2,1,17:56 Mon,00:58 Tue,01:58 Tue,"MIDIW","MIDIW",17:56 Mon,18:11 Mon,"MIDIW",18:11 Mon,"DD Trailer",01:58 Tue,"","MIDIW PM BAND 3 Weekly","44T MIDIW",5570,209,209,"","","",0,0,0,0,0
3006,1,1,"MIDIW",18:00 Mon,18:45 Mon,"WAKEIWTRUNK","WAKEIWTRUNK","WF10 5QS",00:01 Mon,23:59 Mon,21:18 Mon,22:03 Mon,0:45,"D","",0,0,0,0,40,1,"Store volume","SALT DOUBLE","","","",01:26 Tue,8:26,5:06,418,209,2:33,84.33,0:00,1,1,1,1,18:00 Mon,01:26 Tue,02:26 Tue,"MIDIW","MIDIW",18:00 Mon,18:45 Mon,"MIDIW",18:45 Mon,"DD Trailer",02:26 Tue,"","MIDIW PM BAND 4 Weekly","44T MIDIW",5571,209,209,"","","",0,0,0,0,0
4000,1,1,"WAKEIW",13:00 Mon,13:45 Mon,"MIDIWTRUNK","MIDIWTRUNK","NN4 7JE",00:01 Mon,23:59 Mon,16:16 Mon,17:01 Mon,0:45,"C","",0,0,0,0,40,1,"Store volume","WAKE DOUBLE","","","",22:17 Mon,10:17,5:57,470,0,0:00,85.69,0:00,1,1,1,1,13:00 Mon,22:17 Mon,23:17 Mon,"WAKEIW","WAKEIW",13:00 Mon,13:45 Mon,"WAKEIW",13:45 Mon,"DD Trailer",23:17 Mon,"","WAKEIW PM BAND 1 Weekly","44T WAKEIW",5574,230,209,"","","",0,0,0,0,0
4000,1,2,"WAKEIW",13:00 Mon,13:45 Mon,"WETCL","WETHERBY","LS22 5GT",00:01 Mon,23:59 Mon,20:48 Mon,21:48 Mon,1:00,"D","",0,0,0,0,40,1,"Store volume","WAKE DOUBLE","","","",22:17 Mon,10:17,5:57,470,0,0:00,85.69,0:00,1,2,2,2,13:00 Mon,22:17 Mon,23:17 Mon,"WAKEIW","WAKEIW",13:00 Mon,13:45 Mon,"WAKEIW",13:45 Mon,"DD Trailer",23:17 Mon,"","WAKEIW PM BAND 1 Weekly","44T WAKEIW",5575,31,230,"","","",0,0,0,0,0
4001,1,1,"WAKEIW",16:00 Mon,16:45 Mon,"MIDIWTRUNK","MIDIWTRUNK","NN4 7JE",00:01 Mon,23:59 Mon,19:33 Mon,20:18 Mon,0:45,"D","",0,0,0,0,40,1,"Store volume","WAKE DOUBLE","","","",23:39 Mon,8:39,5:19,418,209,2:31,86.50,0:00,1,1,1,1,16:00 Mon,23:39 Mon,00:39 Tue,"WAKEIW","WAKEIW",16:00 Mon,16:45 Mon,"WAKEIW",16:45 Mon,"DD Trailer",00:39 Tue,"","WAKEIW PM BAND 3 Weekly","44T WAKEIW",5576,209,209,"","","",0,0,0,0,0
4002,1,1,"WAKEIW",17:25 Mon,18:10 Mon,"MIDIWTRUNK","MIDIWTRUNK","NN4 7JE",00:01 Mon,23:59 Mon,20:42 Mon,21:27 Mon,0:45,"D","",0,0,0,0,40,1,"Store volume","WAKE DOUBLE","","","",00:48 Tue,8:23,5:03,418,209,2:31,83.83,0:00,1,1,1,1,17:25 Mon,00:48 Tue,01:48 Tue,"WAKEIW","WAKEIW",17:25 Mon,18:10 Mon,"WAKEIW",18:10 Mon,"DD Trailer",01:48 Tue,"","WAKEIW PM BAND 3 Weekly","44T WAKEIW",5577,209,209,"","","",0,0,0,0,0
4003,1,1,"WAKEIW",15:59 Mon,16:44 Mon,"10034","PREMDOR","S75 5JS",00:01 Mon,23:59 Mon,17:11 Mon,17:48 Mon,0:37,"C","Collection Date -20/02/2017",5000,24,0,0,24,3,"Backhaul volume","WAKE DOUBLE","various","julie-anne thomas - 1226392662","jathomas@premdor.com",00:13 Tue,9:14,5:17,430,0,0:00,92.33,0:00,1,1,1,1,15:59 Mon,00:13 Tue,01:13 Tue,"WAKEIW","WAKEIW",15:59 Mon,16:44 Mon,"WAKEIW",16:44 Mon,"DD Trailer",01:13 Tue,"","WAKEIW PM BAND 2 Weekly","44T WAKEIW",5618,193,28,"","","WAKEIW",0,0,0,2,0
4003,1,2,"WAKEIW",15:59 Mon,16:44 Mon,"MIDIWTRUNK","MIDIWTRUNK","NN4 7JE",00:01 Mon,23:59 Mon,20:07 Mon,20:52 Mon,0:45,"D","",0,0,0,0,40,1,"Store volume","WAKE DOUBLE","","","",00:13 Tue,9:14,5:17,430,0,0:00,92.33,0:00,1,2,2,2,15:59 Mon,00:13 Tue,01:13 Tue,"WAKEIW","WAKEIW",15:59 Mon,16:44 Mon,"WAKEIW",16:44 Mon,"DD Trailer",01:13 Tue,"","WAKEIW PM BAND 2 Weekly","44T WAKEIW",5578,209,193,"","","",0,0,0,0,0
4004,1,1,"WAKEIW",16:00 Mon,16:45 Mon,"10034","PREMDOR","S75 5JS",00:01 Mon,23:59 Mon,17:12 Mon,17:49 Mon,0:37,"C","Collection Date -20/02/2017",5000,24,0,0,24,3,"Backhaul volume","WAKE DOUBLE","various","julie-anne thomas - 1226392662","jathomas@premdor.com",00:14 Tue,9:14,5:17,430,0,0:00,92.33,0:00,1,1,1,1,16:00 Mon,00:14 Tue,01:14 Tue,"WAKEIW","WAKEIW",16:00 Mon,16:45 Mon,"WAKEIW",16:45 Mon,"DD Trailer",01:14 Tue,"","WAKEIW PM BAND 3 Weekly","44T WAKEIW",5617,193,28,"","","WAKEIW",0,0,0,2,0
4004,1,2,"WAKEIW",16:00 Mon,16:45 Mon,"MIDIWTRUNK","MIDIWTRUNK","NN4 7JE",00:01 Mon,23:59 Mon,20:08 Mon,20:53 Mon,0:45,"D","",0,0,0,0,40,1,"Store volume","WAKE DOUBLE","","","",00:14 Tue,9:14,5:17,430,0,0:00,92.33,0:00,1,2,2,2,16:00 Mon,00:14 Tue,01:14 Tue,"WAKEIW","WAKEIW",16:00 Mon,16:45 Mon,"WAKEIW",16:45 Mon,"DD Trailer",01:14 Tue,"","WAKEIW PM BAND 3 Weekly","44T WAKEIW",5579,209,193,"","","",0,0,0,0,0
4005,1,1,"WAKEIW",16:30 Mon,17:15 Mon,"15610","TILE GIANT","WS13 8NQ",00:01 Mon,23:59 Mon,19:13 Mon,19:43 Mon,0:30,"C","",0,0,0,0,24,1,"Store volume","WAKE DOUBLE","","","",01:46 Tue,10:16,6:06,465,0,0:00,102.67,0:00,1,1,1,1,16:30 Mon,01:46 Tue,02:46 Tue,"WAKEIW","WAKEIW",16:30 Mon,17:15 Mon,"WAKEIW",17:15 Mon,"DD Trailer",02:46 Tue,"","WAKEIW PM BAND 3 Weekly","44T WAKEIW",5580,109,143,"","","",0,0,0,0,0
4005,1,2,"WAKEIW",16:30 Mon,17:15 Mon,"NORTP","GOWERTON","NN4 7BN",00:01 Mon,23:59 Mon,21:11 Mon,21:31 Mon,0:20,"D","",0,0,0,0,1,1,"Store volume","WAKE DOUBLE","","","",01:46 Tue,10:16,6:06,465,0,0:00,102.67,0:00,1,2,2,2,16:30 Mon,01:46 Tue,02:46 Tue,"WAKEIW","WAKEIW",16:30 Mon,17:15 Mon,"WAKEIW",17:15 Mon,"DD Trailer",02:46 Tue,"","WAKEIW PM BAND 3 Weekly","44T WAKEIW",5581,4,109,"","","",0,0,0,0,0
4005,1,3,"WAKEIW",16:30 Mon,17:15 Mon,"MIDIWTRUNK","MIDIWTRUNK","NN4 7JE",00:01 Mon,23:59 Mon,21:40 Mon,23:15 Mon,1:35,"C","",0,0,0,0,24,1,"Store volume","WAKE DOUBLE","","","",01:46 Tue,10:16,6:06,465,0,0:00,102.67,0:00,1,3,3,3,16:30 Mon,01:46 Tue,02:46 Tue,"WAKEIW","WAKEIW",16:30 Mon,17:15 Mon,"WAKEIW",17:15 Mon,"DD Trailer",02:46 Tue,"","WAKEIW PM BAND 3 Weekly","44T WAKEIW",5582,209,4,"","","",0,0,0,0,0
5000,1,1,"MIDIW",06:00 Mon,06:00 Mon,"SHUNTSAL","SHUNTSAL","NN4 7EX",00:01 Mon,23:59 Mon,06:05 Mon,13:55 Mon,7:50,"D","SHUNTER",0,0,0,0,1,1,"Store volume","","","","",14:00 Mon,8:00,0:10,2,1,0:05,100.00,0:00,1,1,1,1,06:00 Mon,14:00 Mon,14:00 Mon,"MIDIW","MIDIW",06:00 Mon,06:00 Mon,"MIDIW",06:00 Mon,"",14:00 Mon,"","SHUNTERAM Weekly","",5583,1,1,"","","",0,0,0,0,0
5001,1,1,"MIDIW",14:00 Mon,14:00 Mon,"SHUNTSAL","SHUNTSAL","NN4 7EX",00:01 Mon,23:59 Mon,14:05 Mon,21:55 Mon,7:50,"D","SHUNTER",0,0,0,0,1,1,"Store volume","","","","",22:00 Mon,8:00,0:10,2,1,0:05,100.00,0:00,1,1,1,1,14:00 Mon,22:00 Mon,22:00 Mon,"MIDIW","MIDIW",14:00 Mon,14:00 Mon,"MIDIW",14:00 Mon,"",22:00 Mon,"","SHUNTERPM Weekly","",5584,1,1,"","","",0,0,0,0,0
5002,1,1,"MIDIW",22:00 Mon,22:00 Mon,"SHUNTSAL","SHUNTSAL","NN4 7EX",00:01 Mon,23:59 Mon,22:05 Mon,05:55 Tue,7:50,"D","SHUNTER",0,0,0,0,1,1,"Store volume","","","","",06:00 Tue,8:00,0:10,2,1,0:05,100.00,0:00,1,1,1,1,22:00 Mon,06:00 Tue,06:00 Tue,"MIDIW","MIDIW",22:00 Mon,22:00 Mon,"MIDIW",22:00 Mon,"",06:00 Tue,"","SHUNTERNIGHT Weekly","",5585,1,1,"","","",0,0,0,0,0
6000,1,1,"BELOB",18:00 Mon,18:30 Mon,"WETCL","WETHERBY","LS22 5GT",00:01 Mon,23:59 Mon,22:17 Mon,22:38 Mon,0:21,"C","",0,0,0,0,1,1,"Store volume","BELLS DOUBLE","","","",03:17 Tue,9:47,7:36,621,310,3:47,97.83,0:00,1,1,1,1,18:00 Mon,03:17 Tue,03:47 Tue,"BELOB","BELOB",18:00 Mon,18:30 Mon,"BELOB",18:30 Mon,"DD Trailer",03:47 Tue,"","BELOB PM Weekly","44T BELOB",5586,311,310,"","","",0,0,0,0,0
