CALL.ROUTENO,CALL.TRIPNO,CALL.TRIPPOS,CALL.DEPOTID,CALL.DSHIFTSTARTTIME,CALL.DEPOTDEPART,CALL.ID,CALL.NAME,CALL.POSTCODE,CALL.TWSTART,CALL.TWEND,CALL.ARRIVALTIME,CALL.DEPARTTIME,CALL.DURATION,CALL.TYPE,CALL.ORDDETS1,CALL.MEASURE1,CALL.MEASURE2,CALL.MEASURE3,CALL.MEASURE4,CALL.MEASURE5,CALL.PRODUCT,CALL.PRODUCTNAME,CALL.TRAILGRPNAME,CALL.ORDDETS2,CALL.ORDDETS3,CALL.ORDDETS4,CALL.TRPENDDEPOTARR,CALL.DSHIFTTOTDUTY,CALL.DSHIFTTOTDRIVE,CALL.DSHIFTTOTDIST,CALL.DSHIFTEMPTYDIST,CALL.DSHIFTEMPTYTIME,CALL.DSHIFTTIMEUTIL,CALL.DSHIFTTOTWAIT,CALL.DSHIFTTOTTRIPS,CALL.RDROPNUM,CALL.ROUTEPOS,CALL.TDROPNUM,CALL.TRIPSTART,CALL.TRPDSTDEPOTARR,CALL.TRPDSTDEPOTDEP,CALL.TRPENDDEPOT,CALL.TRPSRCDEPOT,CALL.TRPSRCDEPOTARR,CALL.TRPSRCDEPOTDEP,CALL.TRPSTARTDEPOT,CALL.TRPSTARTDEPOTDEP,CALL.TRAILTYPENAME,CALL.DSHIFTENDTIME,CALL.PAIR,CALL.DRIVGRPNAME,CALL.TRCTGRPNAME,CALL.DROPID,CALL.TRVDISNXT,CALL.TRVDISPRV,CALL.CUSTTDATA01,CALL.CUSTTDATA02,CALL.CUSTTDATA03,CALL.NDATA01,CALL.NDATA02,CALL.NDATA03,CALL.NDATA04,CALL.NDATA05
1,1,1,"EXEOB",08:42 Mon,09:12 Mon,"292","Plymouth","PL6 8LX",10:00 Mon,12:00 Mon,10:00 Mon,11:06 Mon,1:06,"D","",7268,12,6,2,18,1,"Store volume","TP Trailer","","","",11:54 Mon,3:42,1:36,131,66,0:48,27.41,0:00,1,1,1,1,08:42 Mon,11:54 Mon,12:24 Mon,"EXEOB","EXEOB",08:42 Mon,09:12 Mon,"EXEOB",09:12 Mon,"DD Trailer",12:24 Mon,"","EXEOB AM Weekly","44T EXEOB",5690,66,66,"0141 951 1758","","EXEOB",1753,0,18,0,11341
2,1,1,"EXEOB",10:43 Mon,11:13 Mon,"407","Truro","TR4 8QN",13:00 Mon,15:00 Mon,13:00 Mon,14:12 Mon,1:12,"D","",6046,19,2,4,21,1,"Store volume","TP Trailer","","","",15:59 Mon,6:35,3:33,290,145,1:47,48.77,0:00,1,1,1,1,10:43 Mon,15:59 Mon,17:19 Mon,"EXEOB","EXEOB",10:43 Mon,11:13 Mon,"EXEOB",11:13 Mon,"DD Trailer",17:19 Mon,"","EXEOB AM Weekly","44T EXEOB",5733,145,145,"","","EXEOB",1215,0,21,0,12248
3,1,1,"CAROB",04:43 Mon,05:13 Mon,"353","Haverford West","SA61 2PY",07:30 Mon,09:30 Mon,07:30 Mon,08:48 Mon,1:18,"D","",9801,19,5,2,24,1,"Store volume","CAROB DOUBLE","","","",13:22 Mon,9:08,4:50,328,77,1:15,67.65,0:00,1,1,1,1,04:43 Mon,13:22 Mon,13:52 Mon,"CAROB","CAROB",04:43 Mon,05:13 Mon,"CAROB",05:13 Mon,"DD Trailer",13:52 Mon,"","CAROB AM Weekly","44T CAROB",5720,89,162,"","","CAROB",2591,0,24,0,14789
3,1,2,"CAROB",04:43 Mon,05:13 Mon,"323","Swansea","SA5 8LJ",10:00 Mon,12:00 Mon,10:07 Mon,12:07 Mon,2:00,"D","",4065,14,6,3,20,1,"Store volume","CAROB DOUBLE","","","",13:22 Mon,9:08,4:50,328,77,1:15,67.65,0:00,1,2,2,2,04:43 Mon,13:22 Mon,13:52 Mon,"CAROB","CAROB",04:43 Mon,05:13 Mon,"CAROB",05:13 Mon,"DD Trailer",13:52 Mon,"","CAROB AM Weekly","44T CAROB",5704,77,89,"","","CAROB",965,0,20,0,8933
4,1,1,"MIDIW",04:05 Mon,04:50 Mon,"246","Bournemouth","BH11 8LL",07:15 Mon,09:15 Mon,07:57 Mon,08:53 Mon,0:56,"D","",2027,11,2,3,13,1,"Store volume","SALT DOUBLE","","","",15:07 Mon,12:52,6:52,481,48,0:49,95.31,0:00,1,1,1,1,04:05 Mon,15:07 Mon,16:57 Mon,"MIDIW","MIDIW",04:05 Mon,04:50 Mon,"MIDIW",04:50 Mon,"DD Trailer",16:57 Mon,"","MIDIW AM BAND 1 Weekly","44T MIDIW",5667,17,247,"0191 263 5878","","MIDIW",930,0,12,0,5868
4,1,2,"MIDIW",04:05 Mon,04:50 Mon,"481","Christchurch","BH23 3PY",08:30 Mon,10:30 Mon,09:22 Mon,11:16 Mon,1:54,"D","",5420,13,4,3,17,1,"Store volume","SALT DOUBLE","","","",15:07 Mon,12:52,6:52,481,48,0:49,95.31,0:00,1,2,2,2,04:05 Mon,15:07 Mon,16:57 Mon,"MIDIW","MIDIW",04:05 Mon,04:50 Mon,"MIDIW",04:50 Mon,"DD Trailer",16:57 Mon,"","MIDIW AM BAND 1 Weekly","44T MIDIW",5757,48,17,"","","MIDIW",1780,0,17,0,13764
4,1,3,"MIDIW",04:05 Mon,04:50 Mon,"10053","DRAPER","SO53 1YF",00:01 Mon,23:59 Mon,12:05 Mon,12:40 Mon,0:35,"C","Collection Date -27/02/2017",5000,17,0,0,17,3,"Backhaul volume","SALT DOUBLE","544762766/544762474","Craig Southam - 2380742374","csoutham@drapertools.com",15:07 Mon,12:52,6:52,481,48,0:49,95.31,0:00,1,3,3,3,04:05 Mon,15:07 Mon,16:57 Mon,"MIDIW","MIDIW",04:05 Mon,04:50 Mon,"MIDIW",04:50 Mon,"DD Trailer",16:57 Mon,"","MIDIW AM BAND 1 Weekly","44T MIDIW",5620,169,48,"","","MIDIW",0,0,0,2,0
5,1,1,"MIDIW",04:46 Mon,05:31 Mon,"328","Southampton","SO16 6TP",08:00 Mon,10:00 Mon,08:00 Mon,09:30 Mon,1:30,"D","",13455,17,13,2,30,1,"Store volume","SALT DOUBLE","","","",14:48 Mon,11:02,5:41,412,176,2:37,81.73,0:00,1,1,1,1,04:46 Mon,14:48 Mon,15:48 Mon,"MIDIW","MIDIW",04:46 Mon,05:31 Mon,"MIDIW",05:31 Mon,"DD Trailer",15:48 Mon,"","MIDIW AM BAND 1 Weekly","44T MIDIW",5707,33,203,"01253 791146","","MIDIW",2267,0,30,0,21817
5,1,2,"MIDIW",04:46 Mon,05:31 Mon,"430","Salisbury","SP1 2QQ",09:30 Mon,11:30 Mon,10:05 Mon,12:11 Mon,2:06,"D","",10827,16,7,3,23,1,"Store volume","SALT DOUBLE","","","",14:48 Mon,11:02,5:41,412,176,2:37,81.73,0:00,1,2,2,2,04:46 Mon,14:48 Mon,15:48 Mon,"MIDIW","MIDIW",04:46 Mon,05:31 Mon,"MIDIW",05:31 Mon,"DD Trailer",15:48 Mon,"","MIDIW AM BAND 1 Weekly","44T MIDIW",5741,176,33,"01732 460434","","MIDIW",2239,0,22,0,17007
6,1,1,"MIDIW",04:59 Mon,05:44 Mon,"338","Havant","PO9 1HH",07:30 Mon,09:30 Mon,08:11 Mon,09:35 Mon,1:24,"D","",9492,21,6,3,27,1,"Store volume","SALT DOUBLE","","","",14:42 Mon,10:43,5:38,435,205,2:46,79.38,0:00,1,1,1,1,04:59 Mon,14:42 Mon,15:42 Mon,"MIDIW","MIDIW",04:59 Mon,05:44 Mon,"MIDIW",05:44 Mon,"DD Trailer",15:42 Mon,"","MIDIW AM BAND 1 Weekly","44T MIDIW",5712,27,203,"01322 439762","","MIDIW",2301,0,26,0,16666
6,1,2,"MIDIW",04:59 Mon,05:44 Mon,"492","Bognor Regis","PO22 9NG",10:00 Mon,12:00 Mon,10:00 Mon,11:56 Mon,1:56,"D","",5844,11,7,3,18,1,"Store volume","SALT DOUBLE","","","",14:42 Mon,10:43,5:38,435,205,2:46,79.38,0:00,1,2,2,2,04:59 Mon,14:42 Mon,15:42 Mon,"MIDIW","MIDIW",04:59 Mon,05:44 Mon,"MIDIW",05:44 Mon,"DD Trailer",15:42 Mon,"","MIDIW AM BAND 1 Weekly","44T MIDIW",5759,205,27,"","","",1081,0,17,0,8360
7,1,1,"MIDIW",05:35 Mon,06:20 Mon,"444","Littlehampton","BN17 5RA",08:00 Mon,10:00 Mon,09:25 Mon,10:37 Mon,1:12,"D","",6714,15,6,2,21,1,"Store volume","SALT DOUBLE","","","",15:31 Mon,10:56,6:07,415,200,2:39,80.99,0:00,1,1,1,1,05:35 Mon,15:31 Mon,16:31 Mon,"MIDIW","MIDIW",05:35 Mon,06:20 Mon,"MIDIW",06:20 Mon,"DD Trailer",16:31 Mon,"","MIDIW AM BAND 1 Weekly","44T MIDIW",5744,17,198,"","","MIDIW",1996,0,21,0,11881
7,1,2,"MIDIW",05:35 Mon,06:20 Mon,"221","Worthing","BN14 8JP",11:00 Mon,13:00 Mon,11:00 Mon,12:52 Mon,1:52,"D","",6125,13,3,3,16,1,"Store volume","SALT DOUBLE","","","",15:31 Mon,10:56,6:07,415,200,2:39,80.99,0:00,1,2,2,2,05:35 Mon,15:31 Mon,16:31 Mon,"MIDIW","MIDIW",05:35 Mon,06:20 Mon,"MIDIW",06:20 Mon,"DD Trailer",16:31 Mon,"","MIDIW AM BAND 1 Weekly","44T MIDIW",5656,200,17,"01903 219121","","MIDIW",1886,0,15,0,11029
8,1,1,"MIDIW",04:05 Mon,04:50 Mon,"451","Hailsham","BN27 3JF",07:15 Mon,09:15 Mon,07:48 Mon,09:06 Mon,1:18,"D","",7635,21,3,5,24,1,"Store volume","SALT DOUBLE","","","",14:34 Mon,11:29,6:16,455,194,2:25,85.06,0:00,1,1,1,1,04:05 Mon,14:34 Mon,15:34 Mon,"MIDIW","MIDIW",04:05 Mon,04:50 Mon,"MIDIW",04:50 Mon,"DD Trailer",15:34 Mon,"","MIDIW AM BAND 1 Weekly","44T MIDIW",5746,46,214,"","","MIDIW",3059,0,24,0,15334
8,1,2,"MIDIW",04:05 Mon,04:50 Mon,"448","Burgess Hill","RH15 9QU",09:30 Mon,11:30 Mon,10:49 Mon,12:09 Mon,1:20,"D","",8223,20,5,4,25,1,"Store volume","SALT DOUBLE","","","",14:34 Mon,11:29,6:16,455,194,2:25,85.06,0:00,1,2,2,2,04:05 Mon,14:34 Mon,15:34 Mon,"MIDIW","MIDIW",04:05 Mon,04:50 Mon,"MIDIW",04:50 Mon,"DD Trailer",15:34 Mon,"","MIDIW AM BAND 1 Weekly","44T MIDIW",5745,194,46,"","","MIDIW",2968,0,25,0,15681
9,1,1,"MIDIW",04:47 Mon,05:32 Mon,"319","Bexhill","TN40 2JS",09:00 Mon,11:00 Mon,09:00 Mon,10:02 Mon,1:02,"D","",5931,13,3,2,16,1,"Store volume","SALT DOUBLE","","","",15:35 Mon,11:48,7:05,490,239,3:09,87.41,0:00,1,1,1,1,04:47 Mon,15:35 Mon,16:35 Mon,"MIDIW","MIDIW",04:47 Mon,05:32 Mon,"MIDIW",05:32 Mon,"DD Trailer",16:35 Mon,"","MIDIW AM BAND 1 Weekly","44T MIDIW",5700,21,230,"01942 212100","","MIDIW",2179,0,16,0,13670
9,1,2,"MIDIW",04:47 Mon,05:32 Mon,"265","Eastbourne","BN23 6PW",09:30 Mon,11:30 Mon,11:20 Mon,12:26 Mon,1:06,"D","",7769,13,5,2,18,1,"Store volume","SALT DOUBLE","","","",15:35 Mon,11:48,7:05,490,239,3:09,87.41,0:00,1,2,2,2,04:47 Mon,15:35 Mon,16:35 Mon,"MIDIW","MIDIW",04:47 Mon,05:32 Mon,"MIDIW",05:32 Mon,"DD Trailer",16:35 Mon,"","MIDIW AM BAND 1 Weekly","44T MIDIW",5679,239,21,"01226 770659","","MIDIW",2406,0,17,0,14247
10,1,1,"MIDIW",04:21 Mon,05:06 Mon,"479","Folkestone","CT19 4QE",08:00 Mon,10:00 Mon,08:00 Mon,09:24 Mon,1:24,"D","",11926,17,10,3,27,1,"Store volume","SALT DOUBLE","","","",14:15 Mon,10:54,5:55,463,214,2:43,80.74,0:00,1,1,1,1,04:21 Mon,14:15 Mon,15:15 Mon,"MIDIW","MIDIW",04:21 Mon,05:06 Mon,"MIDIW",05:06 Mon,"DD Trailer",15:15 Mon,"","MIDIW AM BAND 1 Weekly","44T MIDIW",5756,20,229,"","","MIDIW",2830,0,27,0,20751
10,1,2,"MIDIW",04:21 Mon,05:06 Mon,"90","Ashford","TN24 0SH",09:00 Mon,11:00 Mon,09:42 Mon,11:32 Mon,1:50,"D","",6798,13,2,3,15,1,"Store volume","SALT DOUBLE","","","",14:15 Mon,10:54,5:55,463,214,2:43,80.74,0:00,1,2,2,2,04:21 Mon,14:15 Mon,15:15 Mon,"MIDIW","MIDIW",04:21 Mon,05:06 Mon,"MIDIW",05:06 Mon,"DD Trailer",15:15 Mon,"","MIDIW AM BAND 1 Weekly","44T MIDIW",5650,214,20,"020 8953 2500","","MIDIW",2318,0,15,0,14282
11,1,1,"MIDIW",04:48 Mon,05:33 Mon,"320","Sittingbourne","ME10 1NU",08:00 Mon,10:00 Mon,08:00 Mon,09:32 Mon,1:32,"D","",9785,27,4,4,31,1,"Store volume","SALT DOUBLE","","","",14:25 Mon,10:38,5:13,390,182,2:21,78.77,0:00,1,1,1,1,04:48 Mon,14:25 Mon,15:25 Mon,"MIDIW","MIDIW",04:48 Mon,05:33 Mon,"MIDIW",05:33 Mon,"DD Trailer",15:25 Mon,"","MIDIW AM BAND 1 Weekly","44T MIDIW",5701,22,187,"","","MIDIW",3613,0,30,0,20696
11,1,2,"MIDIW",04:48 Mon,05:33 Mon,"314","Maidstone","ME16 0SN",09:30 Mon,11:30 Mon,09:56 Mon,12:04 Mon,2:08,"D","",8920,20,4,3,24,1,"Store volume","SALT DOUBLE","","","",14:25 Mon,10:38,5:13,390,182,2:21,78.77,0:00,1,2,2,2,04:48 Mon,14:25 Mon,15:25 Mon,"MIDIW","MIDIW",04:48 Mon,05:33 Mon,"MIDIW",05:33 Mon,"DD Trailer",15:25 Mon,"","MIDIW AM BAND 1 Weekly","44T MIDIW",5697,182,22,"0161 763 9960","","MIDIW",2103,0,23,0,16798
12,1,1,"MIDIW",07:13 Mon,07:58 Mon,"382","East Grinstead","RH19 1QX",10:30 Mon,12:30 Mon,10:30 Mon,11:38 Mon,1:08,"D","",8223,15,4,2,19,1,"Store volume","SALT DOUBLE","","","",16:11 Mon,9:58,5:05,354,148,1:51,73.83,0:00,1,1,1,1,07:13 Mon,16:11 Mon,17:11 Mon,"MIDIW","MIDIW",07:13 Mon,07:58 Mon,"MIDIW",07:58 Mon,"DD Trailer",17:11 Mon,"","MIDIW AM BAND 2 Weekly","44T MIDIW",5729,34,172,"","","MIDIW",1873,0,19,0,14068
12,1,2,"MIDIW",07:13 Mon,07:58 Mon,"240","Dorking","RH4 3HQ",10:30 Mon,12:30 Mon,12:20 Mon,14:20 Mon,2:00,"D","",4750,18,2,3,20,1,"Store volume","SALT DOUBLE","","","",16:11 Mon,9:58,5:05,354,148,1:51,73.83,0:00,1,2,2,2,07:13 Mon,16:11 Mon,17:11 Mon,"MIDIW","MIDIW",07:13 Mon,07:58 Mon,"MIDIW",07:58 Mon,"DD Trailer",17:11 Mon,"","MIDIW AM BAND 2 Weekly","44T MIDIW",5665,148,34,"01642 633136","","MIDIW",1610,0,19,0,11474
13,1,1,"MIDIW",13:12 Mon,13:57 Mon,"410","Gravesend","DA11 0BZ",14:30 Mon,16:30 Mon,16:01 Mon,17:21 Mon,1:20,"D","",10548,19,6,2,25,1,"Store volume","SALT DOUBLE","","","",21:51 Mon,9:39,4:38,338,168,2:12,80.42,0:00,1,1,1,1,13:12 Mon,21:51 Mon,22:51 Mon,"MIDIW","MIDIW",13:12 Mon,13:57 Mon,"MIDIW",13:57 Mon,"DD Trailer",22:51 Mon,"","MIDIW PM BAND 1 Weekly","44T MIDIW",5735,15,155,"","","MIDIW",2668,0,24,0,20275
13,1,2,"MIDIW",13:12 Mon,13:57 Mon,"233","Chatham","ME4 6AA",16:00 Mon,18:00 Mon,17:43 Mon,19:39 Mon,1:56,"D","",3756,14,4,3,18,1,"Store volume","SALT DOUBLE","","","",21:51 Mon,9:39,4:38,338,168,2:12,80.42,0:00,1,2,2,2,13:12 Mon,21:51 Mon,22:51 Mon,"MIDIW","MIDIW",13:12 Mon,13:57 Mon,"MIDIW",13:57 Mon,"DD Trailer",22:51 Mon,"","MIDIW PM BAND 1 Weekly","44T MIDIW",5660,168,15,"01634 406060","","MIDIW",1320,0,17,0,10072
14,1,1,"MIDIW",09:59 Mon,10:44 Mon,"411","Sevenoaks","TN14 5DW",12:00 Mon,14:00 Mon,12:58 Mon,13:56 Mon,0:58,"D","",5591,10,4,1,14,1,"Store volume","SALT DOUBLE","","","",19:06 Mon,10:07,5:16,347,151,2:17,74.94,0:00,1,1,1,1,09:59 Mon,19:06 Mon,20:06 Mon,"MIDIW","MIDIW",09:59 Mon,10:44 Mon,"MIDIW",10:44 Mon,"DD Trailer",20:06 Mon,"","MIDIW AM BAND 3 Weekly","44T MIDIW",5736,32,165,"","","MIDIW",1781,0,14,0,10916
14,1,2,"MIDIW",09:59 Mon,10:44 Mon,"310","Erith","DA8 1QX",13:00 Mon,15:00 Mon,14:41 Mon,16:49 Mon,2:08,"D","",7485,21,3,3,24,1,"Store volume","SALT DOUBLE","","","",19:06 Mon,10:07,5:16,347,151,2:17,74.94,0:00,1,2,2,2,09:59 Mon,19:06 Mon,20:06 Mon,"MIDIW","MIDIW",09:59 Mon,10:44 Mon,"MIDIW",10:44 Mon,"DD Trailer",20:06 Mon,"","MIDIW AM BAND 3 Weekly","44T MIDIW",5696,151,32,"01322 439762","","MIDIW",2089,0,24,0,15224
15,1,1,"MIDIW",04:47 Mon,05:32 Mon,"332","Basingstoke","RG21 6AA",07:30 Mon,09:30 Mon,07:30 Mon,09:02 Mon,1:32,"D","",11247,22,9,3,31,1,"Store volume","SALT DOUBLE","","","",13:30 Mon,9:43,4:28,334,139,1:59,71.98,0:00,1,1,1,1,04:47 Mon,13:30 Mon,14:30 Mon,"MIDIW","MIDIW",04:47 Mon,05:32 Mon,"MIDIW",05:32 Mon,"DD Trailer",14:30 Mon,"","MIDIW AM BAND 1 Weekly","44T MIDIW",5709,34,161,"01892 510225","","MIDIW",3030,0,31,0,22516
15,1,2,"MIDIW",04:47 Mon,05:32 Mon,"321","Andover","SP10 4AU",08:00 Mon,10:00 Mon,09:33 Mon,11:31 Mon,1:58,"D","",6760,14,5,2,19,1,"Store volume","SALT DOUBLE","","","",13:30 Mon,9:43,4:28,334,139,1:59,71.98,0:00,1,2,2,2,04:47 Mon,13:30 Mon,14:30 Mon,"MIDIW","MIDIW",04:47 Mon,05:32 Mon,"MIDIW",05:32 Mon,"DD Trailer",14:30 Mon,"","MIDIW AM BAND 1 Weekly","44T MIDIW",5702,139,34,"0161 945 1225","","MIDIW",1521,0,19,0,12799
16,1,1,"MIDIW",04:05 Mon,04:50 Mon,"309","Epsom","KT17 1EQ",06:00 Mon,08:00 Mon,06:41 Mon,07:37 Mon,0:56,"D","",3575,11,2,3,13,1,"Store volume","SALT DOUBLE","","","",12:05 Mon,9:00,4:15,312,130,1:42,66.67,0:00,1,1,1,1,04:05 Mon,12:05 Mon,13:05 Mon,"MIDIW","MIDIW",04:05 Mon,04:50 Mon,"MIDIW",04:50 Mon,"DD Trailer",13:05 Mon,"","MIDIW AM BAND 1 Weekly","44T MIDIW",5695,37,144,"01372 748890","","MIDIW",1181,0,12,0,6298
16,1,2,"MIDIW",04:05 Mon,04:50 Mon,"80","Woking","GU21 2WB",08:00 Mon,10:00 Mon,08:19 Mon,09:33 Mon,1:14,"D","",6198,19,3,3,22,1,"Store volume","SALT DOUBLE","","","",12:05 Mon,9:00,4:15,312,130,1:42,66.67,0:00,1,2,2,2,04:05 Mon,12:05 Mon,13:05 Mon,"MIDIW","MIDIW",04:05 Mon,04:50 Mon,"MIDIW",04:50 Mon,"DD Trailer",13:05 Mon,"","MIDIW AM BAND 1 Weekly","44T MIDIW",5645,130,37,"01483 489 801","","MIDIW",2228,0,21,0,13926
17,1,1,"MIDIW",05:11 Mon,05:56 Mon,"93","Dartford","DA1 1UP",06:00 Mon,08:00 Mon,08:00 Mon,09:06 Mon,1:06,"D","",5795,15,3,3,18,1,"Store volume","SALT DOUBLE","","","",14:24 Mon,10:12,4:51,317,159,2:18,75.56,0:24,1,1,1,1,05:11 Mon,14:24 Mon,15:24 Mon,"MIDIW","MIDIW",05:11 Mon,05:56 Mon,"MIDIW",05:56 Mon,"DD Trailer",15:24 Mon,"","MIDIW AM BAND 1 Weekly","44T MIDIW",5652,13,145,"01132 554633","","MIDIW",2232,0,17,0,11994
17,1,2,"MIDIW",05:11 Mon,05:56 Mon,"370","Plumstead","SE18 2BG",10:00 Mon,12:00 Mon,10:00 Mon,12:06 Mon,2:06,"D","",6799,19,4,3,23,1,"Store volume","SALT DOUBLE","","","",14:24 Mon,10:12,4:51,317,159,2:18,75.56,0:24,1,2,2,2,05:11 Mon,14:24 Mon,15:24 Mon,"MIDIW","MIDIW",05:11 Mon,05:56 Mon,"MIDIW",05:56 Mon,"DD Trailer",15:24 Mon,"","MIDIW AM BAND 1 Weekly","44T MIDIW",5724,159,13,"","","MIDIW",2817,0,23,0,15645
18,1,1,"MIDIW",14:56 Mon,15:41 Mon,"59","Wimbledon","SW17 0BW",17:00 Mon,19:00 Mon,18:06 Mon,19:20 Mon,1:14,"D","",6778,20,2,4,22,1,"Store volume","SALT DOUBLE","","","",00:10 Tue,10:15,5:26,250,118,2:20,102.50,0:00,1,1,1,1,14:56 Mon,00:10 Tue,01:10 Tue,"MIDIW","MIDIW",14:56 Mon,15:41 Mon,"MIDIW",15:41 Mon,"DD Trailer",01:10 Tue,"","MIDIW PM BAND 2 Weekly","44T MIDIW",5640,15,116,"020 8947 9818","","MIDIW",1878,0,22,0,12990
18,1,2,"MIDIW",14:56 Mon,15:41 Mon,"83","Catford","SE6 4NU",20:00 Mon,22:00 Mon,20:00 Mon,21:50 Mon,1:50,"D","",3919,13,2,3,15,1,"Store volume","SALT DOUBLE","","","",00:10 Tue,10:15,5:26,250,118,2:20,102.50,0:00,1,2,2,2,14:56 Mon,00:10 Tue,01:10 Tue,"MIDIW","MIDIW",14:56 Mon,15:41 Mon,"MIDIW",15:41 Mon,"DD Trailer",01:10 Tue,"","MIDIW PM BAND 2 Weekly","44T MIDIW",5648,118,15,"020 8690 9872","","MIDIW",1104,0,15,0,6576
19,1,1,"MIDIW",10:00 Mon,10:45 Mon,"281","Blackheath","SE10 8DA",13:00 Mon,15:00 Mon,13:02 Mon,14:06 Mon,1:04,"D","",6052,12,5,1,17,1,"Store volume","SALT DOUBLE","","","",19:24 Mon,10:24,5:39,318,150,2:05,77.04,0:00,1,1,1,1,10:00 Mon,19:24 Mon,20:24 Mon,"MIDIW","MIDIW",10:00 Mon,10:45 Mon,"MIDIW",10:45 Mon,"DD Trailer",20:24 Mon,"","MIDIW AM BAND 4 Weekly","44T MIDIW",5686,23,145,"02086 921352","","MIDIW",2004,0,17,0,13269
19,1,2,"MIDIW",10:00 Mon,10:45 Mon,"214","Merton","SW19 3XD",14:00 Mon,16:00 Mon,15:23 Mon,17:19 Mon,1:56,"D","",6393,14,4,3,18,1,"Store volume","SALT DOUBLE","","","",19:24 Mon,10:24,5:39,318,150,2:05,77.04,0:00,1,2,2,2,10:00 Mon,19:24 Mon,20:24 Mon,"MIDIW","MIDIW",10:00 Mon,10:45 Mon,"MIDIW",10:45 Mon,"DD Trailer",20:24 Mon,"","MIDIW AM BAND 4 Weekly","44T MIDIW",5655,150,23,"01279 422 322","","MIDIW",3003,0,18,0,12703
20,1,1,"MIDIW",03:00 Mon,03:45 Mon,"461","West Wickham","BR4 9HT",06:00 Mon,06:30 Mon,06:09 Mon,07:23 Mon,1:14,"D","",8743,15,7,2,22,1,"Store volume","SALT DOUBLE","","","",12:59 Mon,10:59,6:04,355,164,2:24,91.53,0:00,1,1,1,1,03:00 Mon,12:59 Mon,13:59 Mon,"MIDIW","MIDIW",03:00 Mon,03:45 Mon,"MIDIW",03:45 Mon,"DD Trailer",13:59 Mon,"","AGENCY AM Weekly","44T MIDIW",5750,18,172,"","","MIDIW",2882,0,21,0,15413
20,1,2,"MIDIW",03:00 Mon,03:45 Mon,"466","Charlton","SE7 7SE",00:01 Mon,23:59 Mon,09:29 Mon,10:35 Mon,1:06,"D","",4497,16,2,3,18,1,"Store volume","SALT DOUBLE","","","",12:59 Mon,10:59,6:04,355,164,2:24,91.53,0:00,1,2,2,2,03:00 Mon,12:59 Mon,13:59 Mon,"MIDIW","MIDIW",03:00 Mon,03:45 Mon,"MIDIW",03:45 Mon,"DD Trailer",13:59 Mon,"","AGENCY AM Weekly","44T MIDIW",5751,164,18,"","","MIDIW",1160,0,18,0,8448
21,1,1,"MIDIW",05:18 Mon,06:03 Mon,"266","Kingston","KT2 6NU",08:00 Mon,10:00 Mon,08:00 Mon,09:06 Mon,1:06,"D","",5559,15,3,3,18,1,"Store volume","SALT DOUBLE","","","",13:07 Mon,8:49,3:48,260,122,1:32,73.47,0:00,1,1,1,1,05:18 Mon,13:07 Mon,14:07 Mon,"MIDIW","MIDIW",05:18 Mon,06:03 Mon,"MIDIW",06:03 Mon,"DD Trailer",14:07 Mon,"","AGENCY AM Weekly","44T MIDIW",5680,9,129,"01738 643985","","MIDIW",2712,0,17,0,12073
21,1,2,"MIDIW",05:18 Mon,06:03 Mon,"260","Hanworth","TW13 6JH",09:00 Mon,11:00 Mon,09:25 Mon,10:45 Mon,1:20,"D","",8613,21,4,5,25,1,"Store volume","SALT DOUBLE","","","",13:07 Mon,8:49,3:48,260,122,1:32,73.47,0:00,1,2,2,2,05:18 Mon,13:07 Mon,14:07 Mon,"MIDIW","MIDIW",05:18 Mon,06:03 Mon,"MIDIW",06:03 Mon,"DD Trailer",14:07 Mon,"","AGENCY AM Weekly","44T MIDIW",5675,122,9,"0131 669 6161","","MIDIW",2697,0,25,0,17035
22,1,1,"MIDIW",14:30 Mon,15:15 Mon,"297","Barking","IG11 8BL",17:00 Mon,19:00 Mon,17:00 Mon,18:06 Mon,1:06,"D","",6070,9,9,2,18,1,"Store volume","SALT DOUBLE","","","",22:07 Mon,8:37,3:54,269,133,1:53,86.17,0:00,1,1,1,1,14:30 Mon,22:07 Mon,23:07 Mon,"MIDIW","MIDIW",14:30 Mon,15:15 Mon,"MIDIW",15:15 Mon,"DD Trailer",23:07 Mon,"","MIDIW PM BAND 2 Weekly","44T MIDIW",5692,6,130,"01772 556487","","MIDIW",1549,0,18,0,8471
22,1,2,"MIDIW",14:30 Mon,15:15 Mon,"372","Chadwell Heath","RM6 4HX",17:00 Mon,19:00 Mon,18:22 Mon,19:24 Mon,1:02,"D","",6112,12,4,2,16,1,"Store volume","SALT DOUBLE","","","",22:07 Mon,8:37,3:54,269,133,1:53,86.17,0:00,1,2,2,2,14:30 Mon,22:07 Mon,23:07 Mon,"MIDIW","MIDIW",14:30 Mon,15:15 Mon,"MIDIW",15:15 Mon,"DD Trailer",23:07 Mon,"","MIDIW PM BAND 2 Weekly","44T MIDIW",5725,133,6,"","","MIDIW",1596,0,15,0,11663
23,1,1,"MIDIW",17:59 Mon,18:44 Mon,"322","Edmonton","N18 3HA",22:00 Mon,23:59 Mon,22:00 Mon,00:32 Tue,2:32,"D","",16362,28,8,4,36,1,"Store volume","SALT DOUBLE","","","",02:05 Tue,9:06,3:06,221,110,1:33,91.00,1:43,1,1,1,1,17:59 Mon,02:05 Tue,03:05 Tue,"MIDIW","MIDIW",17:59 Mon,18:44 Mon,"MIDIW",18:44 Mon,"DD Trailer",03:05 Tue,"","MIDIW PM BAND 3 Weekly","44T MIDIW",5703,110,110,"","","MIDIW",3575,0,36,0,29224
24,1,1,"DEVOB",05:39 Mon,06:09 Mon,"256","Barnstaple","EX32 8NX",09:00 Mon,11:00 Mon,09:00 Mon,09:30 Mon,0:30,"D","",6289,11,3,2,14,1,"Store volume","DEVOB DOUBLE","","","",14:15 Mon,9:06,5:46,433,23,0:31,67.41,0:00,1,1,1,1,05:39 Mon,14:15 Mon,14:45 Mon,"DEVOB","DEVOB",05:39 Mon,06:09 Mon,"DEVOB",06:09 Mon,"DD Trailer",14:45 Mon,"","DEVOB AM Weekly","44T DEVOB",5672,195,215,"01727 857 545","","DEVOB",1634,0,14,0,10911
24,1,2,"DEVOB",05:39 Mon,06:09 Mon,"349","Chippenham","SN14 6NF",12:00 Mon,14:00 Mon,12:44 Mon,13:44 Mon,1:00,"D","",7285,19,5,3,24,1,"Store volume","DEVOB DOUBLE","","","",14:15 Mon,9:06,5:46,433,23,0:31,67.41,0:00,1,2,2,2,05:39 Mon,14:15 Mon,14:45 Mon,"DEVOB","DEVOB",05:39 Mon,06:09 Mon,"DEVOB",06:09 Mon,"DD Trailer",14:45 Mon,"","DEVOB AM Weekly","44T DEVOB",5717,23,195,"","","MIDIW",2319,0,24,0,14139
25,1,1,"MIDIW",04:05 Mon,04:50 Mon,"308","Wrexham","LL13 8DE",07:30 Mon,09:30 Mon,07:35 Mon,09:19 Mon,1:44,"D","",15591,28,9,5,37,1,"Store volume","SALT DOUBLE","","","",14:17 Mon,11:12,6:05,427,55,1:08,82.96,0:00,1,1,1,1,04:05 Mon,14:17 Mon,15:17 Mon,"MIDIW","MIDIW",04:05 Mon,04:50 Mon,"MIDIW",04:50 Mon,"DD Trailer",15:17 Mon,"","MIDIW AM BAND 1 Weekly","44T MIDIW",5694,55,199,"01978 314538","","MIDIW",3614,0,37,0,27757
25,1,2,"MIDIW",04:05 Mon,04:50 Mon,"10023","H & R Johnson (Alsager)","ST7 2DF",00:01 Mon,23:59 Mon,11:17 Mon,12:05 Mon,0:48,"C","Collection Date -27/02/2017",24000,60,0,0,60,3,"Backhaul volume","SALT DOUBLE","761314","Jacquie Wright - 01782 524063","jwright@johnson-tiles.com",14:17 Mon,11:12,6:05,427,55,1:08,82.96,0:00,1,2,2,2,04:05 Mon,14:17 Mon,15:17 Mon,"MIDIW","MIDIW",04:05 Mon,04:50 Mon,"MIDIW",04:50 Mon,"DD Trailer",15:17 Mon,"","MIDIW AM BAND 1 Weekly","44T MIDIW",5626,173,55,"","","MIDIW",0,0,0,2,0
26,1,1,"MIDIW",05:21 Mon,06:06 Mon,"343","Telford","TF2 6DN",08:00 Mon,10:00 Mon,08:01 Mon,08:57 Mon,0:56,"D","",3822,10,3,2,13,1,"Store volume","SALT DOUBLE","","","",15:21 Mon,11:00,5:23,391,54,0:48,81.48,0:00,1,1,1,1,05:21 Mon,15:21 Mon,16:21 Mon,"MIDIW","MIDIW",05:21 Mon,06:06 Mon,"MIDIW",06:06 Mon,"DD Trailer",16:21 Mon,"","MIDIW AM BAND 1 Weekly","44T MIDIW",5715,31,141,"","","MIDIW",1294,0,12,0,7050
26,1,2,"MIDIW",05:21 Mon,06:06 Mon,"261","Cannock","WS11 1DB",09:00 Mon,11:00 Mon,09:33 Mon,10:51 Mon,1:18,"D","",8058,19,5,4,24,1,"Store volume","SALT DOUBLE","","","",15:21 Mon,11:00,5:23,391,54,0:48,81.48,0:00,1,2,2,2,05:21 Mon,15:21 Mon,16:21 Mon,"MIDIW","MIDIW",05:21 Mon,06:06 Mon,"MIDIW",06:06 Mon,"DD Trailer",16:21 Mon,"","MIDIW AM BAND 1 Weekly","44T MIDIW",5676,54,31,"01992 622 223","","MIDIW",2691,0,23,0,15844
26,1,3,"MIDIW",05:21 Mon,06:06 Mon,"10022","H & R Johnson (Stoke)","ST6 5JZ",00:01 Mon,23:59 Mon,12:29 Mon,13:17 Mon,0:48,"C","Collection Date -27/02/2017",24000,60,0,0,60,3,"Backhaul volume","SALT DOUBLE","761043","Jacquie Wright - 01782 524063","jwright@johnson-tiles.com",15:21 Mon,11:00,5:23,391,54,0:48,81.48,0:00,1,3,3,3,05:21 Mon,15:21 Mon,16:21 Mon,"MIDIW","MIDIW",05:21 Mon,06:06 Mon,"MIDIW",06:06 Mon,"DD Trailer",16:21 Mon,"","MIDIW AM BAND 1 Weekly","44T MIDIW",5621,166,54,"","","MIDIW",0,0,0,2,0
27,1,1,"MIDIW",08:04 Mon,08:49 Mon,"277","Banbury","OX16 2RR",08:30 Mon,10:30 Mon,09:39 Mon,10:55 Mon,1:16,"D","",6227,19,4,5,23,1,"Store volume","SALT DOUBLE","","","",17:08 Mon,10:04,3:56,261,15,0:23,83.89,0:00,1,1,1,1,08:04 Mon,17:08 Mon,18:08 Mon,"MIDIW","MIDIW",08:04 Mon,08:49 Mon,"MIDIW",08:49 Mon,"DD Trailer",18:08 Mon,"","AGENCY AM Weekly","44T MIDIW",5683,84,51,"01159 673617","","MIDIW",2646,0,22,0,14100
27,1,2,"MIDIW",08:04 Mon,08:49 Mon,"334","Perry Bar","B42 2ET",12:00 Mon,14:00 Mon,12:00 Mon,14:30 Mon,2:30,"D","",15114,25,10,4,35,1,"Store volume","SALT DOUBLE","","","",17:08 Mon,10:04,3:56,261,15,0:23,83.89,0:00,1,2,2,2,08:04 Mon,17:08 Mon,18:08 Mon,"MIDIW","MIDIW",08:04 Mon,08:49 Mon,"MIDIW",08:49 Mon,"DD Trailer",18:08 Mon,"","AGENCY AM Weekly","44T MIDIW",5710,15,84,"","","MIDIW",2901,0,34,0,25356
27,1,3,"MIDIW",08:04 Mon,08:49 Mon,"10031","NDC POLYTHENES","B64 5RE",00:01 Mon,23:59 Mon,14:53 Mon,15:30 Mon,0:37,"C","Collection Date -27/02/2017",5000,22,0,0,22,3,"Backhaul volume","SALT DOUBLE","762147","Bob Marsh - 0121-561-670","bobm@ndcpolipak.com",17:08 Mon,10:04,3:56,261,15,0:23,83.89,0:00,1,3,3,3,08:04 Mon,17:08 Mon,18:08 Mon,"MIDIW","MIDIW",08:04 Mon,08:49 Mon,"MIDIW",08:49 Mon,"DD Trailer",18:08 Mon,"","AGENCY AM Weekly","44T MIDIW",5611,111,15,"","","MIDIW",0,0,0,2,0
28,1,1,"MIDIW",05:59 Mon,06:44 Mon,"404","Burton On Trent","DE14 2AP",08:30 Mon,10:30 Mon,08:30 Mon,09:20 Mon,0:50,"D","",2112,7,3,2,10,1,"Store volume","SALT DOUBLE","","","",13:58 Mon,8:59,3:57,254,22,0:30,66.54,0:03,1,1,1,1,05:59 Mon,13:58 Mon,14:58 Mon,"MIDIW","MIDIW",05:59 Mon,06:44 Mon,"MIDIW",06:44 Mon,"DD Trailer",14:58 Mon,"","MIDIW AM BAND 1 Weekly","44T MIDIW",5732,41,120,"","","MIDIW",504,0,10,0,4927
28,1,2,"MIDIW",05:59 Mon,06:44 Mon,"278","Loughborough","LE11 1LW",09:00 Mon,11:00 Mon,10:02 Mon,11:00 Mon,0:58,"D","",5438,11,3,2,14,1,"Store volume","SALT DOUBLE","","","",13:58 Mon,8:59,3:57,254,22,0:30,66.54,0:03,1,2,2,2,05:59 Mon,13:58 Mon,14:58 Mon,"MIDIW","MIDIW",05:59 Mon,06:44 Mon,"MIDIW",06:44 Mon,"DD Trailer",14:58 Mon,"","MIDIW AM BAND 1 Weekly","44T MIDIW",5684,22,41,"01382 456468","","MIDIW",1456,0,14,0,10249
28,1,3,"MIDIW",05:59 Mon,06:44 Mon,"10006","BOSTICK LEICESTER","LE4 6BW",00:01 Mon,23:59 Mon,12:20 Mon,12:56 Mon,0:36,"C","Collection Date -27/02/2017",5000,20,0,0,20,3,"Backhaul volume","SALT DOUBLE","762873","Annie Venables - 01785 272727","annie.venables@bostik.com",13:58 Mon,8:59,3:57,254,22,0:30,66.54,0:03,1,3,3,3,05:59 Mon,13:58 Mon,14:58 Mon,"MIDIW","MIDIW",05:59 Mon,06:44 Mon,"MIDIW",06:44 Mon,"DD Trailer",14:58 Mon,"","MIDIW AM BAND 1 Weekly","44T MIDIW",5630,71,22,"","","",0,0,0,2,0
29,1,1,"MIDIW",08:17 Mon,09:02 Mon,"10011","CONNECTIONS(Benchmarx)","NN4 7PN",00:01 Mon,23:59 Mon,09:07 Mon,09:07 Mon,0:00,"D","CONNECTIONS",0,0,0,0,1,1,"Store volume","SALT SINGLE","","","",09:12 Mon,8:50,2:29,148,54,0:53,65.43,0:00,2,1,1,1,08:17 Mon,09:12 Mon,09:42 Mon,"MIDIW","MIDIW",08:17 Mon,09:02 Mon,"MIDIW",09:02 Mon,"SD Trailer",17:06 Mon,"","MIDIW AM BAND 3 Weekly","44T MIDIW",5593,1,1,"","","MIDIW",0,0,0,0,0
29,2,1,"MIDIW",08:17 Mon,09:57 Mon,"326","Kettering","NN16 9TS",10:30 Mon,12:30 Mon,10:30 Mon,11:34 Mon,1:04,"D","",4623,13,4,2,17,1,"Store volume","SALT DOUBLE","","","",16:06 Mon,8:50,2:29,148,54,0:53,65.43,0:00,2,2,2,1,09:42 Mon,16:06 Mon,17:06 Mon,"MIDIW","MIDIW",09:42 Mon,09:57 Mon,"MIDIW",09:57 Mon,"DD Trailer",17:06 Mon,"","MIDIW AM BAND 3 Weekly","44T MIDIW",5705,15,32,"01254 279896","","MIDIW",1777,0,16,0,9570
29,2,2,"MIDIW",08:17 Mon,09:57 Mon,"378","Corby","NN17 5DU",11:00 Mon,13:00 Mon,11:52 Mon,13:16 Mon,1:24,"D","",10367,22,5,4,27,1,"Store volume","SALT DOUBLE","","","",16:06 Mon,8:50,2:29,148,54,0:53,65.43,0:00,2,3,3,2,09:42 Mon,16:06 Mon,17:06 Mon,"MIDIW","MIDIW",09:42 Mon,09:57 Mon,"MIDIW",09:57 Mon,"DD Trailer",17:06 Mon,"","MIDIW AM BAND 3 Weekly","44T MIDIW",5727,53,15,"","","MIDIW",2201,0,27,0,16269
29,2,3,"MIDIW",08:17 Mon,09:57 Mon,"10024","HAFELE","CV21 1RD",00:01 Mon,23:59 Mon,14:54 Mon,15:27 Mon,0:33,"C","Collection Date -27/02/2017",5000,10,0,0,10,3,"Backhaul volume","SALT DOUBLE","762611, 759291","adrian jackson - 1788548701","adrian.jackson@hafele.co.uk",16:06 Mon,8:50,2:29,148,54,0:53,65.43,0:00,2,4,4,3,09:42 Mon,16:06 Mon,17:06 Mon,"MIDIW","MIDIW",09:42 Mon,09:57 Mon,"MIDIW",09:57 Mon,"DD Trailer",17:06 Mon,"","MIDIW AM BAND 3 Weekly","44T MIDIW",5632,47,53,"","","MIDIW",0,0,0,2,0
30,1,1,"WAKEIW",04:12 Mon,04:57 Mon,"251","Lancaster","LA3 3FE",07:00 Mon,08:30 Mon,07:00 Mon,07:56 Mon,0:56,"D","",2152,11,2,2,13,1,"Store volume","WAKE DOUBLE","","","",15:03 Mon,12:41,5:25,401,52,0:44,93.95,0:00,1,1,1,1,04:12 Mon,15:03 Mon,16:53 Mon,"WAKEIW","WAKEIW",04:12 Mon,04:57 Mon,"WAKEIW",04:57 Mon,"DD Trailer",16:53 Mon,"","WAKEIW AM BAND 1 Weekly","44T WAKEIW",5669,43,160,"01634 406 060","","WAKEIW",1318,0,12,0,6826
30,1,2,"WAKEIW",04:12 Mon,04:57 Mon,"273","Preston","PR1 7RF",07:30 Mon,09:30 Mon,08:37 Mon,10:33 Mon,1:56,"D","",7965,14,4,2,18,1,"Store volume","WAKE DOUBLE","","","",15:03 Mon,12:41,5:25,401,52,0:44,93.95,0:00,1,2,2,2,04:12 Mon,15:03 Mon,16:53 Mon,"WAKEIW","WAKEIW",04:12 Mon,04:57 Mon,"WAKEIW",04:57 Mon,"DD Trailer",16:53 Mon,"","WAKEIW AM BAND 1 Weekly","44T WAKEIW",5682,25,43,"01228 596880","","WAKEIW",2674,0,17,0,14017
30,1,3,"WAKEIW",04:12 Mon,04:57 Mon,"296","Blackpool","FY3 9TN",09:00 Mon,11:00 Mon,10:56 Mon,12:08 Mon,1:12,"D","",6081,14,3,4,21,1,"Store volume","WAKE DOUBLE","","","",15:03 Mon,12:41,5:25,401,52,0:44,93.95,0:00,1,3,3,3,04:12 Mon,15:03 Mon,16:53 Mon,"WAKEIW","WAKEIW",04:12 Mon,04:57 Mon,"WAKEIW",04:57 Mon,"DD Trailer",16:53 Mon,"","WAKEIW AM BAND 1 Weekly","44T WAKEIW",5691,52,25,"0141 778 2984","","WAKEIW",1310,0,17,0,9970
30,1,4,"WAKEIW",04:12 Mon,04:57 Mon,"10041","RUBEROID APPLEY","WN6 9AB",00:01 Mon,23:59 Mon,12:52 Mon,13:29 Mon,0:37,"C","Collection Date -27/02/2017",24000,22,0,0,22,3,"Backhaul volume","WAKE DOUBLE","762648","Karen Byrne - 01257 255771","kbyrne@ikogroup.co.uk",15:03 Mon,12:41,5:25,401,52,0:44,93.95,0:00,1,4,4,4,04:12 Mon,15:03 Mon,16:53 Mon,"WAKEIW","WAKEIW",04:12 Mon,04:57 Mon,"WAKEIW",04:57 Mon,"DD Trailer",16:53 Mon,"","WAKEIW AM BAND 1 Weekly","44T WAKEIW",5614,121,52,"","","WAKEIW",0,0,0,2,0
31,1,1,"WAKEIW",04:05 Mon,04:50 Mon,"253","Carlisle","CA1 1JD",07:00 Mon,08:00 Mon,07:34 Mon,08:50 Mon,1:16,"D","",6716,19,4,3,23,1,"Store volume","WAKE DOUBLE","","","",15:09 Mon,12:54,7:03,523,256,3:20,95.56,0:00,1,1,1,1,04:05 Mon,15:09 Mon,16:59 Mon,"WAKEIW","WAKEIW",04:05 Mon,04:50 Mon,"WAKEIW",04:50 Mon,"DD Trailer",16:59 Mon,"","WAKEIW AM BAND 1 Weekly","44T WAKEIW",5670,57,209,"01228 596880","","WAKEIW",1883,0,22,0,12656
31,1,2,"WAKEIW",04:05 Mon,04:50 Mon,"365","Dumfries","",09:00 Mon,11:00 Mon,10:39 Mon,11:49 Mon,1:10,"D","",4721,18,2,4,20,1,"Store volume","WAKE DOUBLE","","","",15:09 Mon,12:54,7:03,523,256,3:20,95.56,0:00,1,2,2,2,04:05 Mon,15:09 Mon,16:59 Mon,"WAKEIW","WAKEIW",04:05 Mon,04:50 Mon,"WAKEIW",04:50 Mon,"DD Trailer",16:59 Mon,"","WAKEIW AM BAND 1 Weekly","44T WAKEIW",5723,256,57,"","","WAKEIW",1717,0,20,0,9727
32,1,1,"WAKEIW",06:06 Mon,06:51 Mon,"348","Newcastle","NE5 2SF",09:00 Mon,11:00 Mon,09:00 Mon,10:40 Mon,1:40,"D","",13676,27,8,5,35,1,"Store volume","WAKE DOUBLE","","","",15:06 Mon,10:01,4:32,349,152,1:55,74.20,0:00,1,1,1,1,06:06 Mon,15:06 Mon,16:06 Mon,"WAKEIW","WAKEIW",06:06 Mon,06:51 Mon,"WAKEIW",06:51 Mon,"DD Trailer",16:06 Mon,"","WAKEIW AM BAND 2 Weekly","44T WAKEIW",5716,26,171,"","","WAKEIW",2763,0,35,0,26145
32,1,2,"WAKEIW",06:06 Mon,06:51 Mon,"254","Sunderland","SR5 3NU",09:30 Mon,11:30 Mon,11:07 Mon,13:11 Mon,2:04,"D","",6812,17,5,4,22,1,"Store volume","WAKE DOUBLE","","","",15:06 Mon,10:01,4:32,349,152,1:55,74.20,0:00,1,2,2,2,06:06 Mon,15:06 Mon,16:06 Mon,"WAKEIW","WAKEIW",06:06 Mon,06:51 Mon,"WAKEIW",06:51 Mon,"DD Trailer",16:06 Mon,"","WAKEIW AM BAND 2 Weekly","44T WAKEIW",5671,152,26,"0161 727 9277","","WAKEIW",1866,0,21,0,12324
33,1,1,"WAKEIW",06:10 Mon,06:55 Mon,"441","South Shields","NE33 1RD",09:00 Mon,11:00 Mon,09:00 Mon,10:18 Mon,1:18,"D","",10322,17,7,2,24,1,"Store volume","WAKE DOUBLE","","","",15:15 Mon,10:05,4:44,357,171,2:15,74.69,0:00,1,1,1,1,06:10 Mon,15:15 Mon,16:15 Mon,"WAKEIW","WAKEIW",06:10 Mon,06:55 Mon,"WAKEIW",06:55 Mon,"DD Trailer",16:15 Mon,"","WAKEIW AM BAND 2 Weekly","44T WAKEIW",5743,18,168,"","","WAKEIW",3511,0,23,0,18094
33,1,2,"WAKEIW",06:10 Mon,06:55 Mon,"423","South Gosforth","NE7 7LX",10:00 Mon,12:00 Mon,10:42 Mon,13:00 Mon,2:18,"D","",8444,24,5,4,29,1,"Store volume","WAKE DOUBLE","","","",15:15 Mon,10:05,4:44,357,171,2:15,74.69,0:00,1,2,2,2,06:10 Mon,15:15 Mon,16:15 Mon,"WAKEIW","WAKEIW",06:10 Mon,06:55 Mon,"WAKEIW",06:55 Mon,"DD Trailer",16:15 Mon,"","WAKEIW AM BAND 2 Weekly","44T WAKEIW",5740,171,18,"","","WAKEIW",2663,0,29,0,18119
34,1,1,"WAKEIW",05:23 Mon,06:08 Mon,"226","Stockton","TS18 2RB",07:30 Mon,09:30 Mon,07:30 Mon,09:04 Mon,1:34,"D","",20443,19,13,4,32,1,"Store volume","WAKE DOUBLE","","","",13:34 Mon,9:11,3:29,252,56,0:52,68.02,0:00,1,1,1,1,05:23 Mon,13:34 Mon,14:34 Mon,"WAKEIW","WAKEIW",05:23 Mon,06:08 Mon,"WAKEIW",06:08 Mon,"DD Trailer",14:34 Mon,"","WAKEIW AM BAND 1 Weekly","44T WAKEIW",5658,20,114,"01642 633136","","WAKEIW",2939,0,32,0,24603
34,1,2,"WAKEIW",05:23 Mon,06:08 Mon,"259","Darlington","DL1 2BJ",08:00 Mon,10:00 Mon,09:26 Mon,10:26 Mon,1:00,"D","",2907,13,2,3,15,1,"Store volume","WAKE DOUBLE","","","",13:34 Mon,9:11,3:29,252,56,0:52,68.02,0:00,1,2,2,2,05:23 Mon,13:34 Mon,14:34 Mon,"WAKEIW","WAKEIW",05:23 Mon,06:08 Mon,"WAKEIW",06:08 Mon,"DD Trailer",14:34 Mon,"","WAKEIW AM BAND 1 Weekly","44T WAKEIW",5674,56,20,"01325 360555","","WAKEIW",1286,0,15,0,6713
34,1,3,"WAKEIW",05:23 Mon,06:08 Mon,"10005","BOSTICK DALTON","YO7 3HE",00:01 Mon,23:59 Mon,12:08 Mon,12:42 Mon,0:34,"C","Collection Date -27/02/2017",5000,13,0,0,13,3,"Backhaul volume","WAKE DOUBLE","762573","Annie Venables - 01785 272727","annie.venables@bostik.com",13:34 Mon,9:11,3:29,252,56,0:52,68.02,0:00,1,3,3,3,05:23 Mon,13:34 Mon,14:34 Mon,"WAKEIW","WAKEIW",05:23 Mon,06:08 Mon,"WAKEIW",06:08 Mon,"DD Trailer",14:34 Mon,"","WAKEIW AM BAND 1 Weekly","44T WAKEIW",5629,61,56,"","","WAKEIW",0,0,0,2,0
35,1,1,"BELOB",05:45 Mon,06:15 Mon,"354","Edinburgh","EH11 2SL",07:00 Mon,09:00 Mon,07:00 Mon,08:10 Mon,1:10,"D","",4527,18,2,4,20,1,"Store volume","BELLS DOUBLE","","","",14:18 Mon,9:03,4:00,282,95,1:13,67.04,0:00,1,1,1,1,05:45 Mon,14:18 Mon,14:48 Mon,"BELOB","BELOB",05:45 Mon,06:15 Mon,"BELOB",06:15 Mon,"DD Trailer",14:48 Mon,"","BELOB AM Weekly","44T BELOB",5721,91,57,"","","BELOB",2076,0,19,0,11642
35,1,2,"BELOB",05:45 Mon,06:15 Mon,"258","Dundee","DD4 7XE",08:30 Mon,10:30 Mon,09:37 Mon,10:38 Mon,1:01,"D","",6934,16,2,3,18,1,"Store volume","BELLS DOUBLE","","","",14:18 Mon,9:03,4:00,282,95,1:13,67.04,0:00,1,2,2,2,05:45 Mon,14:18 Mon,14:48 Mon,"BELOB","BELOB",05:45 Mon,06:15 Mon,"BELOB",06:15 Mon,"DD Trailer",14:48 Mon,"","BELOB AM Weekly","44T BELOB",5673,38,91,"01306 877 687","","BELOB",1891,0,18,0,11227
35,1,3,"BELOB",05:45 Mon,06:15 Mon,"248","Perth","PH1 5XD",10:00 Mon,12:00 Mon,11:13 Mon,13:05 Mon,1:52,"D","",3979,14,2,3,16,1,"Store volume","BELLS DOUBLE","","","",14:18 Mon,9:03,4:00,282,95,1:13,67.04,0:00,1,3,3,3,05:45 Mon,14:18 Mon,14:48 Mon,"BELOB","BELOB",05:45 Mon,06:15 Mon,"BELOB",06:15 Mon,"DD Trailer",14:48 Mon,"","BELOB AM Weekly","44T BELOB",5668,95,38,"01782 747661","","BELOB",1412,0,15,0,8338
36,1,1,"WAKEIW",04:05 Mon,04:50 Mon,"352","Glasgow","G32 8XP",09:00 Mon,11:00 Mon,09:09 Mon,11:05 Mon,1:56,"D","",7972,14,4,2,18,1,"Store volume","WAKE DOUBLE","","","",15:21 Mon,13:06,8:35,699,346,4:16,97.04,0:00,1,1,1,1,04:05 Mon,15:21 Mon,17:11 Mon,"WAKEIW","WAKEIW",04:05 Mon,04:50 Mon,"WAKEIW",04:50 Mon,"DD Trailer",17:11 Mon,"","WAKEIW AM BAND 1 Weekly","44T WAKEIW",5719,346,353,"","","BELOB",1970,0,18,0,13234
37,1,1,"WAKEIW",05:47 Mon,06:32 Mon,"471","York","YO30 4XB",07:00 Mon,09:00 Mon,07:17 Mon,08:21 Mon,1:04,"D","",6314,11,6,2,17,1,"Store volume","WAKE DOUBLE","","","",12:58 Mon,8:11,2:10,128,7,0:10,60.62,0:00,1,1,1,1,05:47 Mon,12:58 Mon,13:58 Mon,"WAKEIW","WAKEIW",05:47 Mon,06:32 Mon,"WAKEIW",06:32 Mon,"DD Trailer",13:58 Mon,"","WAKEIW AM BAND 1 Weekly","44T WAKEIW",5754,41,52,"","","WAKEIW",1708,0,17,0,10383
37,1,2,"WAKEIW",05:47 Mon,06:32 Mon,"497","Leeds Roundhay","LS8 4BU",09:00 Mon,11:00 Mon,09:06 Mon,10:20 Mon,1:14,"D","",6295,18,4,3,22,1,"Store volume","WAKE DOUBLE","","","",12:58 Mon,8:11,2:10,128,7,0:10,60.62,0:00,1,2,2,2,05:47 Mon,12:58 Mon,13:58 Mon,"WAKEIW","WAKEIW",05:47 Mon,06:32 Mon,"WAKEIW",06:32 Mon,"DD Trailer",13:58 Mon,"","WAKEIW AM BAND 1 Weekly","44T WAKEIW",5760,27,41,"","","WAKEIW",2105,0,22,0,14491
37,1,3,"WAKEIW",05:47 Mon,06:32 Mon,"267","Pontefract","WF8 4PR",10:00 Mon,12:00 Mon,10:50 Mon,12:48 Mon,1:58,"D","",7909,16,4,2,19,1,"Store volume","WAKE DOUBLE","","","",12:58 Mon,8:11,2:10,128,7,0:10,60.62,0:00,1,3,3,3,05:47 Mon,12:58 Mon,13:58 Mon,"WAKEIW","WAKEIW",05:47 Mon,06:32 Mon,"WAKEIW",06:32 Mon,"DD Trailer",13:58 Mon,"","WAKEIW AM BAND 1 Weekly","44T WAKEIW",5681,7,27,"0191 214 0809","","WAKEIW",1963,0,20,0,14450
38,1,1,"MIDIW",04:19 Mon,05:04 Mon,"289","Wigan","WN5 0UH",08:00 Mon,10:00 Mon,08:00 Mon,09:08 Mon,1:08,"D","",5091,15,4,4,19,1,"Store volume","SALT DOUBLE","","","",15:23 Mon,12:54,6:49,498,251,3:27,95.56,0:00,1,1,1,1,04:19 Mon,15:23 Mon,17:13 Mon,"MIDIW","MIDIW",04:19 Mon,05:04 Mon,"MIDIW",05:04 Mon,"DD Trailer",17:13 Mon,"","MIDIW AM BAND 1 Weekly","44T MIDIW",5688,16,231,"020 8974 6349","","WAKEIW",1513,0,19,0,9570
38,1,2,"MIDIW",04:19 Mon,05:04 Mon,"431","Chorley","PR7 2BN",08:30 Mon,10:30 Mon,09:34 Mon,11:56 Mon,2:22,"D","",10196,18,7,2,31,1,"Store volume","SALT DOUBLE","","","",15:23 Mon,12:54,6:49,498,251,3:27,95.56,0:00,1,2,2,2,04:19 Mon,15:23 Mon,17:13 Mon,"MIDIW","MIDIW",04:19 Mon,05:04 Mon,"MIDIW",05:04 Mon,"DD Trailer",17:13 Mon,"","MIDIW AM BAND 1 Weekly","44T MIDIW",5742,251,16,"","","WAKEIW",1739,0,24,0,15919
39,1,1,"MIDIW",03:43 Mon,04:28 Mon,"414","Ealing","W5 4QS",06:00 Mon,08:00 Mon,06:00 Mon,07:12 Mon,1:12,"D","",8093,15,6,3,21,1,"Store volume","SALT DOUBLE","","","",10:51 Mon,8:09,3:12,224,114,1:29,67.92,0:00,1,1,1,1,03:43 Mon,10:51 Mon,11:51 Mon,"MIDIW","MIDIW",03:43 Mon,04:28 Mon,"MIDIW",04:28 Mon,"DD Trailer",11:51 Mon,"","AGENCY AM Weekly","44T MIDIW",5737,4,106,"","","MIDIW",3566,0,21,0,16155
39,1,2,"MIDIW",03:43 Mon,04:28 Mon,"73","Hanwell","W7 3SA",07:15 Mon,08:30 Mon,07:22 Mon,08:32 Mon,1:10,"D","",6959,16,4,2,20,1,"Store volume","SALT DOUBLE","","","",10:51 Mon,8:09,3:12,224,114,1:29,67.92,0:00,1,2,2,2,03:43 Mon,10:51 Mon,11:51 Mon,"MIDIW","MIDIW",03:43 Mon,04:28 Mon,"MIDIW",04:28 Mon,"DD Trailer",11:51 Mon,"","AGENCY AM Weekly","44T MIDIW",5643,114,4,"020 8450 9025","","MIDIW",2466,0,20,0,13942
40,1,1,"MIDIW",04:35 Mon,05:20 Mon,"236","Clifton","M27 8FU",07:00 Mon,09:00 Mon,08:21 Mon,09:17 Mon,0:56,"D","",2856,9,4,2,13,1,"Store volume","SALT DOUBLE","","","",14:49 Mon,11:14,6:27,488,217,2:58,83.21,0:00,1,1,1,1,04:35 Mon,14:49 Mon,15:49 Mon,"MIDIW","MIDIW",04:35 Mon,05:20 Mon,"MIDIW",05:20 Mon,"DD Trailer",15:49 Mon,"","MIDIW AM BAND 1 Weekly","44T MIDIW",5662,28,244,"020 8813 7441","","WAKEIW",1461,0,12,0,5441
40,1,2,"MIDIW",04:35 Mon,05:20 Mon,"301","Warrington","WA2 7XA",09:45 Mon,11:45 Mon,09:45 Mon,11:51 Mon,2:06,"D","",8472,18,5,3,23,1,"Store volume","SALT DOUBLE","","","",14:49 Mon,11:14,6:27,488,217,2:58,83.21,0:00,1,2,2,2,04:35 Mon,14:49 Mon,15:49 Mon,"MIDIW","MIDIW",04:35 Mon,05:20 Mon,"MIDIW",05:20 Mon,"DD Trailer",15:49 Mon,"","MIDIW AM BAND 1 Weekly","44T MIDIW",5693,217,28,"0151 524 0108","","MIDIW",1812,0,22,0,13646
41,1,1,"MIDIW",04:05 Mon,04:50 Mon,"55","Bradford","BD7 2BH",07:00 Mon,09:00 Mon,07:47 Mon,09:01 Mon,1:14,"D","",10141,14,8,2,22,1,"Store volume","SALT DOUBLE","","","",14:20 Mon,11:15,6:10,475,237,3:00,83.33,0:00,1,1,1,1,04:05 Mon,14:20 Mon,15:20 Mon,"MIDIW","MIDIW",04:05 Mon,04:50 Mon,"MIDIW",04:50 Mon,"DD Trailer",15:20 Mon,"","MIDIW AM BAND 1 Weekly","44T MIDIW",5639,7,232,"01274 501515","","WAKEIW",2533,0,21,0,18304
41,1,2,"MIDIW",04:05 Mon,04:50 Mon,"483","Shipley","BD17 7EY",07:30 Mon,09:30 Mon,09:14 Mon,11:20 Mon,2:06,"D","",8329,18,5,3,23,1,"Store volume","SALT DOUBLE","","","",14:20 Mon,11:15,6:10,475,237,3:00,83.33,0:00,1,2,2,2,04:05 Mon,14:20 Mon,15:20 Mon,"MIDIW","MIDIW",04:05 Mon,04:50 Mon,"MIDIW",04:50 Mon,"DD Trailer",15:20 Mon,"","MIDIW AM BAND 1 Weekly","44T MIDIW",5758,237,7,"","","WAKEIW",3259,0,22,0,16508
42,1,1,"MIDIW",03:59 Mon,04:44 Mon,"457","Bishops Stortford","CM23 5PP",07:15 Mon,08:30 Mon,07:15 Mon,08:35 Mon,1:20,"D","",7769,20,5,4,25,1,"Store volume","SALT DOUBLE","","","",12:42 Mon,9:43,3:51,267,121,1:42,97.17,0:51,1,1,1,1,03:59 Mon,12:42 Mon,13:42 Mon,"MIDIW","MIDIW",03:59 Mon,04:44 Mon,"MIDIW",04:44 Mon,"DD Trailer",13:42 Mon,"","MIDIW NIGHT BAND 3 Weekly","44T MIDIW",5749,18,128,"","","MIDIW",3213,0,25,0,18647
42,1,2,"MIDIW",03:59 Mon,04:44 Mon,"337","Harlow","CM20 2SU",07:30 Mon,09:30 Mon,09:04 Mon,11:00 Mon,1:56,"D","",5114,15,3,2,18,1,"Store volume","SALT DOUBLE","","","",12:42 Mon,9:43,3:51,267,121,1:42,97.17,0:51,1,2,2,2,03:59 Mon,12:42 Mon,13:42 Mon,"MIDIW","MIDIW",03:59 Mon,04:44 Mon,"MIDIW",04:44 Mon,"DD Trailer",13:42 Mon,"","MIDIW NIGHT BAND 3 Weekly","44T MIDIW",5711,121,18,"01372 748890","","MIDIW",1652,0,18,0,9754
43,1,1,"MIDIW",06:00 Mon,06:45 Mon,"234","Oxford","OX2 0HA",07:30 Mon,09:30 Mon,07:49 Mon,09:07 Mon,1:18,"D","",7745,21,3,5,24,1,"Store volume","SALT DOUBLE","","","",13:48 Mon,8:48,3:29,227,113,1:40,65.19,0:00,1,1,1,1,06:00 Mon,13:48 Mon,14:48 Mon,"MIDIW","MIDIW",06:00 Mon,06:45 Mon,"MIDIW",06:45 Mon,"DD Trailer",14:48 Mon,"","MIDIW AM BAND 2 Weekly","44T MIDIW",5661,45,70,"01865 202030","","MIDIW",3082,0,24,0,17991
43,1,2,"MIDIW",06:00 Mon,06:45 Mon,"342","Swindon","SN2 8DH",09:00 Mon,11:00 Mon,09:52 Mon,11:18 Mon,1:26,"D","",11776,20,8,3,28,1,"Store volume","SALT DOUBLE","","","",13:48 Mon,8:48,3:29,227,113,1:40,65.19,0:00,1,2,2,2,06:00 Mon,13:48 Mon,14:48 Mon,"MIDIW","MIDIW",06:00 Mon,06:45 Mon,"MIDIW",06:45 Mon,"DD Trailer",14:48 Mon,"","MIDIW AM BAND 2 Weekly","44T MIDIW",5714,113,45,"01793 610701","","MIDIW",2582,0,27,0,17302
44,1,1,"MIDIW",06:00 Mon,06:45 Mon,"327","Wakefield","WF2 9SA",09:30 Mon,11:30 Mon,09:31 Mon,10:45 Mon,1:14,"D","",5933,18,4,3,22,1,"Store volume","SALT DOUBLE","","","",17:35 Mon,13:25,6:54,475,74,1:04,99.38,0:00,1,1,1,1,06:00 Mon,17:35 Mon,19:25 Mon,"MIDIW","MIDIW",06:00 Mon,06:45 Mon,"MIDIW",06:45 Mon,"DD Trailer",19:25 Mon,"","MIDIW AM BAND 2 Weekly","44T MIDIW",5706,22,204,"01463 717235","","WAKEIW",2465,0,22,0,13500
44,1,2,"MIDIW",06:00 Mon,06:45 Mon,"263","Huddersfield","HD1 3LE",09:30 Mon,11:30 Mon,11:24 Mon,13:32 Mon,2:08,"D","",6965,19,5,4,24,1,"Store volume","SALT DOUBLE","","","",17:35 Mon,13:25,6:54,475,74,1:04,99.38,0:00,1,2,2,2,06:00 Mon,17:35 Mon,19:25 Mon,"MIDIW","MIDIW",06:00 Mon,06:45 Mon,"MIDIW",06:45 Mon,"DD Trailer",19:25 Mon,"","MIDIW AM BAND 2 Weekly","44T MIDIW",5677,74,22,"01923 225 554","","WAKEIW",2517,0,23,0,14606
44,1,3,"MIDIW",06:00 Mon,06:45 Mon,"10051","WIRQUIN (POLYPIPE)","DN4 9LS",00:01 Mon,23:59 Mon,14:36 Mon,15:10 Mon,0:34,"C","Collection Date -27/02/2017",5000,14,0,0,14,3,"Backhaul volume","SALT DOUBLE","762466","ANITA MCCLOSKEY - 1302312237","anita.mccloskey@wirquin.co.uk",17:35 Mon,13:25,6:54,475,74,1:04,99.38,0:00,1,3,3,3,06:00 Mon,17:35 Mon,19:25 Mon,"MIDIW","MIDIW",06:00 Mon,06:45 Mon,"MIDIW",06:45 Mon,"DD Trailer",19:25 Mon,"","MIDIW AM BAND 2 Weekly","44T MIDIW",5619,175,74,"","","WAKEIW",0,0,0,2,0
45,1,1,"MIDIW",05:20 Mon,06:05 Mon,"374","Oldham","OL8 1TA",08:00 Mon,10:00 Mon,09:09 Mon,10:35 Mon,1:26,"D","",14969,18,10,4,28,1,"Store volume","SALT DOUBLE","","","",16:00 Mon,11:40,6:41,506,247,3:19,86.42,0:00,1,1,1,1,05:20 Mon,16:00 Mon,17:00 Mon,"MIDIW","MIDIW",05:20 Mon,06:05 Mon,"MIDIW",06:05 Mon,"DD Trailer",17:00 Mon,"","MIDIW AM BAND 1 Weekly","44T MIDIW",5726,18,240,"","","WAKEIW",2545,0,27,0,21801
45,1,2,"MIDIW",05:20 Mon,06:05 Mon,"284","Bury","BL9 5AQ",11:00 Mon,13:00 Mon,11:43 Mon,12:41 Mon,0:58,"D","",1896,10,4,3,14,1,"Store volume","SALT DOUBLE","","","",16:00 Mon,11:40,6:41,506,247,3:19,86.42,0:00,1,2,2,2,05:20 Mon,16:00 Mon,17:00 Mon,"MIDIW","MIDIW",05:20 Mon,06:05 Mon,"MIDIW",06:05 Mon,"DD Trailer",17:00 Mon,"","MIDIW AM BAND 1 Weekly","44T MIDIW",5687,247,18,"01617 639960","","WAKEIW",946,0,14,0,4129
46,1,1,"MIDIW",04:00 Mon,04:45 Mon,"88","Pudsey","LS13 4HX",07:00 Mon,08:00 Mon,07:31 Mon,08:53 Mon,1:22,"D","",12287,19,7,3,26,1,"Store volume","SALT DOUBLE","","","",15:07 Mon,12:57,6:35,483,69,1:06,107.92,0:00,1,1,1,1,04:00 Mon,15:07 Mon,16:57 Mon,"MIDIW","MIDIW",04:00 Mon,04:45 Mon,"MIDIW",04:45 Mon,"DD Trailer",16:57 Mon,"","AGENCY AM Weekly","44T MIDIW",5649,16,222,"01189 588 288","","WAKEIW",3545,0,26,0,19818
46,1,2,"MIDIW",04:00 Mon,04:45 Mon,"66","Dewsbury","WF12 8AB",07:00 Mon,09:00 Mon,09:20 Mon,11:06 Mon,1:46,"D","",5946,11,2,2,13,1,"Store volume","SALT DOUBLE","","","",15:07 Mon,12:57,6:35,483,69,1:06,107.92,0:00,1,2,2,2,04:00 Mon,15:07 Mon,16:57 Mon,"MIDIW","MIDIW",04:00 Mon,04:45 Mon,"MIDIW",04:45 Mon,"DD Trailer",16:57 Mon,"","AGENCY AM Weekly","44T MIDIW",5642,69,16,"01924 460744","","WAKEIW",2017,0,13,0,11489
46,1,3,"MIDIW",04:00 Mon,04:45 Mon,"10039","RONSEAL (BAWTRY)","DN11 9HE",00:01 Mon,23:59 Mon,12:12 Mon,12:47 Mon,0:35,"C","Collection Date -27/02/2017",5000,18,0,0,18,3,"Backhaul volume","SALT DOUBLE","762496 / MAN-05092596","Sarah Robinson - 01302 756517","sherwin.planning@dhl.com",15:07 Mon,12:57,6:35,483,69,1:06,107.92,0:00,1,3,3,3,04:00 Mon,15:07 Mon,16:57 Mon,"MIDIW","MIDIW",04:00 Mon,04:45 Mon,"MIDIW",04:45 Mon,"DD Trailer",16:57 Mon,"","AGENCY AM Weekly","44T MIDIW",5615,0,69,"","","WAKEIW",0,0,0,2,0
46,1,4,"MIDIW",04:00 Mon,04:45 Mon,"10039","RONSEAL (BAWTRY)","DN11 9HE",00:01 Mon,23:59 Mon,12:47 Mon,12:51 Mon,0:04,"C","Collection Date -27/02/2017",5000,13,0,0,13,3,"Backhaul volume","SALT DOUBLE","762836 / MAN-05095950","Sarah Robinson - 01302 756517","sherwin.planning@dhl.com",15:07 Mon,12:57,6:35,483,69,1:06,107.92,0:00,1,3,4,3,04:00 Mon,15:07 Mon,16:57 Mon,"MIDIW","MIDIW",04:00 Mon,04:45 Mon,"MIDIW",04:45 Mon,"DD Trailer",16:57 Mon,"","AGENCY AM Weekly","44T MIDIW",5633,176,0,"","","WAKEIW",0,0,0,2,0
47,1,1,"MIDIW",04:57 Mon,05:42 Mon,"64","Scunthorpe","DN15 6AF",07:00 Mon,08:30 Mon,08:25 Mon,09:35 Mon,1:10,"D","",7510,16,4,3,20,1,"Store volume","SALT DOUBLE","","","",15:16 Mon,11:19,6:12,460,221,2:54,94.31,0:00,1,1,1,1,04:57 Mon,15:16 Mon,16:16 Mon,"MIDIW","MIDIW",04:57 Mon,05:42 Mon,"MIDIW",05:42 Mon,"DD Trailer",16:16 Mon,"","AGENCY AM Weekly","44T MIDIW",5641,42,197,"01724 845880","","MIDIW",2351,0,19,0,13106
47,1,2,"MIDIW",04:57 Mon,05:42 Mon,"469","Grimsby","DN31 2SG",11:00 Mon,13:00 Mon,11:00 Mon,12:22 Mon,1:22,"D","",8432,19,7,4,26,1,"Store volume","SALT DOUBLE","","","",15:16 Mon,11:19,6:12,460,221,2:54,94.31,0:00,1,2,2,2,04:57 Mon,15:16 Mon,16:16 Mon,"MIDIW","MIDIW",04:57 Mon,05:42 Mon,"MIDIW",05:42 Mon,"DD Trailer",16:16 Mon,"","AGENCY AM Weekly","44T MIDIW",5753,221,42,"","","MIDIW",1722,0,25,0,14208
48,1,1,"MIDIW",06:38 Mon,07:23 Mon,"317","Lowestoft","NR32 2ED",10:30 Mon,12:30 Mon,10:30 Mon,11:42 Mon,1:12,"D","",8975,17,4,3,21,1,"Store volume","SALT DOUBLE","","","",17:35 Mon,12:47,6:36,467,189,2:35,94.69,0:00,1,1,1,1,06:38 Mon,17:35 Mon,19:25 Mon,"MIDIW","MIDIW",06:38 Mon,07:23 Mon,"MIDIW",07:23 Mon,"DD Trailer",19:25 Mon,"","MIDIW AM BAND 2 Weekly","44T MIDIW",5699,51,227,"01206 763 563","","MIDIW",2752,0,21,0,18127
48,1,2,"MIDIW",06:38 Mon,07:23 Mon,"498","Norwich (new)","NR6 5AP",12:30 Mon,14:30 Mon,13:26 Mon,15:00 Mon,1:34,"D","",14950,20,12,3,32,1,"Store volume","SALT DOUBLE","","","",17:35 Mon,12:47,6:36,467,189,2:35,94.69,0:00,1,2,2,2,06:38 Mon,17:35 Mon,19:25 Mon,"MIDIW","MIDIW",06:38 Mon,07:23 Mon,"MIDIW",07:23 Mon,"DD Trailer",19:25 Mon,"","MIDIW AM BAND 2 Weekly","44T MIDIW",5761,189,51,"","","MIDIW",3359,0,31,0,27396
49,1,1,"MIDIW",06:49 Mon,07:34 Mon,"279","Bletchley","MK1 1BX",07:30 Mon,09:30 Mon,08:19 Mon,09:33 Mon,1:14,"D","",9240,18,4,3,22,1,"Store volume","SALT DOUBLE","","","",14:49 Mon,9:00,3:03,168,60,0:46,66.67,0:00,1,1,1,1,06:49 Mon,14:49 Mon,15:49 Mon,"MIDIW","MIDIW",06:49 Mon,07:34 Mon,"MIDIW",07:34 Mon,"DD Trailer",15:49 Mon,"","MIDIW AM BAND 2 Weekly","44T MIDIW",5685,50,34,"01325 360555","","MIDIW",3164,0,21,0,15605
49,1,2,"MIDIW",06:49 Mon,07:34 Mon,"416","Stevenage","SG1 1XP",09:00 Mon,11:00 Mon,10:35 Mon,11:35 Mon,1:00,"D","",4035,10,5,2,15,1,"Store volume","SALT DOUBLE","","","",14:49 Mon,9:00,3:03,168,60,0:46,66.67,0:00,1,2,2,2,06:49 Mon,14:49 Mon,15:49 Mon,"MIDIW","MIDIW",06:49 Mon,07:34 Mon,"MIDIW",07:34 Mon,"DD Trailer",15:49 Mon,"","MIDIW AM BAND 2 Weekly","44T MIDIW",5739,24,50,"","","MIDIW",1190,0,15,0,9210
49,1,3,"MIDIW",06:49 Mon,07:34 Mon,"398","Luton","LU1 3JH",11:00 Mon,13:00 Mon,12:05 Mon,14:03 Mon,1:58,"D","",5991,16,3,3,19,1,"Store volume","SALT DOUBLE","","","",14:49 Mon,9:00,3:03,168,60,0:46,66.67,0:00,1,3,3,3,06:49 Mon,14:49 Mon,15:49 Mon,"MIDIW","MIDIW",06:49 Mon,07:34 Mon,"MIDIW",07:34 Mon,"DD Trailer",15:49 Mon,"","MIDIW AM BAND 2 Weekly","44T MIDIW",5731,60,24,"","","MIDIW",1588,0,18,0,12863
50,1,1,"MIDIW",03:30 Mon,04:15 Mon,"415","Macclesfield","",07:00 Mon,09:00 Mon,07:00 Mon,07:56 Mon,0:56,"D","",2971,9,4,2,13,1,"Store volume","SALT DOUBLE","","","",15:04 Mon,13:24,6:25,459,225,3:01,111.67,0:11,1,1,1,1,03:30 Mon,15:04 Mon,16:54 Mon,"MIDIW","MIDIW",03:30 Mon,04:15 Mon,"MIDIW",04:15 Mon,"DD Trailer",16:54 Mon,"","AGENCY AM Weekly","44T MIDIW",5738,29,193,"","","MIDIW",912,0,13,0,5782
50,1,2,"MIDIW",03:30 Mon,04:15 Mon,"291","Baguley","M23 9BL",08:00 Mon,10:00 Mon,08:32 Mon,10:40 Mon,2:08,"D","",9574,18,6,3,24,1,"Store volume","SALT DOUBLE","","","",15:04 Mon,13:24,6:25,459,225,3:01,111.67,0:11,1,2,2,2,03:30 Mon,15:04 Mon,16:54 Mon,"MIDIW","MIDIW",03:30 Mon,04:15 Mon,"MIDIW",04:15 Mon,"DD Trailer",16:54 Mon,"","AGENCY AM Weekly","44T MIDIW",5689,12,29,"01619 451225","","WAKEIW",3134,0,23,0,16937
50,1,3,"MIDIW",03:30 Mon,04:15 Mon,"81","Stockport","SK4 1TN",09:00 Mon,11:00 Mon,10:53 Mon,12:03 Mon,1:10,"D","",8297,14,6,2,20,1,"Store volume","SALT DOUBLE","","","",15:04 Mon,13:24,6:25,459,225,3:01,111.67,0:11,1,3,3,3,03:30 Mon,15:04 Mon,16:54 Mon,"MIDIW","MIDIW",03:30 Mon,04:15 Mon,"MIDIW",04:15 Mon,"DD Trailer",16:54 Mon,"","AGENCY AM Weekly","44T MIDIW",5646,225,12,"0161 480 9725","","MIDIW",2463,0,19,0,14356
51,1,1,"MIDIW",03:59 Mon,04:44 Mon,"237","Hanger Lane","W5 1DN",06:00 Mon,08:00 Mon,06:13 Mon,07:25 Mon,1:12,"D","",4140,16,5,2,21,1,"Store volume","SALT DOUBLE","","","",12:37 Mon,9:38,3:35,249,115,1:25,96.33,0:02,1,1,1,1,03:59 Mon,12:37 Mon,13:37 Mon,"MIDIW","MIDIW",03:59 Mon,04:44 Mon,"MIDIW",04:44 Mon,"DD Trailer",13:37 Mon,"","MIDIW NIGHT BAND 3 Weekly","44T MIDIW",5663,11,102,"0161 633 3100","","MIDIW",1736,0,20,0,9004
51,1,2,"MIDIW",03:59 Mon,04:44 Mon,"222","Hayes","UB4 0UP",07:45 Mon,09:45 Mon,07:45 Mon,08:57 Mon,1:12,"D","",9411,15,7,3,21,1,"Store volume","SALT DOUBLE","","","",12:37 Mon,9:38,3:35,249,115,1:25,96.33,0:02,1,2,2,2,03:59 Mon,12:37 Mon,13:37 Mon,"MIDIW","MIDIW",03:59 Mon,04:44 Mon,"MIDIW",04:44 Mon,"DD Trailer",13:37 Mon,"","MIDIW NIGHT BAND 3 Weekly","44T MIDIW",5657,21,11,"01904 610652","","MIDIW",2358,0,21,0,15031
51,1,3,"MIDIW",03:59 Mon,04:44 Mon,"340","Slough","SL1 4UN",08:00 Mon,10:00 Mon,09:20 Mon,11:12 Mon,1:52,"D","",4824,14,2,3,16,1,"Store volume","SALT DOUBLE","","","",12:37 Mon,9:38,3:35,249,115,1:25,96.33,0:02,1,3,3,3,03:59 Mon,12:37 Mon,13:37 Mon,"MIDIW","MIDIW",03:59 Mon,04:44 Mon,"MIDIW",04:44 Mon,"DD Trailer",13:37 Mon,"","MIDIW NIGHT BAND 3 Weekly","44T MIDIW",5713,115,21,"","","MIDIW",1301,0,16,0,9001
52,1,1,"MIDIW",08:00 Mon,08:45 Mon,"456","Chesham","HP5 2AA",08:30 Mon,10:30 Mon,10:20 Mon,11:30 Mon,1:10,"D","",7965,13,7,2,20,1,"Store volume","SALT DOUBLE","","","",14:49 Mon,7:49,3:00,173,61,0:58,57.90,0:00,1,1,1,1,08:00 Mon,14:49 Mon,15:49 Mon,"MIDIW","MIDIW",08:00 Mon,08:45 Mon,"MIDIW",08:45 Mon,"DD Trailer",15:49 Mon,"","MIDIW AM BAND 3 Weekly","44T MIDIW",5748,26,86,"","","MIDIW",3185,0,20,0,14984
52,1,2,"MIDIW",08:00 Mon,08:45 Mon,"316","Aylesbury Extra","HP20 1DG",10:00 Mon,12:00 Mon,11:57 Mon,13:01 Mon,1:04,"D","",2477,15,2,2,17,1,"Store volume","SALT DOUBLE","","","",14:49 Mon,7:49,3:00,173,61,0:58,57.90,0:00,1,2,2,2,08:00 Mon,14:49 Mon,15:49 Mon,"MIDIW","MIDIW",08:00 Mon,08:45 Mon,"MIDIW",08:45 Mon,"DD Trailer",15:49 Mon,"","MIDIW AM BAND 3 Weekly","44T MIDIW",5698,61,26,"01296 399599","","MIDIW",1532,0,16,0,7950
53,1,1,"MIDIW",04:09 Mon,04:54 Mon,"91","Tottenham","N15 5NH",06:30 Mon,08:30 Mon,06:30 Mon,07:34 Mon,1:04,"D","",6617,11,6,2,17,1,"Store volume","SALT DOUBLE","","","",12:16 Mon,9:07,3:37,238,86,1:02,67.53,0:00,1,1,1,1,04:09 Mon,12:16 Mon,13:16 Mon,"MIDIW","MIDIW",04:09 Mon,04:54 Mon,"MIDIW",04:54 Mon,"DD Trailer",13:16 Mon,"","MIDIW AM BAND 1 Weekly","44T MIDIW",5651,29,105,"020 88009966","","MIDIW",1947,0,17,0,11500
53,1,2,"MIDIW",04:09 Mon,04:54 Mon,"397","Watford (New)","WD25 8HL",07:00 Mon,09:00 Mon,08:17 Mon,09:35 Mon,1:18,"D","",8803,18,6,3,24,1,"Store volume","SALT DOUBLE","","","",12:16 Mon,9:07,3:37,238,86,1:02,67.53,0:00,1,2,2,2,04:09 Mon,12:16 Mon,13:16 Mon,"MIDIW","MIDIW",04:09 Mon,04:54 Mon,"MIDIW",04:54 Mon,"DD Trailer",13:16 Mon,"","MIDIW AM BAND 1 Weekly","44T MIDIW",5730,86,29,"","","MIDIW",2702,0,24,0,19732
53,1,3,"MIDIW",04:09 Mon,04:54 Mon,"10012","DUSMO (INTERFACE)","NN7 4LP",00:01 Mon,23:59 Mon,11:27 Mon,12:00 Mon,0:33,"C","Collection Date -27/02/2017",5000,9,0,0,9,3,"Backhaul volume","SALT DOUBLE","762407","Interface Ltd - 01327 343340","info@interfaceltd.co.uk",12:16 Mon,9:07,3:37,238,86,1:02,67.53,0:00,1,3,3,3,04:09 Mon,12:16 Mon,13:16 Mon,"MIDIW","MIDIW",04:09 Mon,04:54 Mon,"MIDIW",04:54 Mon,"DD Trailer",13:16 Mon,"","MIDIW AM BAND 1 Weekly","44T MIDIW",5618,18,86,"","","MIDIW",0,0,0,2,0
54,1,1,"MIDIW",06:00 Mon,06:45 Mon,"350","Ipswich","IP2 0AQ",07:30 Mon,09:30 Mon,09:05 Mon,10:11 Mon,1:06,"D","",5506,15,3,2,18,1,"Store volume","SALT DOUBLE","","","",15:08 Mon,10:08,5:17,374,137,1:52,75.06,0:00,1,1,1,1,06:00 Mon,15:08 Mon,16:08 Mon,"MIDIW","MIDIW",06:00 Mon,06:45 Mon,"MIDIW",06:45 Mon,"DD Trailer",16:08 Mon,"","MIDIW AM BAND 2 Weekly","44T MIDIW",5718,65,172,"","","MIDIW",1854,0,18,0,10985
54,1,2,"MIDIW",06:00 Mon,06:45 Mon,"357","Thetford","IP24 3RB",10:15 Mon,12:15 Mon,11:16 Mon,13:16 Mon,2:00,"D","",6921,15,5,3,20,1,"Store volume","SALT DOUBLE","","","",15:08 Mon,10:08,5:17,374,137,1:52,75.06,0:00,1,2,2,2,06:00 Mon,15:08 Mon,16:08 Mon,"MIDIW","MIDIW",06:00 Mon,06:45 Mon,"MIDIW",06:45 Mon,"DD Trailer",16:08 Mon,"","MIDIW AM BAND 2 Weekly","44T MIDIW",5722,137,65,"","","MIDIW",2059,0,19,0,12953
55,1,1,"MIDIW",09:10 Mon,09:55 Mon,"453","Hertford","SG13 7RQ",10:15 Mon,12:15 Mon,11:17 Mon,12:49 Mon,1:32,"D","",11770,24,7,3,31,1,"Store volume","SALT DOUBLE","","","",16:31 Mon,8:21,2:58,214,101,1:17,61.85,0:00,1,1,1,1,09:10 Mon,16:31 Mon,17:31 Mon,"MIDIW","MIDIW",09:10 Mon,09:55 Mon,"MIDIW",09:55 Mon,"DD Trailer",17:31 Mon,"","MIDIW AM BAND 3 Weekly","44T MIDIW",5747,17,97,"","","MIDIW",4280,0,31,0,27042
55,1,2,"MIDIW",09:10 Mon,09:55 Mon,"243","Waltham Cross","EN8 7BF",12:30 Mon,14:30 Mon,13:08 Mon,14:24 Mon,1:16,"D","",8577,17,6,3,23,1,"Store volume","SALT DOUBLE","","","",16:31 Mon,8:21,2:58,214,101,1:17,61.85,0:00,1,2,2,2,09:10 Mon,16:31 Mon,17:31 Mon,"MIDIW","MIDIW",09:10 Mon,09:55 Mon,"MIDIW",09:55 Mon,"DD Trailer",17:31 Mon,"","MIDIW AM BAND 3 Weekly","44T MIDIW",5666,101,17,"023 9223 1919","","MIDIW",2374,0,22,0,14601
56,1,1,"MIDIW",05:12 Mon,05:57 Mon,"96","Hemel Hempstead","HP3 9SR",07:00 Mon,09:00 Mon,07:00 Mon,08:34 Mon,1:34,"D","",18969,23,9,3,32,1,"Store volume","SALT DOUBLE","","","",12:56 Mon,8:45,3:00,187,46,0:49,64.81,0:00,1,1,1,1,05:12 Mon,12:56 Mon,13:56 Mon,"MIDIW","MIDIW",05:12 Mon,05:57 Mon,"MIDIW",05:57 Mon,"DD Trailer",13:56 Mon,"","MIDIW AM BAND 1 Weekly","44T MIDIW",5653,23,73,"01233 502 088","","MIDIW",6916,0,32,0,30285
56,1,2,"MIDIW",05:12 Mon,05:57 Mon,"238","St Albans","AL4 0JY",09:00 Mon,11:00 Mon,09:02 Mon,10:04 Mon,1:02,"D","",4593,14,2,3,16,1,"Store volume","SALT DOUBLE","","","",12:56 Mon,8:45,3:00,187,46,0:49,64.81,0:00,1,2,2,2,05:12 Mon,12:56 Mon,13:56 Mon,"MIDIW","MIDIW",05:12 Mon,05:57 Mon,"MIDIW",05:57 Mon,"DD Trailer",13:56 Mon,"","MIDIW AM BAND 1 Weekly","44T MIDIW",5664,46,23,"01727 857545","","MIDIW",1282,0,16,0,12582
56,1,3,"MIDIW",05:12 Mon,05:57 Mon,"10043","S.B.D","MK45 5BY",00:01 Mon,23:59 Mon,11:43 Mon,12:16 Mon,0:33,"C","Collection Date -27/02/2017",5000,12,0,0,12,3,"Backhaul volume","SALT DOUBLE","760747-762141/5190008825/26","Richard Minett - 7733119833","richard.minett@netweber.co.uk",12:56 Mon,8:45,3:00,187,46,0:49,64.81,0:00,1,3,3,3,05:12 Mon,12:56 Mon,13:56 Mon,"MIDIW","MIDIW",05:12 Mon,05:57 Mon,"MIDIW",05:57 Mon,"DD Trailer",13:56 Mon,"","MIDIW AM BAND 1 Weekly","44T MIDIW",5636,45,46,"","","MIDIW",0,0,0,2,0
57,1,1,"MIDIW",12:00 Mon,12:45 Mon,"330","Uxbridge","UB8 1JS",12:30 Mon,14:30 Mon,13:59 Mon,15:15 Mon,1:16,"D","",8220,16,7,2,23,1,"Store volume","SALT DOUBLE","","","",20:56 Mon,9:56,3:59,268,101,1:29,82.78,0:00,1,1,1,1,12:00 Mon,20:56 Mon,21:56 Mon,"MIDIW","MIDIW",12:00 Mon,12:45 Mon,"MIDIW",12:45 Mon,"DD Trailer",21:56 Mon,"","MIDIW PM BAND 1 Weekly","44T MIDIW",5708,46,100,"0151 647 0922","","MIDIW",3360,0,22,0,16307
57,1,2,"MIDIW",12:00 Mon,12:45 Mon,"467","Borehamwood","WD6 1RX",15:00 Mon,17:00 Mon,15:52 Mon,16:50 Mon,0:58,"D","",5910,12,2,2,14,1,"Store volume","SALT DOUBLE","","","",20:56 Mon,9:56,3:59,268,101,1:29,82.78,0:00,1,2,2,2,12:00 Mon,20:56 Mon,21:56 Mon,"MIDIW","MIDIW",12:00 Mon,12:45 Mon,"MIDIW",12:45 Mon,"DD Trailer",21:56 Mon,"","MIDIW PM BAND 1 Weekly","44T MIDIW",5752,21,46,"","","MIDIW",2972,0,13,0,12118
57,1,3,"MIDIW",12:00 Mon,12:45 Mon,"78","Ruislip","HA4 0QB",16:00 Mon,18:00 Mon,17:29 Mon,19:27 Mon,1:58,"D","",3330,17,2,4,19,1,"Store volume","SALT DOUBLE","","","",20:56 Mon,9:56,3:59,268,101,1:29,82.78,0:00,1,3,3,3,12:00 Mon,20:56 Mon,21:56 Mon,"MIDIW","MIDIW",12:00 Mon,12:45 Mon,"MIDIW",12:45 Mon,"DD Trailer",21:56 Mon,"","MIDIW PM BAND 1 Weekly","44T MIDIW",5644,101,21,"02084 227090","","MIDIW",1858,0,18,0,7614
58,1,1,"MIDIW",04:05 Mon,04:50 Mon,"82","Rayleigh","SS6 7TS",06:30 Mon,08:30 Mon,06:45 Mon,07:53 Mon,1:08,"D","",4085,17,2,3,19,1,"Store volume","SALT DOUBLE","","","",11:56 Mon,8:51,3:56,304,125,1:34,65.56,0:00,1,1,1,1,04:05 Mon,11:56 Mon,12:56 Mon,"MIDIW","MIDIW",04:05 Mon,04:50 Mon,"MIDIW",04:50 Mon,"DD Trailer",12:56 Mon,"","MIDIW AM BAND 1 Weekly","44T MIDIW",5647,29,150,"01268 776 262","","MIDIW",1626,0,18,0,9587
58,1,2,"MIDIW",04:05 Mon,04:50 Mon,"409","Brentwood","CM14 5LX",07:00 Mon,09:00 Mon,08:20 Mon,09:32 Mon,1:12,"D","",5340,18,3,5,21,1,"Store volume","SALT DOUBLE","","","",11:56 Mon,8:51,3:56,304,125,1:34,65.56,0:00,1,2,2,2,04:05 Mon,11:56 Mon,12:56 Mon,"MIDIW","MIDIW",04:05 Mon,04:50 Mon,"MIDIW",04:50 Mon,"DD Trailer",12:56 Mon,"","MIDIW AM BAND 1 Weekly","44T MIDIW",5734,125,29,"","","MIDIW",1955,0,20,0,12675
59,1,1,"MIDIW",04:48 Mon,05:33 Mon,"232","Chelmsford","CM2 5PX",07:30 Mon,09:30 Mon,07:30 Mon,08:36 Mon,1:06,"D","",4027,14,4,4,18,1,"Store volume","SALT DOUBLE","","","",13:20 Mon,9:32,4:35,331,155,2:05,70.62,0:00,1,1,1,1,04:48 Mon,13:20 Mon,14:20 Mon,"MIDIW","MIDIW",04:48 Mon,05:33 Mon,"MIDIW",05:33 Mon,"DD Trailer",14:20 Mon,"","MIDIW AM BAND 1 Weekly","44T MIDIW",5659,23,153,"01245 462442","","MIDIW",964,0,17,0,6598
59,1,2,"MIDIW",04:48 Mon,05:33 Mon,"381","Braintree","CM77 8YL",08:30 Mon,10:30 Mon,09:09 Mon,11:15 Mon,2:06,"D","",6882,19,4,3,23,1,"Store volume","SALT DOUBLE","","","",13:20 Mon,9:32,4:35,331,155,2:05,70.62,0:00,1,2,2,2,04:48 Mon,13:20 Mon,14:20 Mon,"MIDIW","MIDIW",04:48 Mon,05:33 Mon,"MIDIW",05:33 Mon,"DD Trailer",14:20 Mon,"","MIDIW AM BAND 1 Weekly","44T MIDIW",5728,155,23,"","","MIDIW",2160,0,23,0,16398
60,1,1,"MIDIW",06:14 Mon,06:59 Mon,"209","Peterborough","PE1 5PS",06:00 Mon,08:00 Mon,08:00 Mon,08:52 Mon,0:52,"D","",2903,9,2,2,11,1,"Store volume","SALT DOUBLE","","","",14:34 Mon,9:20,3:29,213,36,0:40,69.14,1:22,1,1,1,1,06:14 Mon,14:34 Mon,15:34 Mon,"MIDIW","MIDIW",06:14 Mon,06:59 Mon,"MIDIW",06:59 Mon,"DD Trailer",15:34 Mon,"","MIDIW AM BAND 2 Weekly","44T MIDIW",5654,63,68,"01733 342937","","MIDIW",952,0,10,0,7498
60,1,2,"MIDIW",06:14 Mon,06:59 Mon,"472","Cambridge","CB5 8JL",08:00 Mon,10:00 Mon,09:51 Mon,10:49 Mon,0:58,"D","",4587,10,4,2,14,1,"Store volume","SALT DOUBLE","","","",14:34 Mon,9:20,3:29,213,36,0:40,69.14,1:22,1,2,2,2,06:14 Mon,14:34 Mon,15:34 Mon,"MIDIW","MIDIW",06:14 Mon,06:59 Mon,"MIDIW",06:59 Mon,"DD Trailer",15:34 Mon,"","MIDIW AM BAND 2 Weekly","44T MIDIW",5755,45,63,"","","MIDIW",1155,0,13,0,6853
60,1,3,"MIDIW",06:14 Mon,06:59 Mon,"264","Bedford","MK41 0UE",13:00 Mon,15:00 Mon,13:00 Mon,13:54 Mon,0:54,"D","",2688,10,2,2,12,1,"Store volume","SALT DOUBLE","","","",14:34 Mon,9:20,3:29,213,36,0:40,69.14,1:22,1,3,3,3,06:14 Mon,14:34 Mon,15:34 Mon,"MIDIW","MIDIW",06:14 Mon,06:59 Mon,"MIDIW",06:59 Mon,"DD Trailer",15:34 Mon,"","MIDIW AM BAND 2 Weekly","44T MIDIW",5678,36,45,"01202 590 709","","MIDIW",1831,0,11,0,7355
1005,1,1,"MIDIW",14:30 Mon,15:15 Mon,"NORHDC","Northampton HDC","NN4 7JE",00:01 Mon,23:59 Mon,15:20 Mon,15:35 Mon,0:15,"C","HDC CRAWLEY 3",0,0,0,0,1,1,"Store volume","SALT SINGLE","","","",21:25 Mon,7:55,4:20,338,0,0:00,79.17,0:00,1,1,1,1,14:30 Mon,21:25 Mon,22:25 Mon,"MIDIW","MIDIW",14:30 Mon,15:15 Mon,"MIDIW",15:15 Mon,"SD Trailer",22:25 Mon,"","MIDIW PM BAND 2 Weekly","44T MIDIW",5350,164,1,"","","MIDIW",0,0,0,0,0
1005,1,2,"MIDIW",14:30 Mon,15:15 Mon,"CRAHDC3","CRAWLEY 3","RH11 0PQ",00:01 Mon,23:59 Mon,17:41 Mon,18:11 Mon,0:30,"D","HDC CRAWLEY 3",0,0,0,0,26,1,"Store volume","SALT SINGLE","","","",21:25 Mon,7:55,4:20,338,0,0:00,79.17,0:00,1,2,2,2,14:30 Mon,21:25 Mon,22:25 Mon,"MIDIW","MIDIW",14:30 Mon,15:15 Mon,"MIDIW",15:15 Mon,"SD Trailer",22:25 Mon,"","MIDIW PM BAND 2 Weekly","44T MIDIW",5351,171,164,"","","MIDIW",0,0,0,0,0
1005,1,3,"MIDIW",14:30 Mon,15:15 Mon,"NORHDC","Northampton HDC","NN4 7JE",00:01 Mon,23:59 Mon,21:05 Mon,21:20 Mon,0:15,"C","HDC CRAWLEY 3",0,0,0,0,1,1,"Store volume","SALT SINGLE","","","",21:25 Mon,7:55,4:20,338,0,0:00,79.17,0:00,1,3,3,3,14:30 Mon,21:25 Mon,22:25 Mon,"MIDIW","MIDIW",14:30 Mon,15:15 Mon,"MIDIW",15:15 Mon,"SD Trailer",22:25 Mon,"","MIDIW PM BAND 2 Weekly","44T MIDIW",5452,1,171,"","","MIDIW",0,0,0,0,0
1006,1,1,"MIDIW",15:30 Mon,16:15 Mon,"NORTP","GOWERTON","NN4 7BN",00:01 Mon,23:59 Mon,16:26 Mon,16:46 Mon,0:20,"D","TRURO LOAD ONTO MT TP TRAILER",0,0,0,0,1,1,"Store volume","SALT SINGLE","","","",23:14 Mon,8:44,4:59,345,0,0:00,87.33,0:00,1,1,1,1,15:30 Mon,23:14 Mon,00:14 Tue,"MIDIW","MIDIW",15:30 Mon,16:15 Mon,"MIDIW",16:15 Mon,"SD Trailer",00:14 Tue,"","MIDIW PM BAND 2 Weekly","44T MIDIW",5567,4,5,"","","",0,0,0,0,0
1006,1,2,"MIDIW",15:30 Mon,16:15 Mon,"NORHDC","Northampton HDC","NN4 7JE",00:01 Mon,23:59 Mon,16:55 Mon,17:15 Mon,0:20,"C","HDC CRAWLEY 4",0,0,0,0,1,1,"Store volume","SALT SINGLE","","","",23:14 Mon,8:44,4:59,345,0,0:00,87.33,0:00,1,2,2,2,15:30 Mon,23:14 Mon,00:14 Tue,"MIDIW","MIDIW",15:30 Mon,16:15 Mon,"MIDIW",16:15 Mon,"SD Trailer",00:14 Tue,"","MIDIW PM BAND 2 Weekly","44T MIDIW",5356,164,4,"","","MIDIW",0,0,0,0,0
1006,1,3,"MIDIW",15:30 Mon,16:15 Mon,"CRAHDC4","CRAWLEY 4","RH11 0PQ",00:01 Mon,23:59 Mon,19:45 Mon,20:00 Mon,0:15,"D","HDC CRAWLEY 4",0,0,0,0,26,1,"Store volume","SALT SINGLE","","","",23:14 Mon,8:44,4:59,345,0,0:00,87.33,0:00,1,3,3,3,15:30 Mon,23:14 Mon,00:14 Tue,"MIDIW","MIDIW",15:30 Mon,16:15 Mon,"MIDIW",16:15 Mon,"SD Trailer",00:14 Tue,"","MIDIW PM BAND 2 Weekly","44T MIDIW",5357,171,164,"","","MIDIW",0,0,0,0,0
1006,1,4,"MIDIW",15:30 Mon,16:15 Mon,"NORHDC","Northampton HDC","NN4 7JE",00:01 Mon,23:59 Mon,22:54 Mon,23:09 Mon,0:15,"C","HDC CRAWLEY 3",0,0,0,0,1,1,"Store volume","SALT SINGLE","","","",23:14 Mon,8:44,4:59,345,0,0:00,87.33,0:00,1,4,4,4,15:30 Mon,23:14 Mon,00:14 Tue,"MIDIW","MIDIW",15:30 Mon,16:15 Mon,"MIDIW",16:15 Mon,"SD Trailer",00:14 Tue,"","MIDIW PM BAND 2 Weekly","44T MIDIW",5453,1,171,"","","MIDIW",0,0,0,0,0
1007,1,1,"MIDIW",20:00 Mon,20:45 Mon,"NORHDC","Northampton HDC","NN4 7JE",00:01 Mon,23:59 Mon,20:50 Mon,21:05 Mon,0:15,"C","HDC CRAWLEY 5",0,0,0,0,1,1,"Store volume","SALT SINGLE","","","",03:10 Tue,8:10,4:20,338,0,0:00,81.67,0:00,1,1,1,1,20:00 Mon,03:10 Tue,04:10 Tue,"MIDIW","MIDIW",20:00 Mon,20:45 Mon,"MIDIW",20:45 Mon,"SD Trailer",04:10 Tue,"","MIDIW PM BAND 5 Weekly","44T MIDIW",5358,164,1,"","","MIDIW",0,0,0,0,0
1007,1,2,"MIDIW",20:00 Mon,20:45 Mon,"CRAHDC5","CRAWLEY 5","RH11 0PQ",00:01 Mon,23:59 Mon,23:11 Mon,23:56 Mon,0:45,"D","HDC CRAWLEY 5",0,0,0,0,26,1,"Store volume","SALT SINGLE","","","",03:10 Tue,8:10,4:20,338,0,0:00,81.67,0:00,1,2,2,2,20:00 Mon,03:10 Tue,04:10 Tue,"MIDIW","MIDIW",20:00 Mon,20:45 Mon,"MIDIW",20:45 Mon,"SD Trailer",04:10 Tue,"","MIDIW PM BAND 5 Weekly","44T MIDIW",5359,171,164,"","","MIDIW",0,0,0,0,0
1007,1,3,"MIDIW",20:00 Mon,20:45 Mon,"NORHDC","Northampton HDC","NN4 7JE",00:01 Tue,23:59 Tue,02:50 Tue,03:05 Tue,0:15,"C","HDC CRAWLEY 3",0,0,0,0,1,1,"Store volume","SALT SINGLE","","","",03:10 Tue,8:10,4:20,338,0,0:00,81.67,0:00,1,3,3,3,20:00 Mon,03:10 Tue,04:10 Tue,"MIDIW","MIDIW",20:00 Mon,20:45 Mon,"MIDIW",20:45 Mon,"SD Trailer",04:10 Tue,"","MIDIW PM BAND 5 Weekly","44T MIDIW",5455,1,171,"","","MIDIW",0,0,0,0,0
1008,1,1,"MIDIW",22:00 Mon,22:45 Mon,"NORHDC","Northampton HDC","NN4 7JE",00:01 Mon,23:59 Mon,22:50 Mon,23:10 Mon,0:20,"C","HDC CRAWLEY 6",0,0,0,0,1,1,"Store volume","SALT SINGLE","","","",05:15 Tue,8:15,4:20,338,0,0:00,82.50,0:00,1,1,1,1,22:00 Mon,05:15 Tue,06:15 Tue,"MIDIW","MIDIW",22:00 Mon,22:45 Mon,"MIDIW",22:45 Mon,"SD Trailer",06:15 Tue,"","MIDIW NIGHT BAND 1 Weekly","44T MIDIW",5362,164,1,"","","MIDIW",0,0,0,0,0
1008,1,2,"MIDIW",22:00 Mon,22:45 Mon,"CRAHDC6","CRAWLEY 6","RH11 0PQ",00:01 Tue,23:59 Tue,01:16 Tue,02:01 Tue,0:45,"D","HDC CRAWLEY 6",0,0,0,0,26,1,"Store volume","SALT SINGLE","","","",05:15 Tue,8:15,4:20,338,0,0:00,82.50,0:00,1,2,2,2,22:00 Mon,05:15 Tue,06:15 Tue,"MIDIW","MIDIW",22:00 Mon,22:45 Mon,"MIDIW",22:45 Mon,"SD Trailer",06:15 Tue,"","MIDIW NIGHT BAND 1 Weekly","44T MIDIW",5363,171,164,"","","WAKEIW",0,0,0,0,0
1008,1,3,"MIDIW",22:00 Mon,22:45 Mon,"NORHDC","Northampton HDC","NN4 7JE",00:01 Tue,23:59 Tue,04:55 Tue,05:10 Tue,0:15,"C","HDC CRAWLEY 3",0,0,0,0,1,1,"Store volume","SALT SINGLE","","","",05:15 Tue,8:15,4:20,338,0,0:00,82.50,0:00,1,3,3,3,22:00 Mon,05:15 Tue,06:15 Tue,"MIDIW","MIDIW",22:00 Mon,22:45 Mon,"MIDIW",22:45 Mon,"SD Trailer",06:15 Tue,"","MIDIW NIGHT BAND 1 Weekly","44T MIDIW",5454,1,171,"","","MIDIW",0,0,0,0,0
1009,1,1,"WAKEIW",21:00 Mon,21:45 Mon,"COUHDC1","COUNDON 1","DL14 8PS",00:01 Mon,23:59 Mon,23:31 Mon,01:31 Tue,2:00,"D","HDC WAKEFIELD COUNDON",0,0,0,0,26,1,"Store volume","WAKE SINGLE","","","",04:07 Tue,8:07,3:32,261,127,1:46,81.17,0:00,1,1,1,1,21:00 Mon,04:07 Tue,05:07 Tue,"WAKEIW","WAKEIW",21:00 Mon,21:45 Mon,"WAKEIW",21:45 Mon,"SD Trailer",05:07 Tue,"","WAKEIW PM BAND 5 Weekly","44T WAKEIW",5364,127,134,"","","WAKEIW",0,0,0,0,0
1010,1,1,"DEVHDC",22:00 Mon,22:30 Mon,"NORHDC","Northampton HDC","NN4 7JE",00:01 Tue,23:59 Tue,00:40 Tue,01:00 Tue,0:20,"C","HDC DEVIZES 1",0,0,0,0,26,1,"Store volume","DEVHDC SINGLE","","","",04:02 Tue,6:32,4:22,292,143,2:10,65.33,0:00,1,1,1,1,22:00 Mon,04:02 Tue,04:32 Tue,"DEVHDC","DEVHDC",22:00 Mon,22:30 Mon,"DEVHDC",22:30 Mon,"SD Trailer",04:32 Tue,"","DEVHDC NIGHT Weekly","44T DEVHDC",5365,149,143,"","","MIDIW",0,0,0,0,0
1013,1,1,"MIDIW",15:00 Mon,15:45 Mon,"NORHDC","Northampton HDC","NN4 7JE",00:01 Mon,23:59 Mon,15:50 Mon,16:10 Mon,0:20,"C","HDC KINGS LYNN",0,0,0,0,1,1,"Store volume","SALT SINGLE","","","",22:22 Mon,8:22,3:57,249,0,0:00,83.67,0:00,1,1,1,1,15:00 Mon,22:22 Mon,23:22 Mon,"MIDIW","MIDIW",15:00 Mon,15:45 Mon,"MIDIW",15:45 Mon,"SD Trailer",23:22 Mon,"","MIDIW PM BAND 2 Weekly","44T MIDIW",5366,123,1,"","","MIDIW",0,0,0,0,0
1013,1,2,"MIDIW",15:00 Mon,15:45 Mon,"KINHDC1","KINGS LYNN 1","PE30 2HB",00:01 Mon,23:59 Mon,18:04 Mon,19:19 Mon,1:15,"D","HDC KINGS LYNN",0,0,0,0,26,1,"Store volume","SALT SINGLE","","","",22:22 Mon,8:22,3:57,249,0,0:00,83.67,0:00,1,2,2,2,15:00 Mon,22:22 Mon,23:22 Mon,"MIDIW","MIDIW",15:00 Mon,15:45 Mon,"MIDIW",15:45 Mon,"SD Trailer",23:22 Mon,"","MIDIW PM BAND 2 Weekly","44T MIDIW",5367,123,123,"","","MIDIW",0,0,0,0,0
1013,1,3,"MIDIW",15:00 Mon,15:45 Mon,"NORHDC","Northampton HDC","NN4 7JE",00:01 Mon,23:59 Mon,22:02 Mon,22:17 Mon,0:15,"C","HDC CRAWLEY 3",0,0,0,0,1,1,"Store volume","SALT SINGLE","","","",22:22 Mon,8:22,3:57,249,0,0:00,83.67,0:00,1,3,3,3,15:00 Mon,22:22 Mon,23:22 Mon,"MIDIW","MIDIW",15:00 Mon,15:45 Mon,"MIDIW",15:45 Mon,"SD Trailer",23:22 Mon,"","MIDIW PM BAND 2 Weekly","44T MIDIW",5457,1,123,"","","MIDIW",0,0,0,0,0
1014,1,1,"MIDIW",18:00 Mon,18:45 Mon,"NORHDC","Northampton HDC","NN4 7JE",00:01 Mon,23:59 Mon,18:50 Mon,19:10 Mon,0:20,"C","HDC WAKEFIELD COUNDON",0,0,0,0,1,1,"Store volume","SALT SINGLE","","","",02:06 Tue,9:06,5:11,419,0,0:00,91.00,0:00,1,1,1,1,18:00 Mon,02:06 Tue,03:06 Tue,"MIDIW","MIDIW",18:00 Mon,18:45 Mon,"MIDIW",18:45 Mon,"SD Trailer",03:06 Tue,"","MIDIW PM BAND 4 Weekly","44T MIDIW",5368,209,1,"","","MIDIW",0,0,0,0,0
1014,1,2,"MIDIW",18:00 Mon,18:45 Mon,"WAKCOUHDC","WAKEFIELD - COUNDON","WF10 5QX",00:01 Mon,23:59 Mon,21:40 Mon,22:25 Mon,0:45,"D","HDC WAKEFIELD COUNDON",0,0,0,0,26,1,"Store volume","SALT SINGLE","","","",02:06 Tue,9:06,5:11,419,0,0:00,91.00,0:00,1,2,2,2,18:00 Mon,02:06 Tue,03:06 Tue,"MIDIW","MIDIW",18:00 Mon,18:45 Mon,"MIDIW",18:45 Mon,"SD Trailer",03:06 Tue,"","MIDIW PM BAND 4 Weekly","44T MIDIW",5369,209,209,"","","WAKEIW",0,0,0,0,0
1014,1,3,"MIDIW",18:00 Mon,18:45 Mon,"NORHDC","Northampton HDC","NN4 7JE",00:01 Tue,23:59 Tue,01:46 Tue,02:01 Tue,0:15,"C","HDC CRAWLEY 3",0,0,0,0,1,1,"Store volume","SALT SINGLE","","","",02:06 Tue,9:06,5:11,419,0,0:00,91.00,0:00,1,3,3,3,18:00 Mon,02:06 Tue,03:06 Tue,"MIDIW","MIDIW",18:00 Mon,18:45 Mon,"MIDIW",18:45 Mon,"SD Trailer",03:06 Tue,"","MIDIW PM BAND 4 Weekly","44T MIDIW",5456,1,209,"","","MIDIW",0,0,0,0,0
1015,1,1,"MIDIW",15:08 Mon,15:53 Mon,"NORHDC","Northampton HDC","NN4 7JE",00:01 Mon,23:59 Mon,15:58 Mon,16:18 Mon,0:20,"C","HDC WAKEFIELD 1",0,0,0,0,1,1,"Store volume","SALT SINGLE","","","",23:24 Mon,9:16,5:21,419,0,0:00,92.67,0:00,1,1,1,1,15:08 Mon,23:24 Mon,00:24 Tue,"MIDIW","MIDIW",15:08 Mon,15:53 Mon,"MIDIW",15:53 Mon,"SD Trailer",00:24 Tue,"","MIDIW PM BAND 2 Weekly","44T MIDIW",5370,209,1,"","","MIDIW",0,0,0,0,0
1015,1,2,"MIDIW",15:08 Mon,15:53 Mon,"WAKHDC1","WAKEFIELD 1","WF10 5QX",00:01 Mon,23:59 Mon,18:59 Mon,19:44 Mon,0:45,"D","",0,0,0,0,26,2,"Trunk volume","SALT SINGLE","","","",23:24 Mon,9:16,5:21,419,0,0:00,92.67,0:00,1,2,2,2,15:08 Mon,23:24 Mon,00:24 Tue,"MIDIW","MIDIW",15:08 Mon,15:53 Mon,"MIDIW",15:53 Mon,"SD Trailer",00:24 Tue,"","MIDIW PM BAND 2 Weekly","44T MIDIW",5442,209,209,"","","WAKEIW",0,0,0,0,0
1015,1,3,"MIDIW",15:08 Mon,15:53 Mon,"NORHDC","Northampton HDC","NN4 7JE",00:01 Mon,23:59 Mon,23:04 Mon,23:19 Mon,0:15,"C","HDC CRAWLEY 3",0,0,0,0,1,1,"Store volume","SALT SINGLE","","","",23:24 Mon,9:16,5:21,419,0,0:00,92.67,0:00,1,3,3,3,15:08 Mon,23:24 Mon,00:24 Tue,"MIDIW","MIDIW",15:08 Mon,15:53 Mon,"MIDIW",15:53 Mon,"SD Trailer",00:24 Tue,"","MIDIW PM BAND 2 Weekly","44T MIDIW",5458,1,209,"","","MIDIW",0,0,0,0,0
1016,1,1,"WAKEIW",12:00 Mon,12:45 Mon,"NORHDC","Northampton HDC","NN4 7JE",00:01 Mon,23:59 Mon,15:16 Mon,15:36 Mon,0:20,"C","HDC ASTRACAST/WAKEFIELD 2",0,0,0,0,1,1,"Store volume","WAKE SINGLE","","","",19:02 Mon,8:02,5:07,418,209,2:31,66.94,0:00,1,1,1,1,12:00 Mon,19:02 Mon,20:02 Mon,"WAKEIW","WAKEIW",12:00 Mon,12:45 Mon,"WAKEIW",12:45 Mon,"SD Trailer",20:02 Mon,"","WAKEIW PM BAND 1 Weekly","44T WAKEIW",5374,209,209,"","","MIDIW",0,0,0,0,0
1017,1,1,"MIDIW",15:00 Mon,15:45 Mon,"NORTP","GOWERTON","NN4 7BN",00:01 Mon,23:59 Mon,15:56 Mon,16:16 Mon,0:20,"D","PLYMOUTH LOAD ONTO MT TP TRAILER",0,0,0,0,1,1,"Store volume","SALT SINGLE","","","",00:53 Tue,10:53,6:38,454,0,0:00,108.83,0:00,1,1,1,1,15:00 Mon,00:53 Tue,01:53 Tue,"MIDIW","MIDIW",15:00 Mon,15:45 Mon,"MIDIW",15:45 Mon,"SD Trailer",01:53 Tue,"","MIDIW PM BAND 2 Weekly","44T MIDIW",5569,4,5,"","","",0,0,0,0,0
1017,1,2,"MIDIW",15:00 Mon,15:45 Mon,"NORHDC","Northampton HDC","NN4 7JE",00:01 Mon,23:59 Mon,16:25 Mon,16:45 Mon,0:20,"C","HDC WARRINGTON",0,0,0,0,1,1,"Store volume","SALT SINGLE","","","",00:53 Tue,10:53,6:38,454,0,0:00,108.83,0:00,1,2,2,2,15:00 Mon,00:53 Tue,01:53 Tue,"MIDIW","MIDIW",15:00 Mon,15:45 Mon,"MIDIW",15:45 Mon,"SD Trailer",01:53 Tue,"","MIDIW PM BAND 2 Weekly","44T MIDIW",5375,222,4,"","","MIDIW",0,0,0,0,0
1017,1,3,"MIDIW",15:00 Mon,15:45 Mon,"WARHDC1","WARRINGTON 1","WA5 4AH",00:01 Mon,23:59 Mon,19:59 Mon,21:34 Mon,1:35,"D","HDC WARRINGTON",0,0,0,0,26,1,"Store volume","SALT SINGLE","","","",00:53 Tue,10:53,6:38,454,0,0:00,108.83,0:00,1,3,3,3,15:00 Mon,00:53 Tue,01:53 Tue,"MIDIW","MIDIW",15:00 Mon,15:45 Mon,"MIDIW",15:45 Mon,"SD Trailer",01:53 Tue,"","MIDIW PM BAND 2 Weekly","44T MIDIW",5376,223,222,"","","WAKEIW",0,0,0,0,0
1017,1,4,"MIDIW",15:00 Mon,15:45 Mon,"NORHDC","Northampton HDC","NN4 7JE",00:01 Tue,23:59 Tue,00:33 Tue,00:48 Tue,0:15,"C","HDC CRAWLEY 3",0,0,0,0,1,1,"Store volume","SALT SINGLE","","","",00:53 Tue,10:53,6:38,454,0,0:00,108.83,0:00,1,4,4,4,15:00 Mon,00:53 Tue,01:53 Tue,"MIDIW","MIDIW",15:00 Mon,15:45 Mon,"MIDIW",15:45 Mon,"SD Trailer",01:53 Tue,"","MIDIW PM BAND 2 Weekly","44T MIDIW",5459,1,223,"","","MIDIW",0,0,0,0,0
1018,1,1,"CARHDC",17:00 Mon,17:30 Mon,"BSSCLCAR","BSS Rig swap","SN5 8YW",00:01 Mon,23:59 Mon,19:08 Mon,19:53 Mon,0:45,"C","",0,0,0,0,26,2,"Trunk volume","CARHDC SINGLE","","","",21:32 Mon,5:02,3:17,221,110,1:38,50.33,0:00,1,1,1,1,17:00 Mon,21:32 Mon,22:02 Mon,"CARHDC","CARHDC",17:00 Mon,17:30 Mon,"CARHDC",17:30 Mon,"SD Trailer",22:02 Mon,"","CARHDC PM Weekly","44T CARHDC",5429,110,110,"","","",0,0,0,0,0
1019,1,1,"MIDIW",16:30 Mon,17:15 Mon,"NORHDC","Northampton HDC","NN4 7JE",00:01 Mon,23:59 Mon,17:20 Mon,17:35 Mon,0:15,"C","HDC CRAWLEY 3",0,0,0,0,1,1,"Store volume","SALT SINGLE","","","",21:42 Mon,9:28,5:03,312,0,0:00,94.67,0:00,2,1,1,1,16:30 Mon,21:42 Mon,23:02 Mon,"MIDIW","MIDIW",16:30 Mon,17:15 Mon,"MIDIW",17:15 Mon,"SD Trailer",01:58 Tue,"","MIDIW PM BAND 3 Weekly","44T MIDIW",5460,127,1,"","","MIDIW",0,0,0,0,0
1019,1,2,"MIDIW",16:30 Mon,17:15 Mon,"BSSCLSAL","BSS Rig swap","SN5 8YW",00:01 Mon,23:59 Mon,19:28 Mon,19:28 Mon,0:00,"D","",0,0,0,0,26,2,"Trunk volume","SALT SINGLE","","","",21:42 Mon,9:28,5:03,312,0,0:00,94.67,0:00,2,2,2,2,16:30 Mon,21:42 Mon,23:02 Mon,"MIDIW","MIDIW",16:30 Mon,17:15 Mon,"MIDIW",17:15 Mon,"SD Trailer",01:58 Tue,"","MIDIW PM BAND 3 Weekly","44T MIDIW",5428,126,127,"","","",0,0,0,0,0
1019,1,3,"MIDIW",16:30 Mon,17:15 Mon,"NORHDC","Northampton HDC","NN4 7JE",00:01 Mon,23:59 Mon,21:17 Mon,21:37 Mon,0:20,"C","MEMBURY CL SAL",0,0,0,0,1,1,"Store volume","SALT SINGLE","","","",21:42 Mon,9:28,5:03,312,0,0:00,94.67,0:00,2,3,3,3,16:30 Mon,21:42 Mon,23:02 Mon,"MIDIW","MIDIW",16:30 Mon,17:15 Mon,"MIDIW",17:15 Mon,"SD Trailer",01:58 Tue,"","MIDIW PM BAND 3 Weekly","44T MIDIW",5378,1,126,"","","MIDIW",0,0,0,0,0
1019,2,1,"MIDIW",16:30 Mon,23:17 Mon,"NORHDC","Northampton HDC","NN4 7JE",00:01 Mon,23:59 Mon,23:22 Mon,23:37 Mon,0:15,"C","ELECTROLUX",0,0,0,0,1,1,"Store volume","SALT SINGLE","","","",00:58 Tue,9:28,5:03,312,0,0:00,94.67,0:00,2,4,4,1,23:02 Mon,00:58 Tue,01:58 Tue,"MIDIW","MIDIW",23:02 Mon,23:17 Mon,"MIDIW",23:17 Mon,"SD Trailer",01:58 Tue,"","MIDIW PM BAND 3 Weekly","44T MIDIW",5360,29,1,"","","MIDIW",0,0,0,0,0
1019,2,2,"MIDIW",16:30 Mon,23:17 Mon,"10014","Electrolux","MK12 5LJ",00:01 Tue,23:59 Tue,00:07 Tue,00:07 Tue,0:00,"D","ELECTROLUX",0,0,0,0,26,1,"Store volume","SALT SINGLE","","","",00:58 Tue,9:28,5:03,312,0,0:00,94.67,0:00,2,5,5,2,23:02 Mon,00:58 Tue,01:58 Tue,"MIDIW","MIDIW",23:02 Mon,23:17 Mon,"MIDIW",23:17 Mon,"SD Trailer",01:58 Tue,"","MIDIW PM BAND 3 Weekly","44T MIDIW",5361,25,29,"","","MIDIW",0,0,0,0,0
1019,2,3,"MIDIW",16:30 Mon,23:17 Mon,"NORHDC","Northampton HDC","NN4 7JE",00:01 Tue,23:59 Tue,00:38 Tue,00:53 Tue,0:15,"C","HDC CRAWLEY 3",0,0,0,0,1,1,"Store volume","SALT SINGLE","","","",00:58 Tue,9:28,5:03,312,0,0:00,94.67,0:00,2,6,6,3,23:02 Mon,00:58 Tue,01:58 Tue,"MIDIW","MIDIW",23:02 Mon,23:17 Mon,"MIDIW",23:17 Mon,"SD Trailer",01:58 Tue,"","MIDIW PM BAND 3 Weekly","44T MIDIW",5462,1,25,"","","MIDIW",0,0,0,0,0
1021,1,1,"MIDIW",05:00 Mon,05:45 Mon,"NORHDCSHUNT","HDC SHUNTING","NN4 7JE",00:01 Mon,23:59 Mon,05:50 Mon,07:55 Mon,2:05,"D","",0,0,0,0,1,1,"Store volume","","","","",08:00 Mon,4:00,0:10,2,1,0:05,29.63,0:00,1,1,1,1,05:00 Mon,08:00 Mon,09:00 Mon,"MIDIW","MIDIW",05:00 Mon,05:45 Mon,"MIDIW",05:45 Mon,"",09:00 Mon,"","MIDIW AM BAND 1 Weekly","",5423,1,1,"","","",0,0,0,0,0
1022,1,1,"MIDIW",10:00 Mon,10:45 Mon,"NORHDCSHUNT","HDC SHUNTING","NN4 7JE",00:01 Mon,23:59 Mon,10:50 Mon,18:55 Mon,8:05,"D","",0,0,0,0,1,1,"Store volume","","","","",19:00 Mon,10:00,0:10,2,1,0:05,74.07,0:00,1,1,1,1,10:00 Mon,19:00 Mon,20:00 Mon,"MIDIW","MIDIW",10:00 Mon,10:45 Mon,"MIDIW",10:45 Mon,"",20:00 Mon,"","MIDIW AM BAND 4 Weekly","",5430,1,1,"","","",0,0,0,0,0
1023,1,1,"MIDIW",20:00 Mon,20:45 Mon,"NORHDCSHUNT","HDC SHUNTING","NN4 7JE",00:01 Mon,23:59 Mon,20:50 Mon,04:55 Tue,8:05,"D","",0,0,0,0,1,1,"Store volume","","","","",05:00 Tue,10:00,0:10,2,1,0:05,100.00,0:00,1,1,1,1,20:00 Mon,05:00 Tue,06:00 Tue,"MIDIW","MIDIW",20:00 Mon,20:45 Mon,"MIDIW",20:45 Mon,"",06:00 Tue,"","MIDIW PM BAND 5 Weekly","",5439,1,1,"","","",0,0,0,0,0
1024,1,1,"MIDIW",20:00 Mon,20:45 Mon,"NORHDCSHUNT","HDC SHUNTING","NN4 7JE",00:01 Mon,23:59 Mon,20:50 Mon,04:55 Tue,8:05,"D","",0,0,0,0,1,1,"Store volume","","","","",05:00 Tue,10:00,0:10,2,1,0:05,100.00,0:00,1,1,1,1,20:00 Mon,05:00 Tue,06:00 Tue,"MIDIW","MIDIW",20:00 Mon,20:45 Mon,"MIDIW",20:45 Mon,"",06:00 Tue,"","MIDIW PM BAND 5 Weekly","",5422,1,1,"","","",0,0,0,0,0
1026,1,1,"MIDIW",04:05 Mon,04:50 Mon,"NORHDC","Northampton HDC","NN4 7JE",00:01 Mon,23:59 Mon,04:55 Mon,05:15 Mon,0:20,"C","PERTH/BOSTICK",0,0,0,0,1,1,"Store volume","SALT SINGLE","","","",02:42 Tue,24:27,16:01,1295,0,0:00,90.56,0:00,1,1,1,1,04:05 Mon,02:42 Tue,04:32 Tue,"MIDIW","MIDIW",04:05 Mon,04:50 Mon,"MIDIW",04:50 Mon,"SD Trailer",04:32 Tue,"","MIDIW AM BAND 1 Weekly","44T MIDIW",5380,645,1,"","","MIDIW",0,0,0,0,0
1026,1,2,"MIDIW",04:05 Mon,04:50 Mon,"PERHDC1","PERTH 1","PH2 7ST",00:01 Mon,23:59 Mon,13:51 Mon,16:41 Mon,2:50,"D","PERTH/BOSTICK",0,0,0,0,26,1,"Store volume","SALT SINGLE","","","",02:42 Tue,24:27,16:01,1295,0,0:00,90.56,0:00,1,2,2,2,04:05 Mon,02:42 Tue,04:32 Tue,"MIDIW","MIDIW",04:05 Mon,04:50 Mon,"MIDIW",04:50 Mon,"SD Trailer",04:32 Tue,"","MIDIW AM BAND 1 Weekly","44T MIDIW",5381,387,645,"","","BELOB",0,0,0,0,0
1026,1,3,"MIDIW",04:05 Mon,04:50 Mon,"10005","BOSTICK DALTON","YO7 3HE",00:01 Mon,23:59 Mon,22:30 Mon,23:16 Mon,0:46,"C","PERTH/BOSTICK",0,0,0,0,26,1,"Store volume","SALT SINGLE","","","",02:42 Tue,24:27,16:01,1295,0,0:00,90.56,0:00,1,3,3,3,04:05 Mon,02:42 Tue,04:32 Tue,"MIDIW","MIDIW",04:05 Mon,04:50 Mon,"MIDIW",04:50 Mon,"SD Trailer",04:32 Tue,"","MIDIW AM BAND 1 Weekly","44T MIDIW",5382,261,387,"","","WAKEIW",0,0,0,0,0
1026,1,4,"MIDIW",04:05 Mon,04:50 Mon,"NORHDC","Northampton HDC","NN4 7JE",00:01 Tue,23:59 Tue,02:22 Tue,02:37 Tue,0:15,"C","HDC CRAWLEY 3",0,0,0,0,1,1,"Store volume","SALT SINGLE","","","",02:42 Tue,24:27,16:01,1295,0,0:00,90.56,0:00,1,4,4,4,04:05 Mon,02:42 Tue,04:32 Tue,"MIDIW","MIDIW",04:05 Mon,04:50 Mon,"MIDIW",04:50 Mon,"SD Trailer",04:32 Tue,"","MIDIW AM BAND 1 Weekly","44T MIDIW",5463,1,261,"","","MIDIW",0,0,0,0,0
1027,1,1,"MIDIW",05:00 Mon,05:45 Mon,"NORHDC","Northampton HDC","NN4 7JE",00:01 Mon,23:59 Mon,05:50 Mon,06:05 Mon,0:15,"C","HDC CRAWLEY 3",0,0,0,0,1,1,"Store volume","SALT SINGLE","","","",16:18 Mon,13:08,8:13,630,0,0:00,97.28,0:00,1,1,1,1,05:00 Mon,16:18 Mon,18:08 Mon,"MIDIW","MIDIW",05:00 Mon,05:45 Mon,"MIDIW",05:45 Mon,"SD Trailer",18:08 Mon,"","MIDIW AM BAND 1 Weekly","44T MIDIW",5601,314,1,"","","MIDIW",0,0,0,0,0
1027,1,2,"MIDIW",05:00 Mon,05:45 Mon,"EXEHDC2","EXETER 2","EX2 7JG",00:01 Mon,23:59 Mon,10:08 Mon,11:58 Mon,1:50,"D","",0,0,0,0,26,2,"Trunk volume","SALT SINGLE","","","",16:18 Mon,13:08,8:13,630,0,0:00,97.28,0:00,1,2,2,2,05:00 Mon,16:18 Mon,18:08 Mon,"MIDIW","MIDIW",05:00 Mon,05:45 Mon,"MIDIW",05:45 Mon,"SD Trailer",18:08 Mon,"","MIDIW AM BAND 1 Weekly","44T MIDIW",5602,314,314,"","","MIDIW",0,0,0,0,0
1027,1,3,"MIDIW",05:00 Mon,05:45 Mon,"NORHDC","Northampton HDC","NN4 7JE",00:01 Mon,23:59 Mon,15:58 Mon,16:13 Mon,0:15,"C","HDC CRAWLEY 3",0,0,0,0,1,1,"Store volume","SALT SINGLE","","","",16:18 Mon,13:08,8:13,630,0,0:00,97.28,0:00,1,3,3,3,05:00 Mon,16:18 Mon,18:08 Mon,"MIDIW","MIDIW",05:00 Mon,05:45 Mon,"MIDIW",05:45 Mon,"SD Trailer",18:08 Mon,"","MIDIW AM BAND 1 Weekly","44T MIDIW",5600,1,314,"","","MIDIW",0,0,0,0,0
1028,1,1,"MIDIW",05:00 Mon,05:45 Mon,"NORHDC","Northampton HDC","NN4 7JE",00:01 Mon,23:59 Mon,05:50 Mon,06:05 Mon,0:15,"C","HDC CRAWLEY 3",0,0,0,0,1,1,"Store volume","SALT SINGLE","","","",13:37 Mon,9:37,4:32,294,0,0:00,71.23,0:00,1,1,1,1,05:00 Mon,13:37 Mon,14:37 Mon,"MIDIW","MIDIW",05:00 Mon,05:45 Mon,"MIDIW",05:45 Mon,"SD Trailer",14:37 Mon,"","MIDIW AM BAND 1 Weekly","44T MIDIW",5599,149,1,"","","MIDIW",0,0,0,0,0
1028,1,2,"MIDIW",05:00 Mon,05:45 Mon,"DEVHDC3","DEVIZES 3","SN10 2HT",00:01 Mon,23:59 Mon,08:17 Mon,10:17 Mon,2:00,"D","",0,0,0,0,26,2,"Trunk volume","SALT SINGLE","","","",13:37 Mon,9:37,4:32,294,0,0:00,71.23,0:00,1,2,2,2,05:00 Mon,13:37 Mon,14:37 Mon,"MIDIW","MIDIW",05:00 Mon,05:45 Mon,"MIDIW",05:45 Mon,"SD Trailer",14:37 Mon,"","MIDIW AM BAND 1 Weekly","44T MIDIW",5603,143,149,"","","MIDIW",0,0,0,0,0
1028,1,3,"MIDIW",05:00 Mon,05:45 Mon,"NORHDC","Northampton HDC","NN4 7JE",00:01 Mon,23:59 Mon,13:17 Mon,13:32 Mon,0:15,"C","HDC CRAWLEY 3",0,0,0,0,1,1,"Store volume","SALT SINGLE","","","",13:37 Mon,9:37,4:32,294,0,0:00,71.23,0:00,1,3,3,3,05:00 Mon,13:37 Mon,14:37 Mon,"MIDIW","MIDIW",05:00 Mon,05:45 Mon,"MIDIW",05:45 Mon,"SD Trailer",14:37 Mon,"","MIDIW AM BAND 1 Weekly","44T MIDIW",5598,1,143,"","","MIDIW",0,0,0,0,0
1029,1,1,"MIDIW",18:00 Mon,18:45 Mon,"NORHDC","Northampton HDC","NN4 7JE",00:01 Mon,23:59 Mon,18:50 Mon,19:05 Mon,0:15,"C","HDC CRAWLEY 3",0,0,0,0,1,1,"Store volume","SALT SINGLE","","","",03:01 Tue,10:01,6:11,447,0,0:00,100.17,0:00,1,1,1,1,18:00 Mon,03:01 Tue,04:01 Tue,"MIDIW","MIDIW",18:00 Mon,18:45 Mon,"MIDIW",18:45 Mon,"SD Trailer",04:01 Tue,"","MIDIW PM BAND 4 Weekly","44T MIDIW",5597,222,1,"","","MIDIW",0,0,0,0,0
1029,1,2,"MIDIW",18:00 Mon,18:45 Mon,"WARHDC2","WARRINGTON 2","WA5 4AH",00:01 Mon,23:59 Mon,22:08 Mon,22:53 Mon,0:45,"D","",0,0,0,0,26,2,"Trunk volume","SALT SINGLE","","","",03:01 Tue,10:01,6:11,447,0,0:00,100.17,0:00,1,2,2,2,18:00 Mon,03:01 Tue,04:01 Tue,"MIDIW","MIDIW",18:00 Mon,18:45 Mon,"MIDIW",18:45 Mon,"SD Trailer",04:01 Tue,"","MIDIW PM BAND 4 Weekly","44T MIDIW",5604,223,222,"","","",0,0,0,0,0
1029,1,3,"MIDIW",18:00 Mon,18:45 Mon,"NORHDC","Northampton HDC","NN4 7JE",00:01 Tue,23:59 Tue,02:41 Tue,02:56 Tue,0:15,"C","HDC CRAWLEY 3",0,0,0,0,1,1,"Store volume","SALT SINGLE","","","",03:01 Tue,10:01,6:11,447,0,0:00,100.17,0:00,1,3,3,3,18:00 Mon,03:01 Tue,04:01 Tue,"MIDIW","MIDIW",18:00 Mon,18:45 Mon,"MIDIW",18:45 Mon,"SD Trailer",04:01 Tue,"","MIDIW PM BAND 4 Weekly","44T MIDIW",5596,1,223,"","","MIDIW",0,0,0,0,0
1030,1,1,"MIDIW",18:00 Mon,18:45 Mon,"NORHDC","Northampton HDC","NN4 7JE",00:01 Mon,23:59 Mon,18:50 Mon,19:05 Mon,0:15,"C","HDC CRAWLEY 3",0,0,0,0,1,1,"Store volume","SALT SINGLE","","","",02:01 Tue,9:01,5:11,419,0,0:00,90.17,0:00,1,1,1,1,18:00 Mon,02:01 Tue,03:01 Tue,"MIDIW","MIDIW",18:00 Mon,18:45 Mon,"MIDIW",18:45 Mon,"SD Trailer",03:01 Tue,"","MIDIW PM BAND 4 Weekly","44T MIDIW",5595,209,1,"","","MIDIW",0,0,0,0,0
1030,1,2,"MIDIW",18:00 Mon,18:45 Mon,"WAKHDC3","WAKEFIELD 3","WF10 5QX",00:01 Mon,23:59 Mon,21:35 Mon,22:20 Mon,0:45,"D","",0,0,0,0,26,2,"Trunk volume","SALT SINGLE","","","",02:01 Tue,9:01,5:11,419,0,0:00,90.17,0:00,1,2,2,2,18:00 Mon,02:01 Tue,03:01 Tue,"MIDIW","MIDIW",18:00 Mon,18:45 Mon,"MIDIW",18:45 Mon,"SD Trailer",03:01 Tue,"","MIDIW PM BAND 4 Weekly","44T MIDIW",5605,209,209,"","","",0,0,0,0,0
1030,1,3,"MIDIW",18:00 Mon,18:45 Mon,"NORHDC","Northampton HDC","NN4 7JE",00:01 Tue,23:59 Tue,01:41 Tue,01:56 Tue,0:15,"C","HDC CRAWLEY 3",0,0,0,0,1,1,"Store volume","SALT SINGLE","","","",02:01 Tue,9:01,5:11,419,0,0:00,90.17,0:00,1,3,3,3,18:00 Mon,02:01 Tue,03:01 Tue,"MIDIW","MIDIW",18:00 Mon,18:45 Mon,"MIDIW",18:45 Mon,"SD Trailer",03:01 Tue,"","MIDIW PM BAND 4 Weekly","44T MIDIW",5594,1,209,"","","MIDIW",0,0,0,0,0
1040,1,1,"MIDIW",10:30 Mon,11:15 Mon,"NORHDC","Northampton HDC","NN4 7JE",00:01 Mon,23:59 Mon,11:20 Mon,11:35 Mon,0:15,"C","NETHER HDC",0,0,0,0,1,1,"Store volume","SALT SINGLE","","","",13:45 Mon,10:37,3:47,196,0,0:00,78.64,0:00,3,1,1,1,10:30 Mon,13:45 Mon,14:15 Mon,"MIDIW","MIDIW",10:30 Mon,11:15 Mon,"MIDIW",11:15 Mon,"SD Trailer",21:08 Mon,"","MIDIW AM BAND 4 Weekly","44T MIDIW",5352,19,1,"","","MIDIW",0,0,0,0,0
1040,1,2,"MIDIW",10:30 Mon,11:15 Mon,"NETHDC","NETHERHDC","NN7 3LB",00:01 Mon,23:59 Mon,11:55 Mon,12:10 Mon,0:15,"D","NETHER HDC",0,0,0,0,26,1,"Store volume","SALT SINGLE","","","",13:45 Mon,10:37,3:47,196,0,0:00,78.64,0:00,3,2,2,2,10:30 Mon,13:45 Mon,14:15 Mon,"MIDIW","MIDIW",10:30 Mon,11:15 Mon,"MIDIW",11:15 Mon,"SD Trailer",21:08 Mon,"","MIDIW AM BAND 4 Weekly","44T MIDIW",5353,19,19,"","","MIDIW",0,0,0,0,0
1040,1,3,"MIDIW",10:30 Mon,11:15 Mon,"NORHDC","Northampton HDC","NN4 7JE",00:01 Mon,23:59 Mon,12:30 Mon,12:50 Mon,0:20,"C","NETHER HDC",0,0,0,0,1,1,"Store volume","SALT SINGLE","","","",13:45 Mon,10:37,3:47,196,0,0:00,78.64,0:00,3,3,3,3,10:30 Mon,13:45 Mon,14:15 Mon,"MIDIW","MIDIW",10:30 Mon,11:15 Mon,"MIDIW",11:15 Mon,"SD Trailer",21:08 Mon,"","MIDIW AM BAND 4 Weekly","44T MIDIW",5433,19,19,"","","MIDIW",0,0,0,0,0
1040,1,4,"MIDIW",10:30 Mon,11:15 Mon,"NETHDC","NETHERHDC","NN7 3LB",00:01 Mon,23:59 Mon,13:10 Mon,13:25 Mon,0:15,"D","NETHER HDC",0,0,0,0,26,1,"Store volume","SALT SINGLE","","","",13:45 Mon,10:37,3:47,196,0,0:00,78.64,0:00,3,4,4,4,10:30 Mon,13:45 Mon,14:15 Mon,"MIDIW","MIDIW",10:30 Mon,11:15 Mon,"MIDIW",11:15 Mon,"SD Trailer",21:08 Mon,"","MIDIW AM BAND 4 Weekly","44T MIDIW",5434,19,19,"","","MIDIW",0,0,0,0,0
1040,2,1,"MIDIW",10:30 Mon,14:30 Mon,"NORHDC","Northampton HDC","NN4 7JE",00:01 Mon,23:59 Mon,14:35 Mon,14:55 Mon,0:20,"C","NETHER HDC",0,0,0,0,1,1,"Store volume","SALT SINGLE","","","",18:08 Mon,10:37,3:47,196,0,0:00,78.64,0:00,3,5,5,1,14:15 Mon,18:08 Mon,18:38 Mon,"MIDIW","MIDIW",14:15 Mon,14:30 Mon,"MIDIW",14:30 Mon,"SD Trailer",21:08 Mon,"","MIDIW AM BAND 4 Weekly","44T MIDIW",5354,19,1,"","","MIDIW",0,0,0,0,0
1040,2,2,"MIDIW",10:30 Mon,14:30 Mon,"NETHDC","NETHERHDC","NN7 3LB",00:01 Mon,23:59 Mon,15:15 Mon,15:30 Mon,0:15,"D","NETHER HDC",0,0,0,0,26,1,"Store volume","SALT SINGLE","","","",18:08 Mon,10:37,3:47,196,0,0:00,78.64,0:00,3,6,6,2,14:15 Mon,18:08 Mon,18:38 Mon,"MIDIW","MIDIW",14:15 Mon,14:30 Mon,"MIDIW",14:30 Mon,"SD Trailer",21:08 Mon,"","MIDIW AM BAND 4 Weekly","44T MIDIW",5355,19,19,"","","MIDIW",0,0,0,0,0
1040,2,3,"MIDIW",10:30 Mon,14:30 Mon,"NORHDC","Northampton HDC","NN4 7JE",00:01 Mon,23:59 Mon,15:50 Mon,17:00 Mon,1:10,"C","NETHER HDC",0,0,0,0,1,1,"Store volume","SALT SINGLE","","","",18:08 Mon,10:37,3:47,196,0,0:00,78.64,0:00,3,7,7,3,14:15 Mon,18:08 Mon,18:38 Mon,"MIDIW","MIDIW",14:15 Mon,14:30 Mon,"MIDIW",14:30 Mon,"SD Trailer",21:08 Mon,"","MIDIW AM BAND 4 Weekly","44T MIDIW",5348,19,19,"","","MIDIW",0,0,0,0,0
1040,2,4,"MIDIW",10:30 Mon,14:30 Mon,"NETHDC","NETHERHDC","NN7 3LB",00:01 Mon,23:59 Mon,17:26 Mon,17:41 Mon,0:15,"D","NETHER HDC",0,0,0,0,26,1,"Store volume","SALT SINGLE","","","",18:08 Mon,10:37,3:47,196,0,0:00,78.64,0:00,3,8,8,4,14:15 Mon,18:08 Mon,18:38 Mon,"MIDIW","MIDIW",14:15 Mon,14:30 Mon,"MIDIW",14:30 Mon,"SD Trailer",21:08 Mon,"","MIDIW AM BAND 4 Weekly","44T MIDIW",5349,19,19,"","","MIDIW",0,0,0,0,0
1040,3,1,"MIDIW",10:30 Mon,18:53 Mon,"NORHDC","Northampton HDC","NN4 7JE",00:01 Mon,23:59 Mon,18:58 Mon,19:13 Mon,0:15,"C","NETHER HDC",0,0,0,0,1,1,"Store volume","SALT SINGLE","","","",20:08 Mon,10:37,3:47,196,0,0:00,78.64,0:00,3,9,9,1,18:38 Mon,20:08 Mon,21:08 Mon,"MIDIW","MIDIW",18:38 Mon,18:53 Mon,"MIDIW",18:53 Mon,"SD Trailer",21:08 Mon,"","MIDIW AM BAND 4 Weekly","44T MIDIW",5436,19,1,"","","MIDIW",0,0,0,0,0
1040,3,2,"MIDIW",10:30 Mon,18:53 Mon,"NETHDC","NETHERHDC","NN7 3LB",00:01 Mon,23:59 Mon,19:32 Mon,19:47 Mon,0:15,"D","NETHER HDC",0,0,0,0,26,1,"Store volume","SALT SINGLE","","","",20:08 Mon,10:37,3:47,196,0,0:00,78.64,0:00,3,10,10,2,18:38 Mon,20:08 Mon,21:08 Mon,"MIDIW","MIDIW",18:38 Mon,18:53 Mon,"MIDIW",18:53 Mon,"SD Trailer",21:08 Mon,"","MIDIW AM BAND 4 Weekly","44T MIDIW",5437,19,19,"","","MIDIW",0,0,0,0,0
3000,1,1,"MIDIW",14:00 Mon,14:45 Mon,"PANASONIC","PANASONIC","NN4 7BW",00:01 Mon,23:59 Mon,14:56 Mon,15:16 Mon,0:20,"C","",0,0,0,0,40,3,"Backhaul volume","SALT SINGLE","","","",15:27 Mon,9:03,2:28,97,48,1:14,90.50,0:00,5,1,1,1,14:00 Mon,15:27 Mon,15:57 Mon,"MIDIW","MIDIW",14:00 Mon,14:45 Mon,"MIDIW",14:45 Mon,"SD Trailer",23:02 Mon,"","MIDIW PM BAND 2 Weekly","44T MIDIW",5449,4,5,"","","",0,0,0,0,0
3000,2,1,"MIDIW",14:00 Mon,16:12 Mon,"PANASONIC","PANASONIC","NN4 7BW",00:01 Mon,23:59 Mon,16:23 Mon,16:23 Mon,0:00,"D","",0,0,0,0,40,3,"Backhaul volume","SALT DOUBLE","","","",16:34 Mon,9:03,2:28,97,48,1:14,90.50,0:00,5,2,2,1,15:57 Mon,16:34 Mon,17:04 Mon,"MIDIW","MIDIW",15:57 Mon,16:12 Mon,"MIDIW",16:12 Mon,"DD Trailer",23:02 Mon,"","MIDIW PM BAND 2 Weekly","44T MIDIW",5591,4,5,"","","",0,0,0,0,0
3000,3,1,"MIDIW",14:00 Mon,17:19 Mon,"NETOB","NETHEROB","NN7 3LB",00:01 Mon,23:59 Mon,17:45 Mon,18:05 Mon,0:20,"C","NETHER IW",0,0,0,0,1,1,"Store volume","SALT SINGLE","","","",18:31 Mon,9:03,2:28,97,48,1:14,90.50,0:00,5,3,3,1,17:04 Mon,18:31 Mon,19:01 Mon,"MIDIW","MIDIW",17:04 Mon,17:19 Mon,"MIDIW",17:19 Mon,"SD Trailer",23:02 Mon,"","MIDIW PM BAND 2 Weekly","44T MIDIW",5396,19,19,"","","",0,0,0,0,0
3000,4,1,"MIDIW",14:00 Mon,19:16 Mon,"10011","CONNECTIONS(Benchmarx)","NN4 7PN",00:01 Mon,23:59 Mon,19:21 Mon,19:21 Mon,0:00,"D","CONNECTIONS",0,0,0,0,1,1,"Store volume","SALT SINGLE","","","",19:26 Mon,9:03,2:28,97,48,1:14,90.50,0:00,5,4,4,1,19:01 Mon,19:26 Mon,20:46 Mon,"MIDIW","MIDIW",19:01 Mon,19:16 Mon,"MIDIW",19:16 Mon,"SD Trailer",23:02 Mon,"","MIDIW PM BAND 2 Weekly","44T MIDIW",5417,1,1,"","","MIDIW",0,0,0,0,0
3000,5,1,"MIDIW",14:00 Mon,21:01 Mon,"NETOB","NETHEROB","NN7 3LB",00:01 Mon,23:59 Mon,21:22 Mon,21:42 Mon,0:20,"C","NETHER IW",0,0,0,0,1,1,"Store volume","SALT SINGLE","","","",22:02 Mon,9:03,2:28,97,48,1:14,90.50,0:00,5,5,5,1,20:46 Mon,22:02 Mon,23:02 Mon,"MIDIW","MIDIW",20:46 Mon,21:01 Mon,"MIDIW",21:01 Mon,"SD Trailer",23:02 Mon,"","MIDIW PM BAND 2 Weekly","44T MIDIW",5395,19,19,"","","",0,0,0,0,0
3001,1,1,"MIDIW",07:30 Mon,08:15 Mon,"WREFORDS","WREFORDS","NN5 7UW",00:01 Mon,23:59 Mon,08:32 Mon,09:17 Mon,0:45,"D","",0,0,0,0,40,1,"Store volume","SALT DOUBLE","","","",09:34 Mon,8:12,1:52,59,29,0:56,60.74,0:00,4,1,1,1,07:30 Mon,09:34 Mon,10:04 Mon,"MIDIW","MIDIW",07:30 Mon,08:15 Mon,"MIDIW",08:15 Mon,"DD Trailer",15:42 Mon,"","MIDIW AM BAND 2 Weekly","44T MIDIW",5608,10,10,"","","",0,0,0,0,0
3001,2,1,"MIDIW",07:30 Mon,10:19 Mon,"WREFORDS","WREFORDS","NN5 7UW",00:01 Mon,23:59 Mon,10:36 Mon,11:21 Mon,0:45,"D","",0,0,0,0,40,1,"Store volume","SALT DOUBLE","","","",11:38 Mon,8:12,1:52,59,29,0:56,60.74,0:00,4,2,2,1,10:04 Mon,11:38 Mon,12:08 Mon,"MIDIW","MIDIW",10:04 Mon,10:19 Mon,"MIDIW",10:19 Mon,"DD Trailer",15:42 Mon,"","MIDIW AM BAND 2 Weekly","44T MIDIW",5609,10,10,"","","",0,0,0,0,0
3001,3,1,"MIDIW",07:30 Mon,12:23 Mon,"PANASONIC","PANASONIC","NN4 7BW",00:01 Mon,23:59 Mon,12:34 Mon,12:34 Mon,0:00,"D","",0,0,0,0,40,3,"Backhaul volume","SALT DOUBLE","","","",12:45 Mon,8:12,1:52,59,29,0:56,60.74,0:00,4,3,3,1,12:08 Mon,12:45 Mon,14:05 Mon,"MIDIW","MIDIW",12:08 Mon,12:23 Mon,"MIDIW",12:23 Mon,"DD Trailer",15:42 Mon,"","MIDIW AM BAND 2 Weekly","44T MIDIW",5590,4,5,"","","",0,0,0,0,0
3001,4,1,"MIDIW",07:30 Mon,14:20 Mon,"PANASONIC","PANASONIC","NN4 7BW",00:01 Mon,23:59 Mon,14:31 Mon,14:31 Mon,0:00,"D","",0,0,0,0,40,3,"Backhaul volume","SALT DOUBLE","","","",14:42 Mon,8:12,1:52,59,29,0:56,60.74,0:00,4,4,4,1,14:05 Mon,14:42 Mon,15:42 Mon,"MIDIW","MIDIW",14:05 Mon,14:20 Mon,"MIDIW",14:20 Mon,"DD Trailer",15:42 Mon,"","MIDIW AM BAND 2 Weekly","44T MIDIW",5589,4,5,"","","",0,0,0,0,0
3002,1,1,"MIDIW",16:00 Mon,16:45 Mon,"CAROB","CAROB","CF10 4ED",00:01 Mon,23:59 Mon,20:13 Mon,20:13 Mon,0:00,"D","CARDIFF TRUNK",0,0,0,0,40,1,"Store volume","SALT DOUBLE","","","",00:26 Tue,9:26,6:51,469,235,3:23,94.33,0:00,1,1,1,1,16:00 Mon,00:26 Tue,01:26 Tue,"MIDIW","MIDIW",16:00 Mon,16:45 Mon,"MIDIW",16:45 Mon,"DD Trailer",01:26 Tue,"","MIDIW PM BAND 3 Weekly","44T MIDIW",5388,235,234,"","","",0,0,0,0,0
3003,1,1,"DEVOB",18:00 Mon,18:30 Mon,"MIDIWTRUNK","MIDIWTRUNK","NN4 7JE",00:01 Mon,23:59 Mon,20:40 Mon,21:25 Mon,0:45,"C","DEVIZES TRUNK",0,0,0,0,1,1,"Store volume","DEVOB DOUBLE","","","",00:27 Tue,6:57,4:22,292,143,2:10,69.50,0:00,1,1,1,1,18:00 Mon,00:27 Tue,00:57 Tue,"DEVOB","DEVOB",18:00 Mon,18:30 Mon,"DEVOB",18:30 Mon,"DD Trailer",00:57 Tue,"","DEVOB PM Weekly","44T DEVOB",5389,149,143,"","","",0,0,0,0,0
3004,1,1,"MIDIW",18:00 Mon,18:45 Mon,"WAKEIWTRUNK","WAKEIWTRUNK","WF10 5QS",00:01 Mon,23:59 Mon,21:18 Mon,22:03 Mon,0:45,"D","WAKEFIELD TRUNK 4",0,0,0,0,40,1,"Store volume","SALT DOUBLE","","","",01:26 Tue,8:26,5:06,418,209,2:33,84.33,0:00,1,1,1,1,18:00 Mon,01:26 Tue,02:26 Tue,"MIDIW","MIDIW",18:00 Mon,18:45 Mon,"MIDIW",18:45 Mon,"DD Trailer",02:26 Tue,"","MIDIW PM BAND 4 Weekly","44T MIDIW",5568,209,209,"","","",0,0,0,0,0
3005,1,1,"MIDIW",18:00 Mon,18:45 Mon,"WAKEIWTRUNK","WAKEIWTRUNK","WF10 5QS",00:01 Mon,23:59 Mon,21:18 Mon,22:03 Mon,0:45,"D","WAKEFIELD TRUNK 5",0,0,0,0,40,1,"Store volume","SALT DOUBLE","","","",01:26 Tue,8:26,5:06,418,209,2:33,84.33,0:00,1,1,1,1,18:00 Mon,01:26 Tue,02:26 Tue,"MIDIW","MIDIW",18:00 Mon,18:45 Mon,"MIDIW",18:45 Mon,"DD Trailer",02:26 Tue,"","MIDIW PM BAND 4 Weekly","44T MIDIW",5570,209,209,"","","",0,0,0,0,0
3006,1,1,"MIDIW",20:00 Mon,20:45 Mon,"WAKEIWTRUNK","WAKEIWTRUNK","WF10 5QS",00:01 Mon,23:59 Mon,23:18 Mon,00:03 Tue,0:45,"D","",0,0,0,0,40,1,"Store volume","SALT DOUBLE","","","",03:26 Tue,8:26,5:06,418,209,2:33,84.33,0:00,1,1,1,1,20:00 Mon,03:26 Tue,04:26 Tue,"MIDIW","MIDIW",20:00 Mon,20:45 Mon,"MIDIW",20:45 Mon,"DD Trailer",04:26 Tue,"","MIDIW PM BAND 5 Weekly","44T MIDIW",5571,209,209,"","","",0,0,0,0,0
4000,1,1,"WAKEIW",13:30 Mon,14:15 Mon,"MIDIWTRUNK","MIDIWTRUNK","NN4 7JE",00:01 Mon,23:59 Mon,16:52 Mon,17:37 Mon,0:45,"D","",0,0,0,0,40,1,"Store volume","WAKE DOUBLE","","","",22:50 Mon,10:20,6:00,470,31,0:29,86.11,0:00,1,1,1,1,13:30 Mon,22:50 Mon,23:50 Mon,"WAKEIW","WAKEIW",13:30 Mon,14:15 Mon,"WAKEIW",14:15 Mon,"DD Trailer",23:50 Mon,"","WAKEIW PM BAND 1 Weekly","44T WAKEIW",5574,230,209,"","","",0,0,0,0,0
4000,1,2,"WAKEIW",13:30 Mon,14:15 Mon,"WETCL","WETHERBY","LS22 5GT",00:01 Mon,23:59 Mon,21:21 Mon,22:21 Mon,1:00,"D","",0,0,0,0,40,1,"Store volume","WAKE DOUBLE","","","",22:50 Mon,10:20,6:00,470,31,0:29,86.11,0:00,1,2,2,2,13:30 Mon,22:50 Mon,23:50 Mon,"WAKEIW","WAKEIW",13:30 Mon,14:15 Mon,"WAKEIW",14:15 Mon,"DD Trailer",23:50 Mon,"","WAKEIW PM BAND 1 Weekly","44T WAKEIW",5575,31,230,"","","",0,0,0,0,0
4001,1,1,"WAKEIW",16:00 Mon,16:45 Mon,"10034","PREMDOR","S75 5JS",00:01 Mon,23:59 Mon,17:12 Mon,17:49 Mon,0:37,"C","Collection Date -27/02/2017",5000,24,0,0,24,3,"Backhaul volume","WAKE DOUBLE","various","julie-anne thomas - 1226392662","jathomas@premdor.com",00:14 Tue,9:14,5:17,430,0,0:00,92.33,0:00,1,1,1,1,16:00 Mon,00:14 Tue,01:14 Tue,"WAKEIW","WAKEIW",16:00 Mon,16:45 Mon,"WAKEIW",16:45 Mon,"DD Trailer",01:14 Tue,"","WAKEIW PM BAND 3 Weekly","44T WAKEIW",5628,193,28,"","","WAKEIW",0,0,0,2,0
4001,1,2,"WAKEIW",16:00 Mon,16:45 Mon,"MIDIWTRUNK","MIDIWTRUNK","NN4 7JE",00:01 Mon,23:59 Mon,20:08 Mon,20:53 Mon,0:45,"D","",0,0,0,0,40,1,"Store volume","WAKE DOUBLE","","","",00:14 Tue,9:14,5:17,430,0,0:00,92.33,0:00,1,2,2,2,16:00 Mon,00:14 Tue,01:14 Tue,"WAKEIW","WAKEIW",16:00 Mon,16:45 Mon,"WAKEIW",16:45 Mon,"DD Trailer",01:14 Tue,"","WAKEIW PM BAND 3 Weekly","44T WAKEIW",5576,209,193,"","","",0,0,0,0,0
4002,1,1,"WAKEIW",15:11 Tue,15:56 Tue,"MIDIWTRUNK","MIDIWTRUNK","NN4 7JE",00:01 Tue,23:59 Tue,18:44 Tue,19:29 Tue,0:45,"D","",0,0,0,0,40,1,"Store volume","WAKE DOUBLE","","","",22:50 Tue,8:39,5:19,418,209,2:31,86.50,0:00,1,1,1,1,15:11 Tue,22:50 Tue,23:50 Tue,"WAKEIW","WAKEIW",15:11 Tue,15:56 Tue,"WAKEIW",15:56 Tue,"DD Trailer",23:50 Tue,"","WAKEIW PM BAND 2 Weekly","44T WAKEIW",5577,209,209,"","","",0,0,0,0,0
4003,1,1,"WAKEIW",17:00 Mon,17:45 Mon,"MIDIWTRUNK","MIDIWTRUNK","NN4 7JE",00:01 Mon,23:59 Mon,20:24 Mon,21:09 Mon,0:45,"D","",0,0,0,0,40,1,"Store volume","WAKE DOUBLE","","","",00:30 Tue,8:30,5:10,418,209,2:31,85.00,0:00,1,1,1,1,17:00 Mon,00:30 Tue,01:30 Tue,"WAKEIW","WAKEIW",17:00 Mon,17:45 Mon,"WAKEIW",17:45 Mon,"DD Trailer",01:30 Tue,"","WAKEIW PM BAND 3 Weekly","44T WAKEIW",5578,209,209,"","","",0,0,0,0,0
4004,1,1,"WAKEIW",16:00 Mon,16:45 Mon,"10034","PREMDOR","S75 5JS",00:01 Mon,23:59 Mon,17:12 Mon,17:49 Mon,0:37,"C","Collection Date -27/02/2017",5000,24,0,0,24,3,"Backhaul volume","WAKE DOUBLE","various","julie-anne thomas - 1226392662","jathomas@premdor.com",00:14 Tue,9:14,5:17,430,0,0:00,92.33,0:00,1,1,1,1,16:00 Mon,00:14 Tue,01:14 Tue,"WAKEIW","WAKEIW",16:00 Mon,16:45 Mon,"WAKEIW",16:45 Mon,"DD Trailer",01:14 Tue,"","WAKEIW PM BAND 3 Weekly","44T WAKEIW",5627,193,28,"","","WAKEIW",0,0,0,2,0
4004,1,2,"WAKEIW",16:00 Mon,16:45 Mon,"MIDIWTRUNK","MIDIWTRUNK","NN4 7JE",00:01 Mon,23:59 Mon,20:08 Mon,20:53 Mon,0:45,"D","",0,0,0,0,40,1,"Store volume","WAKE DOUBLE","","","",00:14 Tue,9:14,5:17,430,0,0:00,92.33,0:00,1,2,2,2,16:00 Mon,00:14 Tue,01:14 Tue,"WAKEIW","WAKEIW",16:00 Mon,16:45 Mon,"WAKEIW",16:45 Mon,"DD Trailer",01:14 Tue,"","WAKEIW PM BAND 3 Weekly","44T WAKEIW",5579,209,193,"","","",0,0,0,0,0
4005,1,1,"WAKEIW",16:30 Mon,17:15 Mon,"15610","TILE GIANT","WS13 8NQ",00:01 Mon,23:59 Mon,19:13 Mon,19:43 Mon,0:30,"C","",0,0,0,0,24,1,"Store volume","WAKE DOUBLE","","","",01:46 Tue,10:16,6:06,465,0,0:00,102.67,0:00,1,1,1,1,16:30 Mon,01:46 Tue,02:46 Tue,"WAKEIW","WAKEIW",16:30 Mon,17:15 Mon,"WAKEIW",17:15 Mon,"DD Trailer",02:46 Tue,"","WAKEIW PM BAND 3 Weekly","44T WAKEIW",5580,109,143,"","","",0,0,0,0,0
4005,1,2,"WAKEIW",16:30 Mon,17:15 Mon,"NORTP","GOWERTON","NN4 7BN",00:01 Mon,23:59 Mon,21:11 Mon,21:31 Mon,0:20,"D","",0,0,0,0,1,1,"Store volume","WAKE DOUBLE","","","",01:46 Tue,10:16,6:06,465,0,0:00,102.67,0:00,1,2,2,2,16:30 Mon,01:46 Tue,02:46 Tue,"WAKEIW","WAKEIW",16:30 Mon,17:15 Mon,"WAKEIW",17:15 Mon,"DD Trailer",02:46 Tue,"","WAKEIW PM BAND 3 Weekly","44T WAKEIW",5581,4,109,"","","",0,0,0,0,0
4005,1,3,"WAKEIW",16:30 Mon,17:15 Mon,"MIDIWTRUNK","MIDIWTRUNK","NN4 7JE",00:01 Mon,23:59 Mon,21:40 Mon,23:15 Mon,1:35,"C","",0,0,0,0,24,1,"Store volume","WAKE DOUBLE","","","",01:46 Tue,10:16,6:06,465,0,0:00,102.67,0:00,1,3,3,3,16:30 Mon,01:46 Tue,02:46 Tue,"WAKEIW","WAKEIW",16:30 Mon,17:15 Mon,"WAKEIW",17:15 Mon,"DD Trailer",02:46 Tue,"","WAKEIW PM BAND 3 Weekly","44T WAKEIW",5582,209,4,"","","",0,0,0,0,0
5000,1,1,"MIDIW",06:00 Mon,06:00 Mon,"SHUNTSAL","SHUNTSAL","NN4 7EX",00:01 Mon,23:59 Mon,06:05 Mon,13:55 Mon,7:50,"D","SHUNTER",0,0,0,0,1,1,"Store volume","","","","",14:00 Mon,8:00,0:10,2,1,0:05,100.00,0:00,1,1,1,1,06:00 Mon,14:00 Mon,14:00 Mon,"MIDIW","MIDIW",06:00 Mon,06:00 Mon,"MIDIW",06:00 Mon,"",14:00 Mon,"","SHUNTERAM Weekly","",5583,1,1,"","","",0,0,0,0,0
5001,1,1,"MIDIW",14:00 Mon,14:00 Mon,"SHUNTSAL","SHUNTSAL","NN4 7EX",00:01 Mon,23:59 Mon,14:05 Mon,21:55 Mon,7:50,"D","SHUNTER",0,0,0,0,1,1,"Store volume","","","","",22:00 Mon,8:00,0:10,2,1,0:05,100.00,0:00,1,1,1,1,14:00 Mon,22:00 Mon,22:00 Mon,"MIDIW","MIDIW",14:00 Mon,14:00 Mon,"MIDIW",14:00 Mon,"",22:00 Mon,"","SHUNTERPM Weekly","",5584,1,1,"","","",0,0,0,0,0
5002,1,1,"MIDIW",22:00 Mon,22:00 Mon,"SHUNTSAL","SHUNTSAL","NN4 7EX",00:01 Mon,23:59 Mon,22:05 Mon,05:55 Tue,7:50,"D","SHUNTER",0,0,0,0,1,1,"Store volume","","","","",06:00 Tue,8:00,0:10,2,1,0:05,100.00,0:00,1,1,1,1,22:00 Mon,06:00 Tue,06:00 Tue,"MIDIW","MIDIW",22:00 Mon,22:00 Mon,"MIDIW",22:00 Mon,"",06:00 Tue,"","SHUNTERNIGHT Weekly","",5585,1,1,"","","",0,0,0,0,0
6000,1,1,"BELOB",18:00 Mon,18:30 Mon,"WETCL","WETHERBY","LS22 5GT",00:01 Mon,23:59 Mon,22:17 Mon,22:38 Mon,0:21,"C","",0,0,0,0,1,1,"Store volume","BELLS DOUBLE","","","",03:17 Tue,9:47,7:36,621,310,3:47,97.83,0:00,1,1,1,1,18:00 Mon,03:17 Tue,03:47 Tue,"BELOB","BELOB",18:00 Mon,18:30 Mon,"BELOB",18:30 Mon,"DD Trailer",03:47 Tue,"","BELOB PM Weekly","44T BELOB",5586,311,310,"","","",0,0,0,0,0
