CALL.ROUTENO,CALL.TRIPNO,CALL.TRIPPOS,CALL.DEPOTID,CALL.DSHIFTSTARTTIME,CALL.DEPOTDEPART,CALL.ID,CALL.NAME,CALL.POSTCODE,CALL.TWSTART,CALL.TWEND,CALL.ARRIVALTIME,CALL.DEPARTTIME,CALL.DURATION,CALL.TYPE,CALL.ORDDETS1,CALL.MEASURE1,CALL.MEASURE2,CALL.MEASURE3,CALL.MEASURE4,CALL.MEASURE5,CALL.PRODUCT,CALL.PRODUCTNAME,CALL.TRAILGRPNAME,CALL.ORDDETS2,CALL.ORDDETS3,CALL.ORDDETS4,CALL.TRPENDDEPOTARR,CALL.DSHIFTTOTDUTY,CALL.DSHIFTTOTDRIVE,CALL.DSHIFTTOTDIST,CALL.DSHIFTEMPTYDIST,CALL.DSHIFTEMPTYTIME,CALL.DSHIFTTIMEUTIL,CALL.DSHIFTTOTWAIT,CALL.DSHIFTTOTTRIPS,CALL.RDROPNUM,CALL.ROUTEPOS,CALL.TDROPNUM,CALL.TRIPSTART,CALL.TRPDSTDEPOTARR,CALL.TRPDSTDEPOTDEP,CALL.TRPENDDEPOT,CALL.TRPSRCDEPOT,CALL.TRPSRCDEPOTARR,CALL.TRPSRCDEPOTDEP,CALL.TRPSTARTDEPOT,CALL.TRPSTARTDEPOTDEP,CALL.TRAILTYPENAME,CALL.DSHIFTENDTIME,CALL.PAIR,CALL.DRIVGRPNAME,CALL.TRCTGRPNAME,CALL.DROPID,CALL.TRVDISNXT,CALL.TRVDISPRV,CALL.CUSTTDATA01,CALL.CUSTTDATA02,CALL.CUSTTDATA03,CALL.NDATA01,CALL.NDATA02,CALL.NDATA03,CALL.NDATA04,CALL.NDATA05
1,1,1,"MIDIW",14:00 Sun,14:45 Sun,"322","Edmonton","N18 3HA",16:00 Sun,18:00 Sun,16:18 Sun,17:38 Sun,1:20,"D","",0,0,0,0,25,1,"Store volume","SALT DOUBLE","","","",19:11 Sun,7:01,3:06,221,110,1:33,70.17,0:00,1,1,1,1,14:00 Sun,19:11 Sun,21:01 Sun,"MIDIW","MIDIW",14:00 Sun,14:45 Sun,"MIDIW",14:45 Sun,"DD Trailer",21:01 Sun,"","MIDIW PM BAND 2 Weekly","44T MIDIW",5409,110,110,"","","MIDIW",0,0,0,0,0
2,1,1,"WAKEIW",05:04 Sat,05:49 Sat,"251","Lancaster","LA3 3FE",07:30 Sat,09:30 Sat,07:52 Sat,08:58 Sat,1:06,"D","",6457,16,2,4,18,1,"Store volume","WAKE DOUBLE","","","",14:58 Sat,10:53,5:51,423,0,0:00,80.62,0:00,1,1,1,1,05:04 Sat,14:58 Sat,15:58 Sat,"WAKEIW","WAKEIW",05:04 Sat,05:49 Sat,"WAKEIW",05:49 Sat,"DD Trailer",15:58 Sat,"","WAKEIW AM BAND 1 Weekly","44T WAKEIW",5534,0,160,"01634 406 060","","WAKEIW",2189,0,18,0,15684
2,1,2,"WAKEIW",05:04 Sat,05:49 Sat,"251","Lancaster","LA3 3FE",07:30 Sat,09:30 Sat,08:58 Sat,09:00 Sat,0:02,"C","",0,5,0,0,0,4,"Salvage","WAKE DOUBLE","","","",14:58 Sat,10:53,5:51,423,0,0:00,80.62,0:00,1,1,2,1,05:04 Sat,14:58 Sat,15:58 Sat,"WAKEIW","WAKEIW",05:04 Sat,05:49 Sat,"WAKEIW",05:49 Sat,"DD Trailer",15:58 Sat,"","WAKEIW AM BAND 1 Weekly","44T WAKEIW",5591,109,0,"01634 406 060","","WAKEIW",0,0,0,0,0
2,1,3,"WAKEIW",05:04 Sat,05:49 Sat,"298","Birkenhead","CH41 9DF",11:00 Sat,13:00 Sat,11:42 Sat,13:00 Sat,1:18,"D","",10665,18,6,3,24,1,"Store volume","WAKE DOUBLE","","","",14:58 Sat,10:53,5:51,423,0,0:00,80.62,0:00,1,2,3,2,05:04 Sat,14:58 Sat,15:58 Sat,"WAKEIW","WAKEIW",05:04 Sat,05:49 Sat,"WAKEIW",05:49 Sat,"DD Trailer",15:58 Sat,"","WAKEIW AM BAND 1 Weekly","44T WAKEIW",5541,0,109,"01516 470922","","WAKEIW",2970,0,24,0,22632
2,1,4,"WAKEIW",05:04 Sat,05:49 Sat,"298","Birkenhead","CH41 9DF",13:00 Sat,15:00 Sat,13:00 Sat,13:02 Sat,0:02,"C","",0,5,0,0,0,4,"Salvage","WAKE DOUBLE","","","",14:58 Sat,10:53,5:51,423,0,0:00,80.62,0:00,1,2,4,2,05:04 Sat,14:58 Sat,15:58 Sat,"WAKEIW","WAKEIW",05:04 Sat,05:49 Sat,"WAKEIW",05:49 Sat,"DD Trailer",15:58 Sat,"","WAKEIW AM BAND 1 Weekly","44T WAKEIW",5599,154,0,"01516 470922","","WAKEIW",0,0,0,0,0
3,1,1,"MIDIW",05:46 Sat,06:31 Sat,"231","Stoke","ST4 2HT",07:30 Sat,09:30 Sat,08:32 Sat,09:44 Sat,1:12,"D","",5160,19,2,5,21,1,"Store volume","SALT DOUBLE","","","",16:03 Sat,11:16,5:32,400,0,0:00,83.46,0:00,1,1,1,1,05:46 Sat,16:03 Sat,17:03 Sat,"MIDIW","MIDIW",05:46 Sat,06:31 Sat,"MIDIW",06:31 Sat,"DD Trailer",17:03 Sat,"","MIDIW AM BAND 1 Weekly","44T MIDIW",5527,0,158,"01782 747661","","MIDIW",1189,0,20,0,11814
3,1,2,"MIDIW",05:46 Sat,06:31 Sat,"231","Stoke","ST4 2HT",07:30 Sat,09:30 Sat,09:44 Sat,09:46 Sat,0:02,"C","",0,5,0,0,0,4,"Salvage","SALT DOUBLE","","","",16:03 Sat,11:16,5:32,400,0,0:00,83.46,0:00,1,1,2,1,05:46 Sat,16:03 Sat,17:03 Sat,"MIDIW","MIDIW",05:46 Sat,06:31 Sat,"MIDIW",06:31 Sat,"DD Trailer",17:03 Sat,"","MIDIW AM BAND 1 Weekly","44T MIDIW",5584,12,0,"01782 747661","","MIDIW",0,0,0,0,0
3,1,3,"MIDIW",05:46 Sat,06:31 Sat,"455","Tunstall","ST6 5NZ",10:00 Sat,12:00 Sat,10:00 Sat,11:16 Sat,1:16,"D","",8390,20,3,3,23,1,"Store volume","SALT DOUBLE","","","",16:03 Sat,11:16,5:32,400,0,0:00,83.46,0:00,1,2,3,2,05:46 Sat,16:03 Sat,17:03 Sat,"MIDIW","MIDIW",05:46 Sat,06:31 Sat,"MIDIW",06:31 Sat,"DD Trailer",17:03 Sat,"","MIDIW AM BAND 1 Weekly","44T MIDIW",5569,36,12,"","","MIDIW",2960,0,23,0,20710
3,1,4,"MIDIW",05:46 Sat,06:31 Sat,"459","Winsford","CW7 3DB",00:01 Sat,23:59 Sat,12:48 Sat,13:28 Sat,0:40,"C","",0,0,0,0,5,4,"Salvage","SALT DOUBLE","","","",16:03 Sat,11:16,5:32,400,0,0:00,83.46,0:00,1,3,4,3,05:46 Sat,16:03 Sat,17:03 Sat,"MIDIW","MIDIW",05:46 Sat,06:31 Sat,"MIDIW",06:31 Sat,"DD Trailer",17:03 Sat,"","MIDIW AM BAND 1 Weekly","44T MIDIW",5516,194,36,"","","WAKEIW",0,0,0,0,0
4,1,1,"MIDIW",04:05 Sat,04:50 Sat,"415","Macclesfield","",07:00 Sat,09:00 Sat,07:24 Sat,08:48 Sat,1:24,"D","",9274,24,3,5,27,1,"Store volume","SALT DOUBLE","","","",14:03 Sat,10:58,5:32,387,0,0:00,81.23,0:00,1,1,1,1,04:05 Sat,14:03 Sat,15:03 Sat,"MIDIW","MIDIW",04:05 Sat,04:50 Sat,"MIDIW",04:50 Sat,"DD Trailer",15:03 Sat,"","MIDIW AM BAND 1 Weekly","44T MIDIW",5561,0,193,"","","MIDIW",2118,0,27,0,19696
4,1,2,"MIDIW",04:05 Sat,04:50 Sat,"415","Macclesfield","",07:00 Sat,09:00 Sat,08:48 Sat,08:50 Sat,0:02,"C","",0,5,0,0,0,4,"Salvage","SALT DOUBLE","","","",14:03 Sat,10:58,5:32,387,0,0:00,81.23,0:00,1,1,2,1,04:05 Sat,14:03 Sat,15:03 Sat,"MIDIW","MIDIW",04:05 Sat,04:50 Sat,"MIDIW",04:50 Sat,"DD Trailer",15:03 Sat,"","MIDIW AM BAND 1 Weekly","44T MIDIW",5620,76,0,"","","MIDIW",0,0,0,0,0
4,1,3,"MIDIW",04:05 Sat,04:50 Sat,"404","Burton On Trent","DE14 2AP",08:30 Sat,10:30 Sat,11:07 Sat,12:31 Sat,1:24,"D","",8353,24,3,5,27,1,"Store volume","SALT DOUBLE","","","",14:03 Sat,10:58,5:32,387,0,0:00,81.23,0:00,1,2,3,2,04:05 Sat,14:03 Sat,15:03 Sat,"MIDIW","MIDIW",04:05 Sat,04:50 Sat,"MIDIW",04:50 Sat,"DD Trailer",15:03 Sat,"","MIDIW AM BAND 1 Weekly","44T MIDIW",5558,0,76,"","","MIDIW",2140,0,27,0,19250
4,1,4,"MIDIW",04:05 Sat,04:50 Sat,"404","Burton On Trent","DE14 2AP",08:30 Sat,10:30 Sat,12:31 Sat,12:33 Sat,0:02,"C","",0,5,0,0,0,4,"Salvage","SALT DOUBLE","","","",14:03 Sat,10:58,5:32,387,0,0:00,81.23,0:00,1,2,4,2,04:05 Sat,14:03 Sat,15:03 Sat,"MIDIW","MIDIW",04:05 Sat,04:50 Sat,"MIDIW",04:50 Sat,"DD Trailer",15:03 Sat,"","MIDIW AM BAND 1 Weekly","44T MIDIW",5616,119,0,"","","MIDIW",0,0,0,0,0
5,1,1,"WAKEIW",05:59 Sat,06:44 Sat,"236","Clifton","M27 8FU",07:00 Sat,09:00 Sat,07:42 Sat,08:40 Sat,0:58,"D","",4781,12,2,2,14,1,"Store volume","WAKE DOUBLE","","","",12:53 Sat,7:54,2:10,165,0,0:00,58.52,1:06,1,1,1,1,05:59 Sat,12:53 Sat,13:53 Sat,"WAKEIW","WAKEIW",05:59 Sat,06:44 Sat,"WAKEIW",06:44 Sat,"DD Trailer",13:53 Sat,"","WAKEIW AM BAND 1 Weekly","44T WAKEIW",5530,0,76,"020 8813 7441","","WAKEIW",2031,0,14,0,12365
5,1,2,"WAKEIW",05:59 Sat,06:44 Sat,"236","Clifton","M27 8FU",07:00 Sat,09:00 Sat,08:40 Sat,08:42 Sat,0:02,"C","",0,5,0,0,0,4,"Salvage","WAKE DOUBLE","","","",12:53 Sat,7:54,2:10,165,0,0:00,58.52,1:06,1,1,2,1,05:59 Sat,12:53 Sat,13:53 Sat,"WAKEIW","WAKEIW",05:59 Sat,06:44 Sat,"WAKEIW",06:44 Sat,"DD Trailer",13:53 Sat,"","WAKEIW AM BAND 1 Weekly","44T WAKEIW",5587,13,0,"020 8813 7441","","WAKEIW",0,0,0,0,0
5,1,3,"WAKEIW",05:59 Sat,06:44 Sat,"284","Bury","BL9 5AQ",10:00 Sat,12:00 Sat,10:00 Sat,11:04 Sat,1:04,"D","",6327,15,2,3,17,1,"Store volume","WAKE DOUBLE","","","",12:53 Sat,7:54,2:10,165,0,0:00,58.52,1:06,1,2,3,2,05:59 Sat,12:53 Sat,13:53 Sat,"WAKEIW","WAKEIW",05:59 Sat,06:44 Sat,"WAKEIW",06:44 Sat,"DD Trailer",13:53 Sat,"","WAKEIW AM BAND 1 Weekly","44T WAKEIW",5537,76,13,"01617 639960","","WAKEIW",1858,0,17,0,14174
6,1,1,"WAKEIW",07:23 Sat,08:08 Sat,"412","Sheffield North","S3 8DQ",09:00 Sat,11:00 Sat,09:00 Sat,10:28 Sat,1:28,"D","",12312,27,2,3,29,1,"Store volume","WAKE DOUBLE","","","",12:41 Sat,7:08,1:56,104,0,0:00,52.84,0:00,1,1,1,1,07:23 Sat,12:41 Sat,14:31 Sat,"WAKEIW","WAKEIW",07:23 Sat,08:08 Sat,"WAKEIW",08:08 Sat,"DD Trailer",14:31 Sat,"","WAKEIW AM BAND 2 Weekly","44T WAKEIW",5560,0,54,"","","WAKEIW",1911,0,28,0,24152
6,1,2,"WAKEIW",07:23 Sat,08:08 Sat,"412","Sheffield North","S3 8DQ",09:00 Sat,11:00 Sat,10:28 Sat,10:30 Sat,0:02,"C","",0,5,0,0,0,4,"Salvage","WAKE DOUBLE","","","",12:41 Sat,7:08,1:56,104,0,0:00,52.84,0:00,1,1,2,1,07:23 Sat,12:41 Sat,14:31 Sat,"WAKEIW","WAKEIW",07:23 Sat,08:08 Sat,"WAKEIW",08:08 Sat,"DD Trailer",14:31 Sat,"","WAKEIW AM BAND 2 Weekly","44T WAKEIW",5618,25,0,"","","WAKEIW",0,0,0,0,0
6,1,3,"WAKEIW",07:23 Sat,08:08 Sat,"247","Barnsley","S71 1LS",10:30 Sat,12:30 Sat,11:00 Sat,12:06 Sat,1:06,"D","",4776,15,3,3,18,1,"Store volume","WAKE DOUBLE","","","",12:41 Sat,7:08,1:56,104,0,0:00,52.84,0:00,1,2,3,2,07:23 Sat,12:41 Sat,14:31 Sat,"WAKEIW","WAKEIW",07:23 Sat,08:08 Sat,"WAKEIW",08:08 Sat,"DD Trailer",14:31 Sat,"","WAKEIW AM BAND 2 Weekly","44T WAKEIW",5533,0,25,"01273 207 766","","WAKEIW",1825,0,17,0,11575
6,1,4,"WAKEIW",07:23 Sat,08:08 Sat,"247","Barnsley","S71 1LS",10:30 Sat,12:30 Sat,12:06 Sat,12:08 Sat,0:02,"C","",0,5,0,0,0,4,"Salvage","WAKE DOUBLE","","","",12:41 Sat,7:08,1:56,104,0,0:00,52.84,0:00,1,2,4,2,07:23 Sat,12:41 Sat,14:31 Sat,"WAKEIW","WAKEIW",07:23 Sat,08:08 Sat,"WAKEIW",08:08 Sat,"DD Trailer",14:31 Sat,"","WAKEIW AM BAND 2 Weekly","44T WAKEIW",5590,25,0,"01273 207 766","","WAKEIW",0,0,0,0,0
7,1,1,"MIDIW",05:29 Sat,06:14 Sat,"437","Wolverhampton","WV10 6HT",07:45 Sat,09:45 Sat,07:45 Sat,08:53 Sat,1:08,"D","",8179,15,4,4,19,1,"Store volume","SALT DOUBLE","","","",13:33 Sat,9:05,3:33,241,0,0:00,67.28,0:00,1,1,1,1,05:29 Sat,13:33 Sat,14:33 Sat,"MIDIW","MIDIW",05:29 Sat,06:14 Sat,"MIDIW",06:14 Sat,"DD Trailer",14:33 Sat,"","MIDIW AM BAND 1 Weekly","44T MIDIW",5566,0,114,"","","MIDIW",1982,0,19,0,17732
7,1,2,"MIDIW",05:29 Sat,06:14 Sat,"437","Wolverhampton","WV10 6HT",08:00 Sat,10:00 Sat,08:53 Sat,08:55 Sat,0:02,"C","",0,5,0,0,0,4,"Salvage","SALT DOUBLE","","","",13:33 Sat,9:05,3:33,241,0,0:00,67.28,0:00,1,1,2,1,05:29 Sat,13:33 Sat,14:33 Sat,"MIDIW","MIDIW",05:29 Sat,06:14 Sat,"MIDIW",06:14 Sat,"DD Trailer",14:33 Sat,"","MIDIW AM BAND 1 Weekly","44T MIDIW",5626,64,0,"","","MIDIW",0,0,0,0,0
7,1,3,"MIDIW",05:29 Sat,06:14 Sat,"458","Hinckley","LE10 0GL",08:00 Sat,10:00 Sat,09:58 Sat,12:34 Sat,2:36,"D","",11512,33,5,7,38,1,"Store volume","SALT DOUBLE","","","",13:33 Sat,9:05,3:33,241,0,0:00,67.28,0:00,1,2,3,2,05:29 Sat,13:33 Sat,14:33 Sat,"MIDIW","MIDIW",05:29 Sat,06:14 Sat,"MIDIW",06:14 Sat,"DD Trailer",14:33 Sat,"","MIDIW AM BAND 1 Weekly","44T MIDIW",5570,0,64,"","","MIDIW",3026,0,38,0,27054
7,1,4,"MIDIW",05:29 Sat,06:14 Sat,"458","Hinckley","LE10 0GL",08:00 Sat,10:00 Sat,12:34 Sat,12:36 Sat,0:02,"C","",0,5,0,0,0,4,"Salvage","SALT DOUBLE","","","",13:33 Sat,9:05,3:33,241,0,0:00,67.28,0:00,1,2,4,2,05:29 Sat,13:33 Sat,14:33 Sat,"MIDIW","MIDIW",05:29 Sat,06:14 Sat,"MIDIW",06:14 Sat,"DD Trailer",14:33 Sat,"","MIDIW AM BAND 1 Weekly","44T MIDIW",5629,64,0,"","","MIDIW",0,0,0,0,0
8,1,1,"MIDIW",05:59 Sat,06:44 Sat,"364","Bulwell","NG6 9AJ",08:15 Sat,10:15 Sat,08:15 Sat,09:47 Sat,1:32,"D","",15368,25,6,3,31,1,"Store volume","SALT DOUBLE","","","",13:39 Sat,8:40,3:25,255,0,0:00,64.20,0:05,1,1,1,1,05:59 Sat,13:39 Sat,14:39 Sat,"MIDIW","MIDIW",05:59 Sat,06:44 Sat,"MIDIW",06:44 Sat,"DD Trailer",14:39 Sat,"","MIDIW AM BAND 1 Weekly","44T MIDIW",5554,0,113,"","","MIDIW",2030,0,30,0,21147
8,1,2,"MIDIW",05:59 Sat,06:44 Sat,"364","Bulwell","NG6 9AJ",08:15 Sat,10:15 Sat,09:47 Sat,09:49 Sat,0:02,"C","",0,5,0,0,0,4,"Salvage","SALT DOUBLE","","","",13:39 Sat,8:40,3:25,255,0,0:00,64.20,0:05,1,1,2,1,05:59 Sat,13:39 Sat,14:39 Sat,"MIDIW","MIDIW",05:59 Sat,06:44 Sat,"MIDIW",06:44 Sat,"DD Trailer",14:39 Sat,"","MIDIW AM BAND 1 Weekly","44T MIDIW",5613,110,0,"","","MIDIW",0,0,0,0,0
8,1,3,"MIDIW",05:59 Sat,06:44 Sat,"326","Kettering","NN16 9TS",10:30 Sat,12:30 Sat,11:15 Sat,13:05 Sat,1:50,"D","",6922,11,4,2,15,1,"Store volume","SALT DOUBLE","","","",13:39 Sat,8:40,3:25,255,0,0:00,64.20,0:05,1,2,3,2,05:59 Sat,13:39 Sat,14:39 Sat,"MIDIW","MIDIW",05:59 Sat,06:44 Sat,"MIDIW",06:44 Sat,"DD Trailer",14:39 Sat,"","MIDIW AM BAND 1 Weekly","44T MIDIW",5548,0,110,"01254 279896","","MIDIW",1778,0,15,0,13306
8,1,4,"MIDIW",05:59 Sat,06:44 Sat,"326","Kettering","NN16 9TS",10:30 Sat,12:30 Sat,13:05 Sat,13:06 Sat,0:01,"C","",0,5,0,0,0,4,"Salvage","SALT DOUBLE","","","",13:39 Sat,8:40,3:25,255,0,0:00,64.20,0:05,1,2,4,2,05:59 Sat,13:39 Sat,14:39 Sat,"MIDIW","MIDIW",05:59 Sat,06:44 Sat,"MIDIW",06:44 Sat,"DD Trailer",14:39 Sat,"","MIDIW AM BAND 1 Weekly","44T MIDIW",5606,32,0,"01254 279896","","MIDIW",0,0,0,0,0
9,1,1,"MIDIW",04:42 Sat,05:27 Sat,"434","Worksop","S80 1UJ",07:30 Sat,09:30 Sat,07:30 Sat,09:14 Sat,1:44,"D","",18605,28,9,7,37,1,"Store volume","SALT DOUBLE","","","",12:08 Sat,8:26,4:05,319,0,0:00,62.47,0:00,1,1,1,1,04:42 Sat,12:08 Sat,13:08 Sat,"MIDIW","MIDIW",04:42 Sat,05:27 Sat,"MIDIW",05:27 Sat,"DD Trailer",13:08 Sat,"","MIDIW AM BAND 1 Weekly","44T MIDIW",5565,0,160,"","","MIDIW",3681,0,37,0,33017
9,1,2,"MIDIW",04:42 Sat,05:27 Sat,"434","Worksop","S80 1UJ",07:30 Sat,09:30 Sat,09:14 Sat,09:16 Sat,0:02,"C","",0,5,0,0,0,4,"Salvage","SALT DOUBLE","","","",12:08 Sat,8:26,4:05,319,0,0:00,62.47,0:00,1,1,2,1,04:42 Sat,12:08 Sat,13:08 Sat,"MIDIW","MIDIW",04:42 Sat,05:27 Sat,"MIDIW",05:27 Sat,"DD Trailer",13:08 Sat,"","MIDIW AM BAND 1 Weekly","44T MIDIW",5625,159,0,"","","MIDIW",0,0,0,0,0
10,1,1,"MIDIW",08:00 Sat,08:45 Sat,"360","Ashby De La Zouch","LE65 1JS",09:00 Sat,11:00 Sat,09:57 Sat,11:27 Sat,1:30,"D","",12789,24,6,5,30,1,"Store volume","SALT DOUBLE","","","",16:00 Sat,9:00,3:36,258,0,0:00,66.67,0:00,1,1,1,1,08:00 Sat,16:00 Sat,17:00 Sat,"MIDIW","MIDIW",08:00 Sat,08:45 Sat,"MIDIW",08:45 Sat,"DD Trailer",17:00 Sat,"","MIDIW AM BAND 3 Weekly","44T MIDIW",5553,0,88,"","","MIDIW",3378,0,30,0,25843
10,1,2,"MIDIW",08:00 Sat,08:45 Sat,"360","Ashby De La Zouch","LE65 1JS",09:00 Sat,11:00 Sat,11:27 Sat,11:28 Sat,0:01,"C","",0,5,0,0,0,4,"Salvage","SALT DOUBLE","","","",16:00 Sat,9:00,3:36,258,0,0:00,66.67,0:00,1,1,2,1,08:00 Sat,16:00 Sat,17:00 Sat,"MIDIW","MIDIW",08:00 Sat,08:45 Sat,"MIDIW",08:45 Sat,"DD Trailer",17:00 Sat,"","MIDIW AM BAND 3 Weekly","44T MIDIW",5612,134,0,"","","MIDIW",0,0,0,0,0
10,1,3,"MIDIW",08:00 Sat,08:45 Sat,"264","Bedford","MK41 0UE",12:00 Sat,14:00 Sat,13:12 Sat,15:18 Sat,2:06,"D","",9225,20,3,3,23,1,"Store volume","SALT DOUBLE","","","",16:00 Sat,9:00,3:36,258,0,0:00,66.67,0:00,1,2,3,2,08:00 Sat,16:00 Sat,17:00 Sat,"MIDIW","MIDIW",08:00 Sat,08:45 Sat,"MIDIW",08:45 Sat,"DD Trailer",17:00 Sat,"","MIDIW AM BAND 3 Weekly","44T MIDIW",5535,0,134,"01202 590 709","","MIDIW",2770,0,23,0,18275
10,1,4,"MIDIW",08:00 Sat,08:45 Sat,"264","Bedford","MK41 0UE",12:00 Sat,14:00 Sat,15:18 Sat,15:19 Sat,0:01,"C","",0,5,0,0,0,4,"Salvage","SALT DOUBLE","","","",16:00 Sat,9:00,3:36,258,0,0:00,66.67,0:00,1,2,4,2,08:00 Sat,16:00 Sat,17:00 Sat,"MIDIW","MIDIW",08:00 Sat,08:45 Sat,"MIDIW",08:45 Sat,"DD Trailer",17:00 Sat,"","MIDIW AM BAND 3 Weekly","44T MIDIW",5593,36,0,"01202 590 709","","MIDIW",0,0,0,0,0
11,1,1,"MIDIW",04:14 Sat,04:59 Sat,"209","Peterborough","PE1 5PS",06:00 Sat,08:00 Sat,06:00 Sat,07:40 Sat,1:40,"D","",13049,30,5,7,35,1,"Store volume","SALT DOUBLE","","","",12:41 Sat,9:27,3:53,249,0,0:00,70.00,0:00,1,1,1,1,04:14 Sat,12:41 Sat,13:41 Sat,"MIDIW","MIDIW",04:14 Sat,04:59 Sat,"MIDIW",04:59 Sat,"DD Trailer",13:41 Sat,"","MIDIW AM BAND 1 Weekly","44T MIDIW",5524,0,68,"01733 342937","","MIDIW",3371,0,35,0,27316
11,1,2,"MIDIW",04:14 Sat,04:59 Sat,"209","Peterborough","PE1 5PS",06:00 Sat,08:00 Sat,07:40 Sat,07:42 Sat,0:02,"C","",0,5,0,0,0,4,"Salvage","SALT DOUBLE","","","",12:41 Sat,9:27,3:53,249,0,0:00,70.00,0:00,1,1,2,1,04:14 Sat,12:41 Sat,13:41 Sat,"MIDIW","MIDIW",04:14 Sat,04:59 Sat,"MIDIW",04:59 Sat,"DD Trailer",13:41 Sat,"","MIDIW AM BAND 1 Weekly","44T MIDIW",5582,57,0,"01733 342937","","MIDIW",0,0,0,0,0
11,1,3,"MIDIW",04:14 Sat,04:59 Sat,"428","Kings Lynn","PE30 2HY",08:00 Sat,10:00 Sat,08:39 Sat,10:45 Sat,2:06,"D","",10258,18,5,3,23,1,"Store volume","SALT DOUBLE","","","",12:41 Sat,9:27,3:53,249,0,0:00,70.00,0:00,1,2,3,2,04:14 Sat,12:41 Sat,13:41 Sat,"MIDIW","MIDIW",04:14 Sat,04:59 Sat,"MIDIW",04:59 Sat,"DD Trailer",13:41 Sat,"","MIDIW AM BAND 1 Weekly","44T MIDIW",5563,0,57,"","","MIDIW",2835,0,23,0,19218
11,1,4,"MIDIW",04:14 Sat,04:59 Sat,"428","Kings Lynn","PE30 2HY",08:00 Sat,10:00 Sat,10:45 Sat,10:47 Sat,0:02,"C","",0,5,0,0,0,4,"Salvage","SALT DOUBLE","","","",12:41 Sat,9:27,3:53,249,0,0:00,70.00,0:00,1,2,4,2,04:14 Sat,12:41 Sat,13:41 Sat,"MIDIW","MIDIW",04:14 Sat,04:59 Sat,"MIDIW",04:59 Sat,"DD Trailer",13:41 Sat,"","MIDIW AM BAND 1 Weekly","44T MIDIW",5623,124,0,"","","MIDIW",0,0,0,0,0
12,1,1,"MIDIW",07:48 Sat,08:33 Sat,"416","Stevenage","SG1 1XP",09:00 Sat,11:00 Sat,09:46 Sat,11:14 Sat,1:28,"D","",16668,23,6,4,29,1,"Store volume","SALT DOUBLE","","","",16:01 Sat,9:13,2:59,202,0,0:00,68.27,0:50,1,1,1,1,07:48 Sat,16:01 Sat,17:01 Sat,"MIDIW","MIDIW",07:48 Sat,08:33 Sat,"MIDIW",08:33 Sat,"DD Trailer",17:01 Sat,"","MIDIW AM BAND 2 Weekly","44T MIDIW",5562,0,83,"","","MIDIW",3051,0,29,0,24766
12,1,2,"MIDIW",07:48 Sat,08:33 Sat,"416","Stevenage","SG1 1XP",09:00 Sat,11:00 Sat,11:14 Sat,11:15 Sat,0:01,"C","",0,5,0,0,0,4,"Salvage","SALT DOUBLE","","","",16:01 Sat,9:13,2:59,202,0,0:00,68.27,0:50,1,1,2,1,07:48 Sat,16:01 Sat,17:01 Sat,"MIDIW","MIDIW",07:48 Sat,08:33 Sat,"MIDIW",08:33 Sat,"DD Trailer",17:01 Sat,"","MIDIW AM BAND 2 Weekly","44T MIDIW",5621,59,0,"","","MIDIW",0,0,0,0,0
12,1,3,"MIDIW",07:48 Sat,08:33 Sat,"464","Huntingdon","PE29 7DA",13:00 Sat,15:00 Sat,13:00 Sat,15:08 Sat,2:08,"D","",6522,22,2,5,24,1,"Store volume","SALT DOUBLE","","","",16:01 Sat,9:13,2:59,202,0,0:00,68.27,0:50,1,2,3,2,07:48 Sat,16:01 Sat,17:01 Sat,"MIDIW","MIDIW",07:48 Sat,08:33 Sat,"MIDIW",08:33 Sat,"DD Trailer",17:01 Sat,"","MIDIW AM BAND 2 Weekly","44T MIDIW",5571,0,59,"","","MIDIW",1830,0,24,0,15424
12,1,4,"MIDIW",07:48 Sat,08:33 Sat,"464","Huntingdon","PE29 7DA",13:00 Sat,15:00 Sat,15:08 Sat,15:10 Sat,0:02,"C","",0,5,0,0,0,4,"Salvage","SALT DOUBLE","","","",16:01 Sat,9:13,2:59,202,0,0:00,68.27,0:50,1,2,4,2,07:48 Sat,16:01 Sat,17:01 Sat,"MIDIW","MIDIW",07:48 Sat,08:33 Sat,"MIDIW",08:33 Sat,"DD Trailer",17:01 Sat,"","MIDIW AM BAND 2 Weekly","44T MIDIW",5630,60,0,"","","MIDIW",0,0,0,0,0
13,1,1,"CAROB",07:19 Sat,07:49 Sat,"271","Bridgend","CF31 3XX",08:30 Sat,10:30 Sat,08:30 Sat,09:34 Sat,1:04,"D","",6448,14,3,2,17,1,"Store volume","CAROB DOUBLE","","","",13:39 Sat,6:50,2:33,154,0,0:00,50.62,0:00,1,1,1,1,07:19 Sat,13:39 Sat,14:09 Sat,"CAROB","CAROB",07:19 Sat,07:49 Sat,"CAROB",07:49 Sat,"DD Trailer",14:09 Sat,"","CAROB AM Weekly","44T CAROB",5536,0,38,"01656 662697","","CAROB",1604,0,17,0,14229
13,1,2,"CAROB",07:19 Sat,07:49 Sat,"271","Bridgend","CF31 3XX",08:30 Sat,10:30 Sat,09:34 Sat,09:36 Sat,0:02,"C","",0,5,0,0,0,4,"Salvage","CAROB DOUBLE","","","",13:39 Sat,6:50,2:33,154,0,0:00,50.62,0:00,1,1,2,1,07:19 Sat,13:39 Sat,14:09 Sat,"CAROB","CAROB",07:19 Sat,07:49 Sat,"CAROB",07:49 Sat,"DD Trailer",14:09 Sat,"","CAROB AM Weekly","44T CAROB",5594,39,0,"01656 662697","","CAROB",0,0,0,0,0
13,1,3,"CAROB",07:19 Sat,07:49 Sat,"323","Swansea","SA5 8LJ",10:00 Sat,12:00 Sat,10:13 Sat,11:33 Sat,1:20,"D","",9254,20,5,5,25,1,"Store volume","CAROB DOUBLE","","","",13:39 Sat,6:50,2:33,154,0,0:00,50.62,0:00,1,2,3,2,07:19 Sat,13:39 Sat,14:09 Sat,"CAROB","CAROB",07:19 Sat,07:49 Sat,"CAROB",07:49 Sat,"DD Trailer",14:09 Sat,"","CAROB AM Weekly","44T CAROB",5547,0,39,"","","CAROB",2457,0,25,0,19942
13,1,4,"CAROB",07:19 Sat,07:49 Sat,"323","Swansea","SA5 8LJ",10:00 Sat,12:00 Sat,11:33 Sat,11:34 Sat,0:01,"C","",0,5,0,0,0,4,"Salvage","CAROB DOUBLE","","","",13:39 Sat,6:50,2:33,154,0,0:00,50.62,0:00,1,2,4,2,07:19 Sat,13:39 Sat,14:09 Sat,"CAROB","CAROB",07:19 Sat,07:49 Sat,"CAROB",07:49 Sat,"DD Trailer",14:09 Sat,"","CAROB AM Weekly","44T CAROB",5605,77,0,"","","CAROB",0,0,0,0,0
14,1,1,"MIDIW",04:05 Sat,04:50 Sat,"290","Newport","NP20 5GN",07:30 Sat,09:30 Sat,07:44 Sat,09:12 Sat,1:28,"D","",9153,23,6,3,29,1,"Store volume","SALT DOUBLE","","","",12:56 Sat,9:51,5:47,427,0,0:00,72.96,0:00,1,1,1,1,04:05 Sat,12:56 Sat,13:56 Sat,"MIDIW","MIDIW",04:05 Sat,04:50 Sat,"MIDIW",04:50 Sat,"DD Trailer",13:56 Sat,"","MIDIW AM BAND 1 Weekly","44T MIDIW",5539,0,213,"01977 602902","","",2534,0,29,0,16609
14,1,2,"MIDIW",04:05 Sat,04:50 Sat,"290","Newport","NP20 5GN",07:30 Sat,09:30 Sat,09:12 Sat,09:14 Sat,0:02,"C","",0,5,0,0,0,4,"Salvage","SALT DOUBLE","","","",12:56 Sat,9:51,5:47,427,0,0:00,72.96,0:00,1,1,2,1,04:05 Sat,12:56 Sat,13:56 Sat,"MIDIW","MIDIW",04:05 Sat,04:50 Sat,"MIDIW",04:50 Sat,"DD Trailer",13:56 Sat,"","MIDIW AM BAND 1 Weekly","44T MIDIW",5597,213,0,"01977 602902","","",0,0,0,0,0
15,1,1,"MIDIW",04:05 Sat,04:50 Sat,"48","Taunton (New)","TA1 1QS",08:00 Sat,10:00 Sat,08:13 Sat,09:15 Sat,1:02,"D","",6056,13,3,2,16,1,"Store volume","SALT DOUBLE","","","",14:47 Sat,11:42,6:47,510,0,0:00,86.67,0:00,1,1,1,1,04:05 Sat,14:47 Sat,15:47 Sat,"MIDIW","MIDIW",04:05 Sat,04:50 Sat,"MIDIW",04:50 Sat,"DD Trailer",15:47 Sat,"","MIDIW AM BAND 1 Weekly","44T MIDIW",5517,140,257,"","","MIDIW",1477,0,16,0,11147
15,1,2,"MIDIW",04:05 Sat,04:50 Sat,"342","Swindon","SN2 8DH",09:00 Sat,11:00 Sat,11:49 Sat,13:05 Sat,1:16,"D","",9089,18,5,5,23,1,"Store volume","SALT DOUBLE","","","",14:47 Sat,11:42,6:47,510,0,0:00,86.67,0:00,1,2,2,2,04:05 Sat,14:47 Sat,15:47 Sat,"MIDIW","MIDIW",04:05 Sat,04:50 Sat,"MIDIW",04:50 Sat,"DD Trailer",15:47 Sat,"","MIDIW AM BAND 1 Weekly","44T MIDIW",5552,0,140,"01793 610701","","MIDIW",2205,0,23,0,16900
15,1,3,"MIDIW",04:05 Sat,04:50 Sat,"342","Swindon","SN2 8DH",09:00 Sat,11:00 Sat,13:05 Sat,13:07 Sat,0:02,"C","",0,5,0,0,0,4,"Salvage","SALT DOUBLE","","","",14:47 Sat,11:42,6:47,510,0,0:00,86.67,0:00,1,2,3,2,04:05 Sat,14:47 Sat,15:47 Sat,"MIDIW","MIDIW",04:05 Sat,04:50 Sat,"MIDIW",04:50 Sat,"DD Trailer",15:47 Sat,"","MIDIW AM BAND 1 Weekly","44T MIDIW",5611,113,0,"01793 610701","","MIDIW",0,0,0,0,0
16,1,1,"MIDIW",04:46 Sat,05:31 Sat,"328","Southampton","SO16 6TP",08:00 Sat,10:00 Sat,08:00 Sat,11:06 Sat,3:06,"D","",19048,43,10,7,53,1,"Store volume","SALT DOUBLE","","","",13:35 Sat,9:49,4:57,377,0,0:00,72.72,0:00,1,1,1,1,04:46 Sat,13:35 Sat,14:35 Sat,"MIDIW","MIDIW",04:46 Sat,05:31 Sat,"MIDIW",05:31 Sat,"DD Trailer",14:35 Sat,"","MIDIW AM BAND 1 Weekly","44T MIDIW",5549,0,203,"01253 791146","","MIDIW",4614,0,53,0,37908
16,1,2,"MIDIW",04:46 Sat,05:31 Sat,"328","Southampton","SO16 6TP",08:00 Sat,10:00 Sat,11:06 Sat,11:08 Sat,0:02,"C","",0,5,0,0,0,4,"Salvage","SALT DOUBLE","","","",13:35 Sat,9:49,4:57,377,0,0:00,72.72,0:00,1,1,2,1,04:46 Sat,13:35 Sat,14:35 Sat,"MIDIW","MIDIW",04:46 Sat,05:31 Sat,"MIDIW",05:31 Sat,"DD Trailer",14:35 Sat,"","MIDIW AM BAND 1 Weekly","44T MIDIW",5607,174,0,"01253 791146","","MIDIW",0,0,0,0,0
17,1,1,"MIDIW",04:05 Sat,04:50 Sat,"246","Bournemouth","BH11 8LL",07:15 Sat,09:15 Sat,07:57 Sat,09:09 Sat,1:12,"D","",7558,14,7,3,21,1,"Store volume","SALT DOUBLE","","","",14:50 Sat,11:45,6:44,528,0,0:00,87.04,0:00,1,1,1,1,04:05 Sat,14:50 Sat,15:50 Sat,"MIDIW","MIDIW",04:05 Sat,04:50 Sat,"MIDIW",04:50 Sat,"DD Trailer",15:50 Sat,"","MIDIW AM BAND 1 Weekly","44T MIDIW",5532,0,247,"0191 263 5878","","MIDIW",1447,0,21,0,10152
17,1,2,"MIDIW",04:05 Sat,04:50 Sat,"246","Bournemouth","BH11 8LL",07:15 Sat,09:15 Sat,09:09 Sat,09:10 Sat,0:01,"C","",0,5,0,0,0,4,"Salvage","SALT DOUBLE","","","",14:50 Sat,11:45,6:44,528,0,0:00,87.04,0:00,1,1,2,1,04:05 Sat,14:50 Sat,15:50 Sat,"MIDIW","MIDIW",04:05 Sat,04:50 Sat,"MIDIW",04:50 Sat,"DD Trailer",15:50 Sat,"","MIDIW AM BAND 1 Weekly","44T MIDIW",5589,82,0,"0191 263 5878","","MIDIW",0,0,0,0,0
17,1,3,"MIDIW",04:05 Sat,04:50 Sat,"227","Waterlooville","PO7 7HR",08:00 Sat,10:00 Sat,11:13 Sat,12:25 Sat,1:12,"D","",8237,17,4,4,21,1,"Store volume","SALT DOUBLE","","","",14:50 Sat,11:45,6:44,528,0,0:00,87.04,0:00,1,2,3,2,04:05 Sat,14:50 Sat,15:50 Sat,"MIDIW","MIDIW",04:05 Sat,04:50 Sat,"MIDIW",04:50 Sat,"DD Trailer",15:50 Sat,"","MIDIW AM BAND 1 Weekly","44T MIDIW",5525,199,82,"01205 310186","","MIDIW",2721,0,21,0,14907
18,1,1,"MIDIW",04:10 Sat,04:55 Sat,"230","Brighton","BN3 1SF",07:30 Sat,09:30 Sat,07:30 Sat,08:50 Sat,1:20,"D","",11027,16,9,2,25,1,"Store volume","SALT DOUBLE","","","",14:29 Sat,11:19,6:01,450,0,0:00,83.83,0:00,1,1,1,1,04:10 Sat,14:29 Sat,15:29 Sat,"MIDIW","MIDIW",04:10 Sat,04:55 Sat,"MIDIW",04:55 Sat,"DD Trailer",15:29 Sat,"","MIDIW AM BAND 1 Weekly","44T MIDIW",5526,0,208,"020 8665 6755","","MIDIW",3171,0,25,0,19847
18,1,2,"MIDIW",04:10 Sat,04:55 Sat,"230","Brighton","BN3 1SF",07:30 Sat,09:30 Sat,08:50 Sat,08:52 Sat,0:02,"C","",0,5,0,0,0,4,"Salvage","SALT DOUBLE","","","",14:29 Sat,11:19,6:01,450,0,0:00,83.83,0:00,1,1,2,1,04:10 Sat,14:29 Sat,15:29 Sat,"MIDIW","MIDIW",04:10 Sat,04:55 Sat,"MIDIW",04:55 Sat,"DD Trailer",15:29 Sat,"","MIDIW AM BAND 1 Weekly","44T MIDIW",5583,33,0,"020 8665 6755","","MIDIW",0,0,0,0,0
18,1,3,"MIDIW",04:10 Sat,04:55 Sat,"444","Littlehampton","BN17 5RA",08:00 Sat,10:00 Sat,09:33 Sat,11:45 Sat,2:12,"D","",10445,21,5,4,26,1,"Store volume","SALT DOUBLE","","","",14:29 Sat,11:19,6:01,450,0,0:00,83.83,0:00,1,2,3,2,04:10 Sat,14:29 Sat,15:29 Sat,"MIDIW","MIDIW",04:10 Sat,04:55 Sat,"MIDIW",04:55 Sat,"DD Trailer",15:29 Sat,"","MIDIW AM BAND 1 Weekly","44T MIDIW",5567,209,33,"","","MIDIW",3508,0,26,0,23927
19,1,1,"MIDIW",08:27 Sat,09:12 Sat,"314","Maidstone","ME16 0SN",09:30 Sat,11:30 Sat,11:29 Sat,12:47 Sat,1:18,"D","",8737,20,4,3,24,1,"Store volume","SALT DOUBLE","","","",17:31 Sat,10:05,4:51,363,0,0:00,74.69,0:00,1,1,1,1,08:27 Sat,17:31 Sat,18:31 Sat,"MIDIW","MIDIW",08:27 Sat,09:12 Sat,"MIDIW",09:12 Sat,"DD Trailer",18:31 Sat,"","MIDIW AM BAND 3 Weekly","44T MIDIW",5544,0,182,"0161 763 9960","","MIDIW",1997,0,24,0,16223
19,1,2,"MIDIW",08:27 Sat,09:12 Sat,"314","Maidstone","ME16 0SN",09:30 Sat,11:30 Sat,12:47 Sat,12:49 Sat,0:02,"C","",0,5,0,0,0,4,"Salvage","SALT DOUBLE","","","",17:31 Sat,10:05,4:51,363,0,0:00,74.69,0:00,1,1,2,1,08:27 Sat,17:31 Sat,18:31 Sat,"MIDIW","MIDIW",08:27 Sat,09:12 Sat,"MIDIW",09:12 Sat,"DD Trailer",18:31 Sat,"","MIDIW AM BAND 3 Weekly","44T MIDIW",5602,13,0,"0161 763 9960","","MIDIW",0,0,0,0,0
19,1,3,"MIDIW",08:27 Sat,09:12 Sat,"233","Chatham","ME4 6AA",14:00 Sat,16:00 Sat,14:00 Sat,15:18 Sat,1:18,"D","",7595,18,6,4,24,1,"Store volume","SALT DOUBLE","","","",17:31 Sat,10:05,4:51,363,0,0:00,74.69,0:00,1,2,3,2,08:27 Sat,17:31 Sat,18:31 Sat,"MIDIW","MIDIW",08:27 Sat,09:12 Sat,"MIDIW",09:12 Sat,"DD Trailer",18:31 Sat,"","MIDIW AM BAND 3 Weekly","44T MIDIW",5529,0,13,"01634 406060","","MIDIW",2435,0,24,0,15624
19,1,4,"MIDIW",08:27 Sat,09:12 Sat,"233","Chatham","ME4 6AA",14:00 Sat,16:00 Sat,15:18 Sat,15:20 Sat,0:02,"C","",0,5,0,0,0,4,"Salvage","SALT DOUBLE","","","",17:31 Sat,10:05,4:51,363,0,0:00,74.69,0:00,1,2,4,2,08:27 Sat,17:31 Sat,18:31 Sat,"MIDIW","MIDIW",08:27 Sat,09:12 Sat,"MIDIW",09:12 Sat,"DD Trailer",18:31 Sat,"","MIDIW AM BAND 3 Weekly","44T MIDIW",5586,168,0,"01634 406060","","MIDIW",0,0,0,0,0
20,1,1,"MIDIW",04:05 Sat,04:50 Sat,"449","Maldon","CM9 6TU",06:00 Sat,08:00 Sat,06:52 Sat,08:12 Sat,1:20,"D","",12632,19,6,2,25,1,"Store volume","SALT DOUBLE","","","",13:30 Sat,10:25,4:55,381,0,0:00,77.16,0:00,1,1,1,1,04:05 Sat,13:30 Sat,14:30 Sat,"MIDIW","MIDIW",04:05 Sat,04:50 Sat,"MIDIW",04:50 Sat,"DD Trailer",14:30 Sat,"","MIDIW AM BAND 1 Weekly","44T MIDIW",5568,0,158,"","","MIDIW",4630,0,25,0,27348
20,1,2,"MIDIW",04:05 Sat,04:50 Sat,"449","Maldon","CM9 6TU",06:00 Sat,08:00 Sat,08:12 Sat,08:13 Sat,0:01,"C","",0,5,0,0,0,4,"Salvage","SALT DOUBLE","","","",13:30 Sat,10:25,4:55,381,0,0:00,77.16,0:00,1,1,2,1,04:05 Sat,13:30 Sat,14:30 Sat,"MIDIW","MIDIW",04:05 Sat,04:50 Sat,"MIDIW",04:50 Sat,"DD Trailer",14:30 Sat,"","MIDIW AM BAND 1 Weekly","44T MIDIW",5627,37,0,"","","MIDIW",0,0,0,0,0
20,1,3,"MIDIW",04:05 Sat,04:50 Sat,"287","Colchester","CO1 1XF",07:30 Sat,09:30 Sat,08:46 Sat,11:08 Sat,2:22,"D","",8977,29,2,6,31,1,"Store volume","SALT DOUBLE","","","",13:30 Sat,10:25,4:55,381,0,0:00,77.16,0:00,1,2,3,2,04:05 Sat,13:30 Sat,14:30 Sat,"MIDIW","MIDIW",04:05 Sat,04:50 Sat,"MIDIW",04:50 Sat,"DD Trailer",14:30 Sat,"","MIDIW AM BAND 1 Weekly","44T MIDIW",5538,0,37,"01323 431 631","","MIDIW",2662,0,31,0,20831
20,1,4,"MIDIW",04:05 Sat,04:50 Sat,"287","Colchester","CO1 1XF",07:30 Sat,09:30 Sat,11:08 Sat,11:10 Sat,0:02,"C","",0,5,0,0,0,4,"Salvage","SALT DOUBLE","","","",13:30 Sat,10:25,4:55,381,0,0:00,77.16,0:00,1,2,4,2,04:05 Sat,13:30 Sat,14:30 Sat,"MIDIW","MIDIW",04:05 Sat,04:50 Sat,"MIDIW",04:50 Sat,"DD Trailer",14:30 Sat,"","MIDIW AM BAND 1 Weekly","44T MIDIW",5596,186,0,"01323 431 631","","MIDIW",0,0,0,0,0
21,1,1,"MIDIW",04:05 Sat,04:50 Sat,"82","Rayleigh","SS6 7TS",06:30 Sat,08:30 Sat,06:45 Sat,08:15 Sat,1:30,"D","",12211,25,5,5,30,1,"Store volume","SALT DOUBLE","","","",12:49 Sat,9:44,4:20,332,0,0:00,72.10,0:00,1,1,1,1,04:05 Sat,12:49 Sat,13:49 Sat,"MIDIW","MIDIW",04:05 Sat,04:50 Sat,"MIDIW",04:50 Sat,"DD Trailer",13:49 Sat,"","MIDIW AM BAND 1 Weekly","44T MIDIW",5521,0,150,"01268 776 262","","MIDIW",3737,0,30,0,23950
21,1,2,"MIDIW",04:05 Sat,04:50 Sat,"82","Rayleigh","SS6 7TS",06:30 Sat,08:30 Sat,08:15 Sat,08:17 Sat,0:02,"C","",0,5,0,0,0,4,"Salvage","SALT DOUBLE","","","",12:49 Sat,9:44,4:20,332,0,0:00,72.10,0:00,1,1,2,1,04:05 Sat,12:49 Sat,13:49 Sat,"MIDIW","MIDIW",04:05 Sat,04:50 Sat,"MIDIW",04:50 Sat,"DD Trailer",13:49 Sat,"","MIDIW AM BAND 1 Weekly","44T MIDIW",5579,26,0,"01268 776 262","","MIDIW",0,0,0,0,0
21,1,3,"MIDIW",04:05 Sat,04:50 Sat,"232","Chelmsford","CM2 5PX",07:30 Sat,09:30 Sat,08:41 Sat,10:47 Sat,2:06,"D","",11237,21,2,3,23,1,"Store volume","SALT DOUBLE","","","",12:49 Sat,9:44,4:20,332,0,0:00,72.10,0:00,1,2,3,2,04:05 Sat,12:49 Sat,13:49 Sat,"MIDIW","MIDIW",04:05 Sat,04:50 Sat,"MIDIW",04:50 Sat,"DD Trailer",13:49 Sat,"","MIDIW AM BAND 1 Weekly","44T MIDIW",5528,0,26,"01245 462442","","MIDIW",2312,0,23,0,19791
21,1,4,"MIDIW",04:05 Sat,04:50 Sat,"232","Chelmsford","CM2 5PX",07:30 Sat,09:30 Sat,10:47 Sat,10:49 Sat,0:02,"C","",0,5,0,0,0,4,"Salvage","SALT DOUBLE","","","",12:49 Sat,9:44,4:20,332,0,0:00,72.10,0:00,1,2,4,2,04:05 Sat,12:49 Sat,13:49 Sat,"MIDIW","MIDIW",04:05 Sat,04:50 Sat,"MIDIW",04:50 Sat,"DD Trailer",13:49 Sat,"","MIDIW AM BAND 1 Weekly","44T MIDIW",5585,156,0,"01245 462442","","MIDIW",0,0,0,0,0
22,1,1,"MIDIW",05:59 Sat,06:44 Sat,"429","Milton Keynes","MK6 1AP",07:30 Sat,09:30 Sat,07:30 Sat,09:26 Sat,1:56,"D","",16638,39,4,8,43,1,"Store volume","SALT DOUBLE","","","",12:59 Sat,8:00,2:04,125,0,0:00,59.26,0:17,1,1,1,1,05:59 Sat,12:59 Sat,13:59 Sat,"MIDIW","MIDIW",05:59 Sat,06:44 Sat,"MIDIW",06:44 Sat,"DD Trailer",13:59 Sat,"","MIDIW AM BAND 1 Weekly","44T MIDIW",5564,0,31,"","","MIDIW",4356,0,43,0,37758
22,1,2,"MIDIW",05:59 Sat,06:44 Sat,"429","Milton Keynes","MK6 1AP",07:30 Sat,09:30 Sat,09:26 Sat,09:28 Sat,0:02,"C","",0,5,0,0,0,4,"Salvage","SALT DOUBLE","","","",12:59 Sat,8:00,2:04,125,0,0:00,59.26,0:17,1,1,2,1,05:59 Sat,12:59 Sat,13:59 Sat,"MIDIW","MIDIW",05:59 Sat,06:44 Sat,"MIDIW",06:44 Sat,"DD Trailer",13:59 Sat,"","MIDIW AM BAND 1 Weekly","44T MIDIW",5624,33,0,"","","MIDIW",0,0,0,0,0
22,1,3,"MIDIW",05:59 Sat,06:44 Sat,"316","Aylesbury Extra","HP20 1DG",09:00 Sat,11:00 Sat,10:05 Sat,11:09 Sat,1:04,"D","",5114,15,2,2,17,1,"Store volume","SALT DOUBLE","","","",12:59 Sat,8:00,2:04,125,0,0:00,59.26,0:17,1,2,3,2,05:59 Sat,12:59 Sat,13:59 Sat,"MIDIW","MIDIW",05:59 Sat,06:44 Sat,"MIDIW",06:44 Sat,"DD Trailer",13:59 Sat,"","MIDIW AM BAND 1 Weekly","44T MIDIW",5545,0,33,"01296 399599","","MIDIW",1326,0,17,0,10104
22,1,4,"MIDIW",05:59 Sat,06:44 Sat,"316","Aylesbury Extra","HP20 1DG",09:00 Sat,11:00 Sat,11:09 Sat,11:10 Sat,0:01,"C","",0,5,0,0,0,4,"Salvage","SALT DOUBLE","","","",12:59 Sat,8:00,2:04,125,0,0:00,59.26,0:17,1,2,4,2,05:59 Sat,12:59 Sat,13:59 Sat,"MIDIW","MIDIW",05:59 Sat,06:44 Sat,"MIDIW",06:44 Sat,"DD Trailer",13:59 Sat,"","MIDIW AM BAND 1 Weekly","44T MIDIW",5603,61,0,"01296 399599","","MIDIW",0,0,0,0,0
23,1,1,"MIDIW",06:00 Sat,06:45 Sat,"495","Newbury","RG14 5EA",07:30 Sat,09:30 Sat,08:24 Sat,09:24 Sat,1:00,"D","",3224,13,2,3,15,1,"Store volume","SALT DOUBLE","","","",14:33 Sat,9:33,4:13,294,0,0:00,70.74,0:00,1,1,1,1,06:00 Sat,14:33 Sat,15:33 Sat,"MIDIW","MIDIW",06:00 Sat,06:45 Sat,"MIDIW",06:45 Sat,"DD Trailer",15:33 Sat,"","MIDIW AM BAND 2 Weekly","44T MIDIW",5573,0,115,"","","MIDIW",584,0,14,0,7263
23,1,2,"MIDIW",06:00 Sat,06:45 Sat,"495","Newbury","RG14 5EA",07:30 Sat,09:30 Sat,09:24 Sat,09:26 Sat,0:02,"C","",0,5,0,0,0,4,"Salvage","SALT DOUBLE","","","",14:33 Sat,9:33,4:13,294,0,0:00,70.74,0:00,1,1,2,1,06:00 Sat,14:33 Sat,15:33 Sat,"MIDIW","MIDIW",06:00 Sat,06:45 Sat,"MIDIW",06:45 Sat,"DD Trailer",15:33 Sat,"","MIDIW AM BAND 2 Weekly","44T MIDIW",5632,43,0,"","","MIDIW",0,0,0,0,0
23,1,3,"MIDIW",06:00 Sat,06:45 Sat,"312","Bracknell","RG12 1NS",09:00 Sat,11:00 Sat,10:16 Sat,12:48 Sat,2:32,"D","",14795,30,6,4,36,1,"Store volume","SALT DOUBLE","","","",14:33 Sat,9:33,4:13,294,0,0:00,70.74,0:00,1,2,3,2,06:00 Sat,14:33 Sat,15:33 Sat,"MIDIW","MIDIW",06:00 Sat,06:45 Sat,"MIDIW",06:45 Sat,"DD Trailer",15:33 Sat,"","MIDIW AM BAND 2 Weekly","44T MIDIW",5542,0,43,"01786 451809","","MIDIW",5040,0,36,0,25874
23,1,4,"MIDIW",06:00 Sat,06:45 Sat,"312","Bracknell","RG12 1NS",09:00 Sat,11:00 Sat,12:48 Sat,12:50 Sat,0:02,"C","",0,5,0,0,0,4,"Salvage","SALT DOUBLE","","","",14:33 Sat,9:33,4:13,294,0,0:00,70.74,0:00,1,2,4,2,06:00 Sat,14:33 Sat,15:33 Sat,"MIDIW","MIDIW",06:00 Sat,06:45 Sat,"MIDIW",06:45 Sat,"DD Trailer",15:33 Sat,"","MIDIW AM BAND 2 Weekly","44T MIDIW",5600,136,0,"01786 451809","","MIDIW",0,0,0,0,0
24,1,1,"MIDIW",06:41 Sat,07:26 Sat,"465","Winnersh","RG41 5HH",08:00 Sat,10:00 Sat,09:07 Sat,10:21 Sat,1:14,"D","",5917,20,2,4,22,1,"Store volume","SALT DOUBLE","","","",15:17 Sat,9:37,4:17,326,0,0:00,71.23,0:00,1,1,1,1,06:41 Sat,15:17 Sat,16:17 Sat,"MIDIW","MIDIW",06:41 Sat,07:26 Sat,"MIDIW",07:26 Sat,"DD Trailer",16:17 Sat,"","MIDIW AM BAND 2 Weekly","44T MIDIW",5572,0,137,"","","MIDIW",1898,0,22,0,14721
24,1,2,"MIDIW",06:41 Sat,07:26 Sat,"465","Winnersh","RG41 5HH",08:00 Sat,10:00 Sat,10:21 Sat,10:23 Sat,0:02,"C","",0,5,0,0,0,4,"Salvage","SALT DOUBLE","","","",15:17 Sat,9:37,4:17,326,0,0:00,71.23,0:00,1,1,2,1,06:41 Sat,15:17 Sat,16:17 Sat,"MIDIW","MIDIW",06:41 Sat,07:26 Sat,"MIDIW",07:26 Sat,"DD Trailer",16:17 Sat,"","MIDIW AM BAND 2 Weekly","44T MIDIW",5631,49,0,"","","MIDIW",0,0,0,0,0
24,1,3,"MIDIW",06:41 Sat,07:26 Sat,"385","Guildford","GU1 1EH",11:15 Sat,13:15 Sat,11:15 Sat,13:33 Sat,2:18,"D","",14723,23,6,5,29,1,"Store volume","SALT DOUBLE","","","",15:17 Sat,9:37,4:17,326,0,0:00,71.23,0:00,1,2,3,2,06:41 Sat,15:17 Sat,16:17 Sat,"MIDIW","MIDIW",06:41 Sat,07:26 Sat,"MIDIW",07:26 Sat,"DD Trailer",16:17 Sat,"","MIDIW AM BAND 2 Weekly","44T MIDIW",5557,0,49,"","","MIDIW",2236,0,28,0,20456
24,1,4,"MIDIW",06:41 Sat,07:26 Sat,"385","Guildford","GU1 1EH",11:15 Sat,13:15 Sat,13:33 Sat,13:35 Sat,0:02,"C","",0,5,0,0,0,4,"Salvage","SALT DOUBLE","","","",15:17 Sat,9:37,4:17,326,0,0:00,71.23,0:00,1,2,4,2,06:41 Sat,15:17 Sat,16:17 Sat,"MIDIW","MIDIW",06:41 Sat,07:26 Sat,"MIDIW",07:26 Sat,"DD Trailer",16:17 Sat,"","MIDIW AM BAND 2 Weekly","44T MIDIW",5615,140,0,"","","MIDIW",0,0,0,0,0
25,1,1,"MIDIW",04:58 Sat,05:43 Sat,"371","Reading","RG30 1PR",08:00 Sat,10:00 Sat,08:00 Sat,09:12 Sat,1:12,"D","",6413,16,5,4,21,1,"Store volume","SALT DOUBLE","","","",13:58 Sat,9:59,4:45,290,0,0:00,73.95,0:00,1,1,1,1,04:58 Sat,13:58 Sat,14:58 Sat,"MIDIW","MIDIW",04:58 Sat,05:43 Sat,"MIDIW",05:43 Sat,"DD Trailer",14:58 Sat,"","MIDIW AM BAND 1 Weekly","44T MIDIW",5555,0,132,"","","MIDIW",2152,0,20,0,12665
25,1,2,"MIDIW",04:58 Sat,05:43 Sat,"371","Reading","RG30 1PR",08:00 Sat,10:00 Sat,09:12 Sat,09:14 Sat,0:02,"C","",0,5,0,0,0,4,"Salvage","SALT DOUBLE","","","",13:58 Sat,9:59,4:45,290,0,0:00,73.95,0:00,1,1,2,1,04:58 Sat,13:58 Sat,14:58 Sat,"MIDIW","MIDIW",04:58 Sat,05:43 Sat,"MIDIW",05:43 Sat,"DD Trailer",14:58 Sat,"","MIDIW AM BAND 1 Weekly","44T MIDIW",5614,44,0,"","","MIDIW",0,0,0,0,0
25,1,3,"MIDIW",04:58 Sat,05:43 Sat,"340","Slough","SL1 4UN",08:00 Sat,10:00 Sat,10:17 Sat,12:31 Sat,2:14,"D","",14826,19,8,4,27,1,"Store volume","SALT DOUBLE","","","",13:58 Sat,9:59,4:45,290,0,0:00,73.95,0:00,1,2,3,2,04:58 Sat,13:58 Sat,14:58 Sat,"MIDIW","MIDIW",04:58 Sat,05:43 Sat,"MIDIW",05:43 Sat,"DD Trailer",14:58 Sat,"","MIDIW AM BAND 1 Weekly","44T MIDIW",5551,0,44,"","","MIDIW",2192,0,27,0,20860
25,1,4,"MIDIW",04:58 Sat,05:43 Sat,"340","Slough","SL1 4UN",08:00 Sat,10:00 Sat,12:31 Sat,12:33 Sat,0:02,"C","",0,5,0,0,0,4,"Salvage","SALT DOUBLE","","","",13:58 Sat,9:59,4:45,290,0,0:00,73.95,0:00,1,2,4,2,04:58 Sat,13:58 Sat,14:58 Sat,"MIDIW","MIDIW",04:58 Sat,05:43 Sat,"MIDIW",05:43 Sat,"DD Trailer",14:58 Sat,"","MIDIW AM BAND 1 Weekly","44T MIDIW",5610,115,0,"","","MIDIW",0,0,0,0,0
26,1,1,"MIDIW",05:53 Sat,06:38 Sat,"318","Bicester","OX26 6PZ",07:30 Sat,09:30 Sat,07:30 Sat,08:40 Sat,1:10,"D","",8644,19,1,2,20,1,"Store volume","SALT DOUBLE","","","",13:00 Sat,8:07,3:05,220,0,0:00,60.12,0:00,1,1,1,1,05:53 Sat,13:00 Sat,14:00 Sat,"MIDIW","MIDIW",05:53 Sat,06:38 Sat,"MIDIW",06:38 Sat,"DD Trailer",14:00 Sat,"","MIDIW AM BAND 1 Weekly","44T MIDIW",5546,0,52,"01224 621721","","MIDIW",2871,0,20,0,21868
26,1,2,"MIDIW",05:53 Sat,06:38 Sat,"318","Bicester","OX26 6PZ",07:30 Sat,09:30 Sat,08:40 Sat,08:42 Sat,0:02,"C","",0,5,0,0,0,4,"Salvage","SALT DOUBLE","","","",13:00 Sat,8:07,3:05,220,0,0:00,60.12,0:00,1,1,2,1,05:53 Sat,13:00 Sat,14:00 Sat,"MIDIW","MIDIW",05:53 Sat,06:38 Sat,"MIDIW",06:38 Sat,"DD Trailer",14:00 Sat,"","MIDIW AM BAND 1 Weekly","44T MIDIW",5604,58,0,"01224 621721","","MIDIW",0,0,0,0,0
26,1,3,"MIDIW",05:53 Sat,06:38 Sat,"313","High Wycombe","HP11 1FY",09:30 Sat,11:30 Sat,09:32 Sat,10:46 Sat,1:14,"D","",9394,19,3,3,22,1,"Store volume","SALT DOUBLE","","","",13:00 Sat,8:07,3:05,220,0,0:00,60.12,0:00,1,2,3,2,05:53 Sat,13:00 Sat,14:00 Sat,"MIDIW","MIDIW",05:53 Sat,06:38 Sat,"MIDIW",06:38 Sat,"DD Trailer",14:00 Sat,"","MIDIW AM BAND 1 Weekly","44T MIDIW",5543,0,58,"01246 558620","","MIDIW",2531,0,22,0,19981
26,1,4,"MIDIW",05:53 Sat,06:38 Sat,"313","High Wycombe","HP11 1FY",09:30 Sat,11:30 Sat,10:46 Sat,10:48 Sat,0:02,"C","",0,5,0,0,0,4,"Salvage","SALT DOUBLE","","","",13:00 Sat,8:07,3:05,220,0,0:00,60.12,0:00,1,2,4,2,05:53 Sat,13:00 Sat,14:00 Sat,"MIDIW","MIDIW",05:53 Sat,06:38 Sat,"MIDIW",06:38 Sat,"DD Trailer",14:00 Sat,"","MIDIW AM BAND 1 Weekly","44T MIDIW",5601,110,0,"01246 558620","","MIDIW",0,0,0,0,0
27,1,1,"MIDIW",11:30 Sat,12:15 Sat,"297","Barking","IG11 8BL",14:00 Sat,16:00 Sat,14:00 Sat,16:00 Sat,2:00,"D","",28673,35,10,3,45,1,"Store volume","SALT DOUBLE","","","",18:36 Sat,8:06,3:29,259,0,0:00,60.00,0:00,1,1,1,1,11:30 Sat,18:36 Sat,19:36 Sat,"MIDIW","MIDIW",11:30 Sat,12:15 Sat,"MIDIW",12:15 Sat,"DD Trailer",19:36 Sat,"","MIDIW AM BAND 4 Weekly","44T MIDIW",5540,0,130,"01772 556487","","MIDIW",3565,0,45,0,37981
27,1,2,"MIDIW",11:30 Sat,12:15 Sat,"297","Barking","IG11 8BL",14:00 Sat,16:00 Sat,16:00 Sat,16:02 Sat,0:02,"C","",0,5,0,0,0,4,"Salvage","SALT DOUBLE","","","",18:36 Sat,8:06,3:29,259,0,0:00,60.00,0:00,1,1,2,1,11:30 Sat,18:36 Sat,19:36 Sat,"MIDIW","MIDIW",11:30 Sat,12:15 Sat,"MIDIW",12:15 Sat,"DD Trailer",19:36 Sat,"","MIDIW AM BAND 4 Weekly","44T MIDIW",5598,130,0,"01772 556487","","MIDIW",0,0,0,0,0
28,1,1,"MIDIW",10:00 Sat,10:45 Sat,"372","Chadwell Heath","RM6 4HX",12:00 Sat,14:00 Sat,12:37 Sat,13:59 Sat,1:22,"D","",15767,21,5,3,26,1,"Store volume","SALT DOUBLE","","","",17:20 Sat,8:20,3:53,272,130,1:45,61.73,0:00,1,1,1,1,10:00 Sat,17:20 Sat,18:20 Sat,"MIDIW","MIDIW",10:00 Sat,10:45 Sat,"MIDIW",10:45 Sat,"DD Trailer",18:20 Sat,"","MIDIW AM BAND 4 Weekly","44T MIDIW",5556,7,136,"","","MIDIW",2653,0,26,0,20295
28,1,2,"MIDIW",10:00 Sat,10:45 Sat,"297","Barking","IG11 8BL",14:00 Sat,16:00 Sat,14:15 Sat,14:45 Sat,0:30,"D","",3673,0,0,0,0,1,"Store volume","SALT DOUBLE","","","",17:20 Sat,8:20,3:53,272,130,1:45,61.73,0:00,1,2,2,2,10:00 Sat,17:20 Sat,18:20 Sat,"MIDIW","MIDIW",10:00 Sat,10:45 Sat,"MIDIW",10:45 Sat,"DD Trailer",18:20 Sat,"","MIDIW AM BAND 4 Weekly","44T MIDIW",5634,130,7,"01772 556487","","MIDIW",3565,0,45,0,37981
29,1,1,"MIDIW",08:56 Sat,09:41 Sat,"83","Catford","SE6 4NU",12:00 Sat,14:00 Sat,12:00 Sat,13:40 Sat,1:40,"D","",15966,29,6,4,35,1,"Store volume","SALT DOUBLE","","","",16:51 Sat,8:55,4:39,238,0,0:00,66.05,0:00,1,1,1,1,08:56 Sat,16:51 Sat,17:51 Sat,"MIDIW","MIDIW",08:56 Sat,09:41 Sat,"MIDIW",09:41 Sat,"DD Trailer",17:51 Sat,"","MIDIW AM BAND 3 Weekly","44T MIDIW",5522,0,120,"020 8690 9872","","MIDIW",2501,0,35,0,24449
29,1,2,"MIDIW",08:56 Sat,09:41 Sat,"83","Catford","SE6 4NU",12:00 Sat,14:00 Sat,13:40 Sat,13:42 Sat,0:02,"C","",0,5,0,0,0,4,"Salvage","SALT DOUBLE","","","",16:51 Sat,8:55,4:39,238,0,0:00,66.05,0:00,1,1,2,1,08:56 Sat,16:51 Sat,17:51 Sat,"MIDIW","MIDIW",08:56 Sat,09:41 Sat,"MIDIW",09:41 Sat,"DD Trailer",17:51 Sat,"","MIDIW AM BAND 3 Weekly","44T MIDIW",5580,118,0,"020 8690 9872","","MIDIW",0,0,0,0,0
30,1,1,"MIDIW",11:15 Sat,12:00 Sat,"59","Wimbledon","SW17 0BW",14:00 Sat,16:00 Sat,14:00 Sat,15:20 Sat,1:20,"D","",14604,19,6,2,25,1,"Store volume","SALT DOUBLE","","","",18:07 Sat,7:51,3:56,233,116,1:57,58.15,0:00,1,1,1,1,11:15 Sat,18:07 Sat,19:07 Sat,"MIDIW","MIDIW",11:15 Sat,12:00 Sat,"MIDIW",12:00 Sat,"DD Trailer",19:07 Sat,"","MIDIW AM BAND 4 Weekly","44T MIDIW",5518,116,116,"020 8947 9818","","MIDIW",2295,0,25,0,18791
31,1,1,"MIDIW",06:40 Sat,07:25 Sat,"405","Twickenham","TW2 5NT",09:00 Sat,11:00 Sat,09:00 Sat,10:36 Sat,1:36,"D","",16122,28,5,5,33,1,"Store volume","SALT DOUBLE","","","",13:01 Sat,7:21,3:10,237,119,1:35,54.44,0:00,1,1,1,1,06:40 Sat,13:01 Sat,14:01 Sat,"MIDIW","MIDIW",06:40 Sat,07:25 Sat,"MIDIW",07:25 Sat,"DD Trailer",14:01 Sat,"","MIDIW AM BAND 2 Weekly","44T MIDIW",5559,119,118,"","","MIDIW",3152,0,33,0,26117
32,1,1,"MIDIW",04:50 Sat,05:35 Sat,"237","Hanger Lane","W5 1DN",07:00 Sat,09:00 Sat,07:00 Sat,08:32 Sat,1:32,"D","",19774,24,7,5,31,1,"Store volume","SALT DOUBLE","","","",09:54 Sat,6:53,2:45,204,0,0:00,50.99,0:00,1,1,1,1,04:50 Sat,09:54 Sat,11:44 Sat,"MIDIW","MIDIW",04:50 Sat,05:35 Sat,"MIDIW",05:35 Sat,"DD Trailer",11:44 Sat,"","MIDIW AM BAND 1 Weekly","44T MIDIW",5531,0,102,"0161 633 3100","","MIDIW",3814,0,31,0,26311
32,1,2,"MIDIW",04:50 Sat,05:35 Sat,"237","Hanger Lane","W5 1DN",07:00 Sat,09:00 Sat,08:32 Sat,08:34 Sat,0:02,"C","",0,5,0,0,0,4,"Salvage","SALT DOUBLE","","","",09:54 Sat,6:53,2:45,204,0,0:00,50.99,0:00,1,1,2,1,04:50 Sat,09:54 Sat,11:44 Sat,"MIDIW","MIDIW",04:50 Sat,05:35 Sat,"MIDIW",05:35 Sat,"DD Trailer",11:44 Sat,"","MIDIW AM BAND 1 Weekly","44T MIDIW",5588,102,0,"0161 633 3100","","MIDIW",0,0,0,0,0
33,1,1,"MIDIW",04:31 Sat,05:16 Sat,"72","Cricklewood","NW2 6JN",06:30 Sat,08:30 Sat,06:30 Sat,08:24 Sat,1:54,"D","",21525,34,8,5,42,1,"Store volume","SALT DOUBLE","","","",09:41 Sat,7:00,2:29,192,0,0:00,51.85,0:00,1,1,1,1,04:31 Sat,09:41 Sat,11:31 Sat,"MIDIW","MIDIW",04:31 Sat,05:16 Sat,"MIDIW",05:16 Sat,"DD Trailer",11:31 Sat,"","MIDIW AM BAND 1 Weekly","44T MIDIW",5519,0,96,"01159 865983","","MIDIW",4055,0,42,0,37319
33,1,2,"MIDIW",04:31 Sat,05:16 Sat,"72","Cricklewood","NW2 6JN",06:30 Sat,08:30 Sat,08:24 Sat,08:26 Sat,0:02,"C","",0,5,0,0,0,4,"Salvage","SALT DOUBLE","","","",09:41 Sat,7:00,2:29,192,0,0:00,51.85,0:00,1,1,2,1,04:31 Sat,09:41 Sat,11:31 Sat,"MIDIW","MIDIW",04:31 Sat,05:16 Sat,"MIDIW",05:16 Sat,"DD Trailer",11:31 Sat,"","MIDIW AM BAND 1 Weekly","44T MIDIW",5577,96,0,"01159 865983","","MIDIW",0,0,0,0,0
34,1,1,"MIDIW",04:09 Sat,04:54 Sat,"91","Tottenham","N15 5NH",06:30 Sat,08:30 Sat,06:30 Sat,08:02 Sat,1:32,"D","",19923,25,6,4,31,1,"Store volume","SALT DOUBLE","","","",10:31 Sat,7:22,3:13,211,0,0:00,54.57,0:00,1,1,1,1,04:09 Sat,10:31 Sat,11:31 Sat,"MIDIW","MIDIW",04:09 Sat,04:54 Sat,"MIDIW",04:54 Sat,"DD Trailer",11:31 Sat,"","MIDIW AM BAND 1 Weekly","44T MIDIW",5523,0,105,"020 88009966","","MIDIW",3652,0,31,0,24158
34,1,2,"MIDIW",04:09 Sat,04:54 Sat,"91","Tottenham","N15 5NH",06:30 Sat,08:30 Sat,08:02 Sat,08:04 Sat,0:02,"C","",0,5,0,0,0,4,"Salvage","SALT DOUBLE","","","",10:31 Sat,7:22,3:13,211,0,0:00,54.57,0:00,1,1,2,1,04:09 Sat,10:31 Sat,11:31 Sat,"MIDIW","MIDIW",04:09 Sat,04:54 Sat,"MIDIW",04:54 Sat,"DD Trailer",11:31 Sat,"","MIDIW AM BAND 1 Weekly","44T MIDIW",5581,106,0,"020 88009966","","MIDIW",0,0,0,0,0
35,1,1,"MIDIW",07:07 Sat,07:52 Sat,"337","Harlow","CM20 2SU",07:30 Sat,09:30 Sat,09:30 Sat,10:46 Sat,1:16,"D","",11788,19,4,4,23,1,"Store volume","SALT DOUBLE","","","",15:45 Sat,9:38,4:27,280,0,0:00,71.36,0:02,1,1,1,1,07:07 Sat,15:45 Sat,16:45 Sat,"MIDIW","MIDIW",07:07 Sat,07:52 Sat,"MIDIW",07:52 Sat,"DD Trailer",16:45 Sat,"","MIDIW AM BAND 2 Weekly","44T MIDIW",5550,0,120,"01372 748890","","MIDIW",3058,0,23,0,18885
35,1,2,"MIDIW",07:07 Sat,07:52 Sat,"337","Harlow","CM20 2SU",07:30 Sat,09:30 Sat,10:46 Sat,10:48 Sat,0:02,"C","",0,5,0,0,0,4,"Salvage","SALT DOUBLE","","","",15:45 Sat,9:38,4:27,280,0,0:00,71.36,0:02,1,1,2,1,07:07 Sat,15:45 Sat,16:45 Sat,"MIDIW","MIDIW",07:07 Sat,07:52 Sat,"MIDIW",07:52 Sat,"DD Trailer",16:45 Sat,"","MIDIW AM BAND 2 Weekly","44T MIDIW",5609,59,0,"01372 748890","","MIDIW",0,0,0,0,0
35,1,3,"MIDIW",07:07 Sat,07:52 Sat,"78","Ruislip","HA4 0QB",13:00 Sat,15:00 Sat,13:00 Sat,14:16 Sat,1:16,"D","",13334,19,4,3,23,1,"Store volume","SALT DOUBLE","","","",15:45 Sat,9:38,4:27,280,0,0:00,71.36,0:02,1,2,3,2,07:07 Sat,15:45 Sat,16:45 Sat,"MIDIW","MIDIW",07:07 Sat,07:52 Sat,"MIDIW",07:52 Sat,"DD Trailer",16:45 Sat,"","MIDIW AM BAND 2 Weekly","44T MIDIW",5520,101,59,"02084 227090","","MIDIW",2681,0,23,0,13861
1000,1,1,"MIDIW",03:00 Sat,03:45 Sat,"NORHDC","Northampton HDC","NN4 7JE",00:01 Sat,23:59 Sat,03:50 Sat,04:10 Sat,0:20,"C","HDC DEVIZES 2",0,0,0,0,1,1,"Store volume","SALT SINGLE","","","",11:48 Sat,9:48,4:33,294,0,0:00,98.00,0:00,1,1,1,1,03:00 Sat,11:48 Sat,12:48 Sat,"MIDIW","MIDIW",03:00 Sat,03:45 Sat,"MIDIW",03:45 Sat,"SD Trailer",12:48 Sat,"","MIDIW NIGHT BAND 3 Weekly","44T MIDIW",5344,149,1,"","","MIDIW",0,0,0,0,0
1000,1,2,"MIDIW",03:00 Sat,03:45 Sat,"DEVHDC2","DEVIZES 2","SN10 2HT",00:01 Sat,23:59 Sat,06:22 Sat,08:22 Sat,2:00,"D","HDC DEVIZES 2",0,0,0,0,26,1,"Store volume","SALT SINGLE","","","",11:48 Sat,9:48,4:33,294,0,0:00,98.00,0:00,1,2,2,2,03:00 Sat,11:48 Sat,12:48 Sat,"MIDIW","MIDIW",03:00 Sat,03:45 Sat,"MIDIW",03:45 Sat,"SD Trailer",12:48 Sat,"","MIDIW NIGHT BAND 3 Weekly","44T MIDIW",5345,143,149,"","","MIDIW",0,0,0,0,0
1000,1,3,"MIDIW",03:00 Sat,03:45 Sat,"NORHDC","Northampton HDC","NN4 7JE",00:01 Sat,23:59 Sat,11:23 Sat,11:43 Sat,0:20,"C","HDC DEVIZES 2",0,0,0,0,1,1,"Store volume","SALT SINGLE","","","",11:48 Sat,9:48,4:33,294,0,0:00,98.00,0:00,1,3,3,3,03:00 Sat,11:48 Sat,12:48 Sat,"MIDIW","MIDIW",03:00 Sat,03:45 Sat,"MIDIW",03:45 Sat,"SD Trailer",12:48 Sat,"","MIDIW NIGHT BAND 3 Weekly","44T MIDIW",5404,1,143,"","","MIDIW",0,0,0,0,0
1001,1,1,"MIDIW",05:00 Sat,05:45 Sat,"NORHDC","Northampton HDC","NN4 7JE",00:01 Sat,23:59 Sat,05:50 Sat,06:10 Sat,0:20,"C","HDC DEVIZES to EXETER",0,0,0,0,1,1,"Store volume","SALT SINGLE","","","",13:48 Sat,9:48,4:33,294,0,0:00,72.59,0:00,1,1,1,1,05:00 Sat,13:48 Sat,14:48 Sat,"MIDIW","MIDIW",05:00 Sat,05:45 Sat,"MIDIW",05:45 Sat,"SD Trailer",14:48 Sat,"","MIDIW AM BAND 1 Weekly","44T MIDIW",5346,149,1,"","","MIDIW",0,0,0,0,0
1001,1,2,"MIDIW",05:00 Sat,05:45 Sat,"DEVEXHDC","DEVIZES - EXETER","NN4 7JE",00:01 Sat,23:59 Sat,08:22 Sat,10:22 Sat,2:00,"D","HDC DEVIZES to EXETER",0,0,0,0,26,1,"Store volume","SALT SINGLE","","","",13:48 Sat,9:48,4:33,294,0,0:00,72.59,0:00,1,2,2,2,05:00 Sat,13:48 Sat,14:48 Sat,"MIDIW","MIDIW",05:00 Sat,05:45 Sat,"MIDIW",05:45 Sat,"SD Trailer",14:48 Sat,"","MIDIW AM BAND 1 Weekly","44T MIDIW",5347,143,149,"","","MIDIW",0,0,0,0,0
1001,1,3,"MIDIW",05:00 Sat,05:45 Sat,"NORHDC","Northampton HDC","NN4 7JE",00:01 Sat,23:59 Sat,13:23 Sat,13:43 Sat,0:20,"C","HDC DEVIZES 2",0,0,0,0,1,1,"Store volume","SALT SINGLE","","","",13:48 Sat,9:48,4:33,294,0,0:00,72.59,0:00,1,3,3,3,05:00 Sat,13:48 Sat,14:48 Sat,"MIDIW","MIDIW",05:00 Sat,05:45 Sat,"MIDIW",05:45 Sat,"SD Trailer",14:48 Sat,"","MIDIW AM BAND 1 Weekly","44T MIDIW",5403,1,143,"","","MIDIW",0,0,0,0,0
1002,1,1,"DEVHDC",08:00 Sat,08:30 Sat,"EXEHDC1","EXETER 1","EX2 7JG",00:01 Sat,23:59 Sat,10:59 Sat,12:59 Sat,2:00,"D","HDC DEVIZES to EXETER",0,0,0,0,26,1,"Store volume","DEVHDC SINGLE","","","",16:17 Sat,8:47,4:57,333,167,2:28,65.06,0:00,1,1,1,1,08:00 Sat,16:17 Sat,16:47 Sat,"DEVHDC","DEVHDC",08:00 Sat,08:30 Sat,"DEVHDC",08:30 Sat,"SD Trailer",16:47 Sat,"","DEVHDC AM Weekly","44T DEVHDC",5348,167,167,"","","MIDIW",0,0,0,0,0
1003,1,1,"MIDIW",07:00 Sat,07:45 Sat,"NORHDC","Northampton HDC","NN4 7JE",00:01 Sat,23:59 Sat,07:50 Sat,08:10 Sat,0:20,"C","HDC BURNTWOOD",0,0,0,0,1,1,"Store volume","SALT SINGLE","","","",12:04 Sat,12:48,5:48,440,0,0:00,94.81,0:00,2,1,1,1,07:00 Sat,12:04 Sat,13:24 Sat,"MIDIW","MIDIW",07:00 Sat,07:45 Sat,"MIDIW",07:45 Sat,"SD Trailer",19:47 Sat,"","MIDIW AM BAND 2 Weekly","44T MIDIW",5349,109,1,"","","MIDIW",0,0,0,0,0
1003,1,2,"MIDIW",07:00 Sat,07:45 Sat,"BURHDC1","BURNTWOOD 1","WS7 3JG",00:01 Sat,23:59 Sat,09:32 Sat,10:17 Sat,0:45,"D","HDC BURNTWOOD",0,0,0,0,26,1,"Store volume","SALT SINGLE","","","",12:04 Sat,12:48,5:48,440,0,0:00,94.81,0:00,2,2,2,2,07:00 Sat,12:04 Sat,13:24 Sat,"MIDIW","MIDIW",07:00 Sat,07:45 Sat,"MIDIW",07:45 Sat,"SD Trailer",19:47 Sat,"","MIDIW AM BAND 2 Weekly","44T MIDIW",5350,109,109,"","","MIDIW",0,0,0,0,0
1003,1,3,"MIDIW",07:00 Sat,07:45 Sat,"NORHDC","Northampton HDC","NN4 7JE",00:01 Sat,23:59 Sat,11:39 Sat,11:59 Sat,0:20,"C","HDC DEVIZES 2",0,0,0,0,1,1,"Store volume","SALT SINGLE","","","",12:04 Sat,12:48,5:48,440,0,0:00,94.81,0:00,2,3,3,3,07:00 Sat,12:04 Sat,13:24 Sat,"MIDIW","MIDIW",07:00 Sat,07:45 Sat,"MIDIW",07:45 Sat,"SD Trailer",19:47 Sat,"","MIDIW AM BAND 2 Weekly","44T MIDIW",5405,1,109,"","","MIDIW",0,0,0,0,0
1003,2,1,"MIDIW",07:00 Sat,13:39 Sat,"NORHDC","Northampton HDC","NN4 7JE",00:01 Sat,23:59 Sat,13:44 Sat,14:04 Sat,0:20,"C","HDC BURNTWOOD",0,0,0,0,1,1,"Store volume","SALT SINGLE","","","",17:57 Sat,12:48,5:48,440,0,0:00,94.81,0:00,2,4,4,1,13:24 Sat,17:57 Sat,19:47 Sat,"MIDIW","MIDIW",13:24 Sat,13:39 Sat,"MIDIW",13:39 Sat,"SD Trailer",19:47 Sat,"","MIDIW AM BAND 2 Weekly","44T MIDIW",5351,109,1,"","","MIDIW",0,0,0,0,0
1003,2,2,"MIDIW",07:00 Sat,13:39 Sat,"BURHDC3","BURNTWOOD 3","WS7 3JG",00:01 Sat,23:59 Sat,15:26 Sat,16:11 Sat,0:45,"D","HDC BURNTWOOD",0,0,0,0,26,1,"Store volume","SALT SINGLE","","","",17:57 Sat,12:48,5:48,440,0,0:00,94.81,0:00,2,5,5,2,13:24 Sat,17:57 Sat,19:47 Sat,"MIDIW","MIDIW",13:24 Sat,13:39 Sat,"MIDIW",13:39 Sat,"SD Trailer",19:47 Sat,"","MIDIW AM BAND 2 Weekly","44T MIDIW",5352,109,109,"","","MIDIW",0,0,0,0,0
1003,2,3,"MIDIW",07:00 Sat,13:39 Sat,"NORHDC","Northampton HDC","NN4 7JE",00:01 Sat,23:59 Sat,17:32 Sat,17:52 Sat,0:20,"C","HDC DEVIZES 2",0,0,0,0,1,1,"Store volume","SALT SINGLE","","","",17:57 Sat,12:48,5:48,440,0,0:00,94.81,0:00,2,6,6,3,13:24 Sat,17:57 Sat,19:47 Sat,"MIDIW","MIDIW",13:24 Sat,13:39 Sat,"MIDIW",13:39 Sat,"SD Trailer",19:47 Sat,"","MIDIW AM BAND 2 Weekly","44T MIDIW",5402,1,109,"","","MIDIW",0,0,0,0,0
1004,1,1,"MIDIW",08:00 Sat,08:45 Sat,"NORHDC","Northampton HDC","NN4 7JE",00:01 Sat,23:59 Sat,08:50 Sat,09:10 Sat,0:20,"C","HDC DEVIZES 2",0,0,0,0,1,1,"Store volume","SALT SINGLE","","","",13:04 Sat,6:54,2:54,220,0,0:00,51.11,0:00,1,1,1,1,08:00 Sat,13:04 Sat,14:54 Sat,"MIDIW","MIDIW",08:00 Sat,08:45 Sat,"MIDIW",08:45 Sat,"SD Trailer",14:54 Sat,"","MIDIW AM BAND 3 Weekly","44T MIDIW",5387,109,1,"","","MIDIW",0,0,0,0,0
1004,1,2,"MIDIW",08:00 Sat,08:45 Sat,"BURHDC2","BURNTWOOD 2","WS7 3JG",00:01 Sat,23:59 Sat,10:32 Sat,11:17 Sat,0:45,"D","SHUNTING THEN HDC BURNTWOOD",0,0,0,0,26,1,"Store volume","SALT SINGLE","","","",13:04 Sat,6:54,2:54,220,0,0:00,51.11,0:00,1,2,2,2,08:00 Sat,13:04 Sat,14:54 Sat,"MIDIW","MIDIW",08:00 Sat,08:45 Sat,"MIDIW",08:45 Sat,"SD Trailer",14:54 Sat,"","MIDIW AM BAND 3 Weekly","44T MIDIW",5354,109,109,"","","MIDIW",0,0,0,0,0
1004,1,3,"MIDIW",08:00 Sat,08:45 Sat,"NORHDC","Northampton HDC","NN4 7JE",00:01 Sat,23:59 Sat,12:39 Sat,12:59 Sat,0:20,"C","HDC DEVIZES 2",0,0,0,0,1,1,"Store volume","SALT SINGLE","","","",13:04 Sat,6:54,2:54,220,0,0:00,51.11,0:00,1,3,3,3,08:00 Sat,13:04 Sat,14:54 Sat,"MIDIW","MIDIW",08:00 Sat,08:45 Sat,"MIDIW",08:45 Sat,"SD Trailer",14:54 Sat,"","MIDIW AM BAND 3 Weekly","44T MIDIW",5408,1,109,"","","MIDIW",0,0,0,0,0
1005,1,1,"MIDIW",11:00 Sat,11:45 Sat,"NORHDC","Northampton HDC","NN4 7JE",00:01 Sat,23:59 Sat,11:50 Sat,12:10 Sat,0:20,"C","HDC DEVIZES 2",0,0,0,0,1,1,"Store volume","SALT SINGLE","","","",18:20 Sat,8:20,4:20,338,0,0:00,61.73,0:00,1,1,1,1,11:00 Sat,18:20 Sat,19:20 Sat,"MIDIW","MIDIW",11:00 Sat,11:45 Sat,"MIDIW",11:45 Sat,"SD Trailer",19:20 Sat,"","MIDIW AM BAND 4 Weekly","44T MIDIW",5386,164,1,"","","MIDIW",0,0,0,0,0
1005,1,2,"MIDIW",11:00 Sat,11:45 Sat,"CRAHDC1","CRAWLEY 1","RH11 0PQ",00:01 Sat,23:59 Sat,14:16 Sat,15:01 Sat,0:45,"D","",0,0,0,0,26,2,"Trunk volume","SALT SINGLE","","","",18:20 Sat,8:20,4:20,338,0,0:00,61.73,0:00,1,2,2,2,11:00 Sat,18:20 Sat,19:20 Sat,"MIDIW","MIDIW",11:00 Sat,11:45 Sat,"MIDIW",11:45 Sat,"SD Trailer",19:20 Sat,"","MIDIW AM BAND 4 Weekly","44T MIDIW",5383,171,164,"","","MIDIW",0,0,0,0,0
1005,1,3,"MIDIW",11:00 Sat,11:45 Sat,"NORHDC","Northampton HDC","NN4 7JE",00:01 Sat,23:59 Sat,17:55 Sat,18:15 Sat,0:20,"C","HDC DEVIZES 2",0,0,0,0,1,1,"Store volume","SALT SINGLE","","","",18:20 Sat,8:20,4:20,338,0,0:00,61.73,0:00,1,3,3,3,11:00 Sat,18:20 Sat,19:20 Sat,"MIDIW","MIDIW",11:00 Sat,11:45 Sat,"MIDIW",11:45 Sat,"SD Trailer",19:20 Sat,"","MIDIW AM BAND 4 Weekly","44T MIDIW",5407,1,171,"","","MIDIW",0,0,0,0,0
1006,1,1,"MIDIW",12:00 Sat,12:45 Sat,"NORHDC","Northampton HDC","NN4 7JE",00:01 Sat,23:59 Sat,12:50 Sat,13:10 Sat,0:20,"C","HDC DEVIZES 2",0,0,0,0,1,1,"Store volume","SALT SINGLE","","","",19:20 Sat,8:20,4:20,338,0,0:00,69.44,0:00,1,1,1,1,12:00 Sat,19:20 Sat,20:20 Sat,"MIDIW","MIDIW",12:00 Sat,12:45 Sat,"MIDIW",12:45 Sat,"SD Trailer",20:20 Sat,"","MIDIW PM BAND 1 Weekly","44T MIDIW",5385,164,1,"","","MIDIW",0,0,0,0,0
1006,1,2,"MIDIW",12:00 Sat,12:45 Sat,"CRAHDC2","CRAWLEY 2","RH11 0PQ",00:01 Sat,23:59 Sat,15:16 Sat,16:01 Sat,0:45,"D","",0,0,0,0,26,2,"Trunk volume","SALT SINGLE","","","",19:20 Sat,8:20,4:20,338,0,0:00,69.44,0:00,1,2,2,2,12:00 Sat,19:20 Sat,20:20 Sat,"MIDIW","MIDIW",12:00 Sat,12:45 Sat,"MIDIW",12:45 Sat,"SD Trailer",20:20 Sat,"","MIDIW PM BAND 1 Weekly","44T MIDIW",5384,171,164,"","","MIDIW",0,0,0,0,0
1006,1,3,"MIDIW",12:00 Sat,12:45 Sat,"NORHDC","Northampton HDC","NN4 7JE",00:01 Sat,23:59 Sat,18:55 Sat,19:15 Sat,0:20,"C","HDC DEVIZES 2",0,0,0,0,1,1,"Store volume","SALT SINGLE","","","",19:20 Sat,8:20,4:20,338,0,0:00,69.44,0:00,1,3,3,3,12:00 Sat,19:20 Sat,20:20 Sat,"MIDIW","MIDIW",12:00 Sat,12:45 Sat,"MIDIW",12:45 Sat,"SD Trailer",20:20 Sat,"","MIDIW PM BAND 1 Weekly","44T MIDIW",5406,1,171,"","","MIDIW",0,0,0,0,0
1008,1,1,"MIDIW",05:00 Sat,05:45 Sat,"NORHDC","Northampton HDC","NN4 7JE",00:01 Sat,23:59 Sat,05:50 Sat,06:10 Sat,0:20,"C","HDC DEVIZES 2",0,0,0,0,1,1,"Store volume","SALT SINGLE","","","",16:28 Sat,13:18,8:13,630,0,0:00,98.52,0:00,1,1,1,1,05:00 Sat,16:28 Sat,18:18 Sat,"MIDIW","MIDIW",05:00 Sat,05:45 Sat,"MIDIW",05:45 Sat,"SD Trailer",18:18 Sat,"","MIDIW AM BAND 1 Weekly","44T MIDIW",5512,314,1,"","","MIDIW",0,0,0,0,0
1008,1,2,"MIDIW",05:00 Sat,05:45 Sat,"EXEHDC2","EXETER 2","EX2 7JG",00:01 Sat,23:59 Sat,10:13 Sat,12:03 Sat,1:50,"D","",0,0,0,0,26,2,"Trunk volume","SALT SINGLE","","","",16:28 Sat,13:18,8:13,630,0,0:00,98.52,0:00,1,2,2,2,05:00 Sat,16:28 Sat,18:18 Sat,"MIDIW","MIDIW",05:00 Sat,05:45 Sat,"MIDIW",05:45 Sat,"SD Trailer",18:18 Sat,"","MIDIW AM BAND 1 Weekly","44T MIDIW",5510,314,314,"","","MIDIW",0,0,0,0,0
1008,1,3,"MIDIW",05:00 Sat,05:45 Sat,"NORHDC","Northampton HDC","NN4 7JE",00:01 Sat,23:59 Sat,16:03 Sat,16:23 Sat,0:20,"C","HDC DEVIZES 2",0,0,0,0,1,1,"Store volume","SALT SINGLE","","","",16:28 Sat,13:18,8:13,630,0,0:00,98.52,0:00,1,3,3,3,05:00 Sat,16:28 Sat,18:18 Sat,"MIDIW","MIDIW",05:00 Sat,05:45 Sat,"MIDIW",05:45 Sat,"SD Trailer",18:18 Sat,"","MIDIW AM BAND 1 Weekly","44T MIDIW",5513,1,314,"","","MIDIW",0,0,0,0,0
1009,1,1,"MIDIW",05:00 Sat,05:45 Sat,"NORHDC","Northampton HDC","NN4 7JE",00:01 Sat,23:59 Sat,05:50 Sat,06:10 Sat,0:20,"C","HDC DEVIZES 2",0,0,0,0,1,1,"Store volume","SALT SINGLE","","","",13:47 Sat,9:47,4:32,294,0,0:00,72.47,0:00,1,1,1,1,05:00 Sat,13:47 Sat,14:47 Sat,"MIDIW","MIDIW",05:00 Sat,05:45 Sat,"MIDIW",05:45 Sat,"SD Trailer",14:47 Sat,"","MIDIW AM BAND 1 Weekly","44T MIDIW",5514,149,1,"","","MIDIW",0,0,0,0,0
1009,1,2,"MIDIW",05:00 Sat,05:45 Sat,"DEVHDC3","DEVIZES 3","SN10 2HT",00:01 Sat,23:59 Sat,08:22 Sat,10:22 Sat,2:00,"D","",0,0,0,0,26,2,"Trunk volume","SALT SINGLE","","","",13:47 Sat,9:47,4:32,294,0,0:00,72.47,0:00,1,2,2,2,05:00 Sat,13:47 Sat,14:47 Sat,"MIDIW","MIDIW",05:00 Sat,05:45 Sat,"MIDIW",05:45 Sat,"SD Trailer",14:47 Sat,"","MIDIW AM BAND 1 Weekly","44T MIDIW",5511,143,149,"","","MIDIW",0,0,0,0,0
1009,1,3,"MIDIW",05:00 Sat,05:45 Sat,"NORHDC","Northampton HDC","NN4 7JE",00:01 Sat,23:59 Sat,13:22 Sat,13:42 Sat,0:20,"C","HDC DEVIZES 2",0,0,0,0,1,1,"Store volume","SALT SINGLE","","","",13:47 Sat,9:47,4:32,294,0,0:00,72.47,0:00,1,3,3,3,05:00 Sat,13:47 Sat,14:47 Sat,"MIDIW","MIDIW",05:00 Sat,05:45 Sat,"MIDIW",05:45 Sat,"SD Trailer",14:47 Sat,"","MIDIW AM BAND 1 Weekly","44T MIDIW",5515,1,143,"","","MIDIW",0,0,0,0,0
3002,1,1,"MIDIW",16:00 Sun,16:45 Sun,"CAROB","CAROB","CF10 4ED",00:01 Sun,23:59 Sun,20:10 Sun,20:10 Sun,0:00,"D","",0,0,0,0,40,1,"Store volume","SALT DOUBLE","","","",00:24 Mon,9:24,6:49,469,235,3:24,94.00,0:00,1,1,1,1,16:00 Sun,00:24 Mon,01:24 Mon,"MIDIW","MIDIW",16:00 Sun,16:45 Sun,"MIDIW",16:45 Sun,"DD Trailer",01:24 Mon,"","MIDIW PM BAND 3 Weekly","44T MIDIW",5410,235,234,"","","",0,0,0,0,0
3003,1,1,"DEVOB",18:00 Sun,18:30 Sun,"MIDIWTRUNK","MIDIWTRUNK","NN4 7JE",00:01 Sun,23:59 Sun,20:40 Sun,21:25 Sun,0:45,"C","",0,0,0,0,40,2,"Trunk volume","DEVOB DOUBLE","","","",00:27 Mon,6:57,4:22,292,143,2:10,69.50,0:00,1,1,1,1,18:00 Sun,00:27 Mon,00:57 Mon,"DEVOB","DEVOB",18:00 Sun,18:30 Sun,"DEVOB",18:30 Sun,"DD Trailer",00:57 Mon,"","DEVOB PM Weekly","44T DEVOB",5426,149,143,"","","",0,0,0,0,0
3004,1,1,"MIDIW",16:00 Sun,16:45 Sun,"WAKEIWTRUNK","WAKEIWTRUNK","WF10 5QS",00:01 Sun,23:59 Sun,19:18 Sun,20:03 Sun,0:45,"D","",0,0,0,0,40,1,"Store volume","SALT DOUBLE","","","",23:26 Sun,8:26,5:06,418,209,2:33,84.33,0:00,1,1,1,1,16:00 Sun,23:26 Sun,00:26 Mon,"MIDIW","MIDIW",16:00 Sun,16:45 Sun,"MIDIW",16:45 Sun,"DD Trailer",00:26 Mon,"","MIDIW PM BAND 3 Weekly","44T MIDIW",5412,209,209,"","","",0,0,0,0,0
3005,1,1,"MIDIW",16:00 Sun,16:45 Sun,"WAKEIWTRUNK","WAKEIWTRUNK","WF10 5QS",00:01 Sun,23:59 Sun,19:18 Sun,20:03 Sun,0:45,"D","",0,0,0,0,40,1,"Store volume","SALT DOUBLE","","","",23:26 Sun,8:26,5:06,418,209,2:33,84.33,0:00,1,1,1,1,16:00 Sun,23:26 Sun,00:26 Mon,"MIDIW","MIDIW",16:00 Sun,16:45 Sun,"MIDIW",16:45 Sun,"DD Trailer",00:26 Mon,"","MIDIW PM BAND 3 Weekly","44T MIDIW",5414,209,209,"","","",0,0,0,0,0
3006,1,1,"MIDIW",18:00 Sun,18:45 Sun,"WAKEIWTRUNK","WAKEIWTRUNK","WF10 5QS",00:01 Sun,23:59 Sun,21:18 Sun,22:03 Sun,0:45,"D","",0,0,0,0,40,1,"Store volume","SALT DOUBLE","","","",01:26 Mon,8:26,5:06,418,209,2:33,84.33,0:00,1,1,1,1,18:00 Sun,01:26 Mon,02:26 Mon,"MIDIW","MIDIW",18:00 Sun,18:45 Sun,"MIDIW",18:45 Sun,"DD Trailer",02:26 Mon,"","MIDIW PM BAND 4 Weekly","44T MIDIW",5415,209,209,"","","",0,0,0,0,0
4000,1,1,"WAKEIW",14:00 Sun,14:45 Sun,"MIDIWTRUNK","MIDIWTRUNK","NN4 7JE",00:01 Sun,23:59 Sun,17:16 Sun,18:01 Sun,0:45,"D","",0,0,0,0,40,1,"Store volume","WAKE DOUBLE","","","",22:33 Sun,9:33,5:43,470,31,0:29,95.50,0:00,1,1,1,1,14:00 Sun,22:33 Sun,23:33 Sun,"WAKEIW","WAKEIW",14:00 Sun,14:45 Sun,"WAKEIW",14:45 Sun,"DD Trailer",23:33 Sun,"","WAKEIW PM BAND 2 Weekly","44T WAKEIW",5416,230,209,"","","",0,0,0,0,0
4000,1,2,"WAKEIW",14:00 Sun,14:45 Sun,"WETCL","WETHERBY","LS22 5GT",00:01 Sun,23:59 Sun,21:34 Sun,22:04 Sun,0:30,"D","",0,0,0,0,40,1,"Store volume","WAKE DOUBLE","","","",22:33 Sun,9:33,5:43,470,31,0:29,95.50,0:00,1,2,2,2,14:00 Sun,22:33 Sun,23:33 Sun,"WAKEIW","WAKEIW",14:00 Sun,14:45 Sun,"WAKEIW",14:45 Sun,"DD Trailer",23:33 Sun,"","WAKEIW PM BAND 2 Weekly","44T WAKEIW",5417,31,230,"","","",0,0,0,0,0
4001,1,1,"WAKEIW",14:00 Sun,14:45 Sun,"MIDIWTRUNK","MIDIWTRUNK","NN4 7JE",00:01 Sun,23:59 Sun,17:16 Sun,18:01 Sun,0:45,"D","",0,0,0,0,40,1,"Store volume","WAKE DOUBLE","","","",21:23 Sun,8:23,5:03,418,209,2:32,83.83,0:00,1,1,1,1,14:00 Sun,21:23 Sun,22:23 Sun,"WAKEIW","WAKEIW",14:00 Sun,14:45 Sun,"WAKEIW",14:45 Sun,"DD Trailer",22:23 Sun,"","WAKEIW PM BAND 2 Weekly","44T WAKEIW",5418,209,209,"","","",0,0,0,0,0
4002,1,1,"WAKEIW",14:00 Sun,14:45 Sun,"MIDIWTRUNK","MIDIWTRUNK","NN4 7JE",00:01 Sun,23:59 Sun,17:16 Sun,18:01 Sun,0:45,"D","",0,0,0,0,40,1,"Store volume","WAKE DOUBLE","","","",21:23 Sun,8:23,5:03,418,209,2:32,83.83,0:00,1,1,1,1,14:00 Sun,21:23 Sun,22:23 Sun,"WAKEIW","WAKEIW",14:00 Sun,14:45 Sun,"WAKEIW",14:45 Sun,"DD Trailer",22:23 Sun,"","WAKEIW PM BAND 2 Weekly","44T WAKEIW",5419,209,209,"","","",0,0,0,0,0
4003,1,1,"WAKEIW",15:00 Sun,15:45 Sun,"MIDIWTRUNK","MIDIWTRUNK","NN4 7JE",00:01 Sun,23:59 Sun,18:16 Sun,19:01 Sun,0:45,"D","",0,0,0,0,40,1,"Store volume","WAKE DOUBLE","","","",22:23 Sun,8:23,5:03,418,209,2:32,83.83,0:00,1,1,1,1,15:00 Sun,22:23 Sun,23:23 Sun,"WAKEIW","WAKEIW",15:00 Sun,15:45 Sun,"WAKEIW",15:45 Sun,"DD Trailer",23:23 Sun,"","WAKEIW PM BAND 2 Weekly","44T WAKEIW",5420,209,209,"","","",0,0,0,0,0
4004,1,1,"WAKEIW",16:00 Sun,16:45 Sun,"MIDIWTRUNK","MIDIWTRUNK","NN4 7JE",00:01 Sun,23:59 Sun,19:16 Sun,20:01 Sun,0:45,"D","",0,0,0,0,40,1,"Store volume","WAKE DOUBLE","","","",23:23 Sun,8:23,5:03,418,209,2:32,83.83,0:00,1,1,1,1,16:00 Sun,23:23 Sun,00:23 Mon,"WAKEIW","WAKEIW",16:00 Sun,16:45 Sun,"WAKEIW",16:45 Sun,"DD Trailer",00:23 Mon,"","WAKEIW PM BAND 3 Weekly","44T WAKEIW",5421,209,209,"","","",0,0,0,0,0
4005,1,1,"WAKEIW",16:30 Sun,17:15 Sun,"MIDIWTRUNK","MIDIWTRUNK","NN4 7JE",00:01 Sun,23:59 Sun,19:46 Sun,20:31 Sun,0:45,"C","",0,0,0,0,24,1,"Store volume","WAKE DOUBLE","","","",23:53 Sun,8:23,5:03,418,209,2:31,83.83,0:00,1,1,1,1,16:30 Sun,23:53 Sun,00:53 Mon,"WAKEIW","WAKEIW",16:30 Sun,17:15 Sun,"WAKEIW",17:15 Sun,"DD Trailer",00:53 Mon,"","WAKEIW PM BAND 3 Weekly","44T WAKEIW",5424,209,209,"","","",0,0,0,0,0
5000,1,1,"MIDIW",06:00 Sat,06:00 Sat,"SHUNTSAL","SHUNTSAL","NN4 7EX",00:01 Sat,23:59 Sat,06:05 Sat,13:55 Sat,7:50,"D","SHUNTER",0,0,0,0,1,1,"Store volume","","","","",14:00 Sat,8:00,0:10,2,1,0:05,100.00,0:00,1,1,1,1,06:00 Sat,14:00 Sat,14:00 Sat,"MIDIW","MIDIW",06:00 Sat,06:00 Sat,"MIDIW",06:00 Sat,"",14:00 Sat,"","SHUNTERAM Weekly","",5425,1,1,"","","",0,0,0,0,0
5001,1,1,"MIDIW",14:00 Sun,14:00 Sun,"SHUNTSAL","SHUNTSAL","NN4 7EX",00:01 Sun,23:59 Sun,14:05 Sun,21:55 Sun,7:50,"D","SHUNTER",0,0,0,0,1,1,"Store volume","","","","",22:00 Sun,8:00,0:10,2,1,0:05,100.00,0:00,1,1,1,1,14:00 Sun,22:00 Sun,22:00 Sun,"MIDIW","MIDIW",14:00 Sun,14:00 Sun,"MIDIW",14:00 Sun,"",22:00 Sun,"","SHUNTERPM Weekly","",5508,1,1,"","","",0,0,0,0,0
5002,1,1,"MIDIW",22:00 Sun,22:00 Sun,"SHUNTSAL","SHUNTSAL","NN4 7EX",00:01 Sun,23:59 Sun,22:05 Sun,05:55 Mon,7:50,"D","SHUNTER",0,0,0,0,1,1,"Store volume","","","","",06:00 Mon,8:00,0:10,2,1,0:05,100.00,0:00,1,1,1,1,22:00 Sun,06:00 Mon,06:00 Mon,"MIDIW","MIDIW",22:00 Sun,22:00 Sun,"MIDIW",22:00 Sun,"",06:00 Mon,"","SHUNTERNIGHT Weekly","",5509,1,1,"","","",0,0,0,0,0
5003,1,1,"MIDIW",06:00 Sat,06:45 Sat,"NORHDCSHUNT","HDC SHUNTING","NN4 7JE",00:01 Sat,23:59 Sat,06:50 Sat,13:55 Sat,7:05,"C","SHUNTING THEN HDC BURNTWOOD",0,0,0,0,1,1,"Store volume","SALT SINGLE","","","",14:00 Sat,9:00,0:10,2,1,0:05,66.67,0:00,1,1,1,1,06:00 Sat,14:00 Sat,15:00 Sat,"MIDIW","MIDIW",06:00 Sat,06:45 Sat,"MIDIW",06:45 Sat,"SD Trailer",15:00 Sat,"","MIDIW AM BAND 2 Weekly","44T MIDIW",5353,1,1,"","","",0,0,0,0,0
6000,1,1,"BELOB",18:00 Sun,18:30 Sun,"WETCL","WETHERBY","LS22 5GT",00:01 Sun,23:59 Sun,22:17 Sun,23:17 Sun,1:00,"C","",0,0,0,0,40,2,"Trunk volume","BELLS DOUBLE","","","",03:56 Mon,10:26,7:36,621,310,3:47,104.33,0:00,1,1,1,1,18:00 Sun,03:56 Mon,04:26 Mon,"BELOB","BELOB",18:00 Sun,18:30 Sun,"BELOB",18:30 Sun,"DD Trailer",04:26 Mon,"","BELOB PM Weekly","44T BELOB",5507,311,310,"","","",0,0,0,0,0
