CALL.ROUTENO,CALL.TRIPNO,CALL.TRIPPOS,CALL.DEPOTID,CALL.DSHIFTSTARTTIME,CALL.DEPOTDEPART,CALL.ID,CALL.NAME,CALL.POSTCODE,CALL.TWSTART,CALL.TWEND,CALL.ARRIVALTIME,CALL.DEPARTTIME,CALL.DURATION,CALL.TYPE,CALL.ORDDETS1,CALL.MEASURE1,CALL.MEASURE2,CALL.MEASURE3,CALL.MEASURE4,CALL.MEASURE5,CALL.PRODUCT,CALL.PRODUCTNAME,CALL.TRAILGRPNAME,CALL.ORDDETS2,CALL.ORDDETS3,CALL.ORDDETS4,CALL.TRPENDDEPOTARR,CALL.DSHIFTTOTDUTY,CALL.DSHIFTTOTDRIVE,CALL.DSHIFTTOTDIST,CALL.DSHIFTEMPTYDIST,CALL.DSHIFTEMPTYTIME,CALL.DSHIFTTIMEUTIL,CALL.DSHIFTTOTWAIT,CALL.DSHIFTTOTTRIPS,CALL.RDROPNUM,CALL.ROUTEPOS,CALL.TDROPNUM,CALL.TRIPSTART,CALL.TRPDSTDEPOTARR,CALL.TRPDSTDEPOTDEP,CALL.TRPENDDEPOT,CALL.TRPSRCDEPOT,CALL.TRPSRCDEPOTARR,CALL.TRPSRCDEPOTDEP,CALL.TRPSTARTDEPOT,CALL.TRPSTARTDEPOTDEP,CALL.TRAILTYPENAME,CALL.DSHIFTENDTIME,CALL.PAIR,CALL.DRIVGRPNAME,CALL.TRCTGRPNAME,CALL.DROPID,CALL.TRVDISNXT,CALL.TRVDISPRV,CALL.CUSTTDATA01,CALL.CUSTTDATA02,CALL.CUSTTDATA03,CALL.NDATA01,CALL.NDATA02,CALL.NDATA03,CALL.NDATA04,CALL.NDATA05
1,1,1,"MIDIW",14:00 Sun,14:45 Sun,"322","Edmonton","N18 3HA",16:00 Sun,18:00 Sun,16:18 Sun,17:38 Sun,1:20,"D","",0,0,0,0,25,1,"Store volume","SALT DOUBLE","","","",19:11 Sun,7:01,3:06,221,110,1:33,70.17,0:00,1,1,1,1,14:00 Sun,19:11 Sun,21:01 Sun,"MIDIW","MIDIW",14:00 Sun,14:45 Sun,"MIDIW",14:45 Sun,"DD Trailer",21:01 Sun,"","MIDIW PM BAND 2 Weekly","44T MIDIW",5409,110,110,"","","MIDIW",0,0,0,0,0
2,1,1,"MIDIW",05:09 Sat,05:54 Sat,"61","Lincoln","LN2 4HU",08:00 Sat,10:00 Sat,08:00 Sat,10:02 Sat,2:02,"D","",20563,39,7,8,46,1,"Store volume","SALT DOUBLE","","","",12:59 Sat,8:50,4:13,314,155,2:07,65.43,0:00,1,1,1,1,05:09 Sat,12:59 Sat,13:59 Sat,"MIDIW","MIDIW",05:09 Sat,05:54 Sat,"MIDIW",05:54 Sat,"DD Trailer",13:59 Sat,"","MIDIW AM BAND 1 Weekly","44T MIDIW",5516,155,158,"01522 539539","","MIDIW",0,0,0,0,0
3,1,1,"CAROB",07:19 Sat,07:49 Sat,"271","Bridgend","CF31 3XX",08:30 Sat,10:30 Sat,08:30 Sat,09:34 Sat,1:04,"D","",5768,13,4,2,17,1,"Store volume","CAROB DOUBLE","","","",13:45 Sat,6:56,2:33,154,0,0:00,51.36,0:00,1,1,1,1,07:19 Sat,13:45 Sat,14:15 Sat,"CAROB","CAROB",07:19 Sat,07:49 Sat,"CAROB",07:49 Sat,"DD Trailer",14:15 Sat,"","CAROB AM Weekly","44T CAROB",5536,0,38,"01656 662697","","CAROB",1911,0,17,0,11439
3,1,2,"CAROB",07:19 Sat,07:49 Sat,"271","Bridgend","CF31 3XX",08:30 Sat,10:30 Sat,09:34 Sat,09:36 Sat,0:02,"C","",0,5,0,0,0,4,"Salvage","CAROB DOUBLE","","","",13:45 Sat,6:56,2:33,154,0,0:00,51.36,0:00,1,1,2,1,07:19 Sat,13:45 Sat,14:15 Sat,"CAROB","CAROB",07:19 Sat,07:49 Sat,"CAROB",07:49 Sat,"DD Trailer",14:15 Sat,"","CAROB AM Weekly","44T CAROB",5593,39,0,"01656 662697","","CAROB",0,0,0,0,0
3,1,3,"CAROB",07:19 Sat,07:49 Sat,"323","Swansea","SA5 8LJ",10:00 Sat,12:00 Sat,10:13 Sat,11:39 Sat,1:26,"D","",14350,22,6,4,28,1,"Store volume","CAROB DOUBLE","","","",13:45 Sat,6:56,2:33,154,0,0:00,51.36,0:00,1,2,3,2,07:19 Sat,13:45 Sat,14:15 Sat,"CAROB","CAROB",07:19 Sat,07:49 Sat,"CAROB",07:49 Sat,"DD Trailer",14:15 Sat,"","CAROB AM Weekly","44T CAROB",5547,0,39,"","","CAROB",2664,0,28,0,25002
3,1,4,"CAROB",07:19 Sat,07:49 Sat,"323","Swansea","SA5 8LJ",10:00 Sat,12:00 Sat,11:39 Sat,11:40 Sat,0:01,"C","",0,5,0,0,0,4,"Salvage","CAROB DOUBLE","","","",13:45 Sat,6:56,2:33,154,0,0:00,51.36,0:00,1,2,4,2,07:19 Sat,13:45 Sat,14:15 Sat,"CAROB","CAROB",07:19 Sat,07:49 Sat,"CAROB",07:49 Sat,"DD Trailer",14:15 Sat,"","CAROB AM Weekly","44T CAROB",5604,77,0,"","","CAROB",0,0,0,0,0
4,1,1,"MIDIW",04:05 Sat,04:50 Sat,"290","Newport","NP20 5GN",07:30 Sat,09:30 Sat,07:44 Sat,08:52 Sat,1:08,"D","",8084,20,4,4,24,1,"Store volume","SALT DOUBLE","","","",13:49 Sat,10:44,5:50,422,0,0:00,79.51,0:00,1,1,1,1,04:05 Sat,13:49 Sat,14:49 Sat,"MIDIW","MIDIW",04:05 Sat,04:50 Sat,"MIDIW",04:50 Sat,"DD Trailer",14:49 Sat,"","MIDIW AM BAND 1 Weekly","44T MIDIW",5539,0,213,"01977 602902","","",2879,0,24,0,16659
4,1,2,"MIDIW",04:05 Sat,04:50 Sat,"290","Newport","NP20 5GN",07:30 Sat,09:30 Sat,08:52 Sat,08:54 Sat,0:02,"C","",0,5,0,0,0,4,"Salvage","SALT DOUBLE","","","",13:49 Sat,10:44,5:50,422,0,0:00,79.51,0:00,1,1,2,1,04:05 Sat,13:49 Sat,14:49 Sat,"MIDIW","MIDIW",04:05 Sat,04:50 Sat,"MIDIW",04:50 Sat,"DD Trailer",14:49 Sat,"","MIDIW AM BAND 1 Weekly","44T MIDIW",5596,96,0,"01977 602902","","",0,0,0,0,0
4,1,3,"MIDIW",04:05 Sat,04:50 Sat,"342","Swindon","SN2 8DH",09:00 Sat,11:00 Sat,10:59 Sat,12:07 Sat,1:08,"D","",6363,17,2,3,19,1,"Store volume","SALT DOUBLE","","","",13:49 Sat,10:44,5:50,422,0,0:00,79.51,0:00,1,2,3,2,04:05 Sat,13:49 Sat,14:49 Sat,"MIDIW","MIDIW",04:05 Sat,04:50 Sat,"MIDIW",04:50 Sat,"DD Trailer",14:49 Sat,"","MIDIW AM BAND 1 Weekly","44T MIDIW",5552,0,96,"01793 610701","","MIDIW",2268,0,19,0,12003
4,1,4,"MIDIW",04:05 Sat,04:50 Sat,"342","Swindon","SN2 8DH",09:00 Sat,11:00 Sat,12:07 Sat,12:09 Sat,0:02,"C","",0,5,0,0,0,4,"Salvage","SALT DOUBLE","","","",13:49 Sat,10:44,5:50,422,0,0:00,79.51,0:00,1,2,4,2,04:05 Sat,13:49 Sat,14:49 Sat,"MIDIW","MIDIW",04:05 Sat,04:50 Sat,"MIDIW",04:50 Sat,"DD Trailer",14:49 Sat,"","MIDIW AM BAND 1 Weekly","44T MIDIW",5610,113,0,"01793 610701","","MIDIW",0,0,0,0,0
5,1,1,"DEVOB",05:06 Sat,05:36 Sat,"246","Bournemouth","BH11 8LL",07:15 Sat,09:15 Sat,07:15 Sat,08:07 Sat,0:52,"D","",3987,10,3,3,13,1,"Store volume","DEVOB DOUBLE","","","",13:44 Sat,9:08,5:25,342,0,0:00,67.65,0:00,1,1,1,1,05:06 Sat,13:44 Sat,14:14 Sat,"DEVOB","DEVOB",05:06 Sat,05:36 Sat,"DEVOB",05:36 Sat,"DD Trailer",14:14 Sat,"","DEVOB AM Weekly","44T DEVOB",5532,0,86,"0191 263 5878","","MIDIW",2183,0,13,0,7780
5,1,2,"DEVOB",05:06 Sat,05:36 Sat,"246","Bournemouth","BH11 8LL",07:15 Sat,09:15 Sat,08:07 Sat,08:09 Sat,0:02,"C","",0,5,0,0,0,4,"Salvage","DEVOB DOUBLE","","","",13:44 Sat,9:08,5:25,342,0,0:00,67.65,0:00,1,1,2,1,05:06 Sat,13:44 Sat,14:14 Sat,"DEVOB","DEVOB",05:06 Sat,05:36 Sat,"DEVOB",05:36 Sat,"DD Trailer",14:14 Sat,"","DEVOB AM Weekly","44T DEVOB",5588,117,0,"0191 263 5878","","MIDIW",0,0,0,0,0
5,1,3,"DEVOB",05:06 Sat,05:36 Sat,"48","Taunton (New)","TA1 1QS",08:00 Sat,10:00 Sat,09:59 Sat,11:49 Sat,1:50,"D","",3121,13,2,3,15,1,"Store volume","DEVOB DOUBLE","","","",13:44 Sat,9:08,5:25,342,0,0:00,67.65,0:00,1,2,3,2,05:06 Sat,13:44 Sat,14:14 Sat,"DEVOB","DEVOB",05:06 Sat,05:36 Sat,"DEVOB",05:36 Sat,"DD Trailer",14:14 Sat,"","DEVOB AM Weekly","44T DEVOB",5517,139,117,"","","MIDIW",1447,0,15,0,6340
6,1,1,"MIDIW",04:50 Sat,05:35 Sat,"227","Waterlooville","PO7 7HR",08:00 Sat,10:00 Sat,08:00 Sat,09:34 Sat,1:34,"D","",27865,15,17,2,32,1,"Store volume","SALT DOUBLE","","","",12:49 Sat,8:59,4:50,399,199,2:25,66.54,0:00,1,1,1,1,04:50 Sat,12:49 Sat,13:49 Sat,"MIDIW","MIDIW",04:50 Sat,05:35 Sat,"MIDIW",05:35 Sat,"DD Trailer",13:49 Sat,"","MIDIW AM BAND 1 Weekly","44T MIDIW",5525,199,199,"01205 310186","","MIDIW",2835,0,32,0,27733
7,1,1,"MIDIW",04:46 Sat,05:31 Sat,"328","Southampton","SO16 6TP",08:00 Sat,10:00 Sat,08:00 Sat,09:20 Sat,1:20,"D","",8681,22,4,3,26,1,"Store volume","SALT DOUBLE","","","",13:44 Sat,9:58,5:31,439,0,0:00,73.83,0:00,1,1,1,1,04:46 Sat,13:44 Sat,14:44 Sat,"MIDIW","MIDIW",04:46 Sat,05:31 Sat,"MIDIW",05:31 Sat,"DD Trailer",14:44 Sat,"","MIDIW AM BAND 1 Weekly","44T MIDIW",5549,0,203,"01253 791146","","MIDIW",2748,0,26,0,18761
7,1,2,"MIDIW",04:46 Sat,05:31 Sat,"328","Southampton","SO16 6TP",08:00 Sat,10:00 Sat,09:20 Sat,09:22 Sat,0:02,"C","",0,5,0,0,0,4,"Salvage","SALT DOUBLE","","","",13:44 Sat,9:58,5:31,439,0,0:00,73.83,0:00,1,1,2,1,04:46 Sat,13:44 Sat,14:44 Sat,"MIDIW","MIDIW",04:46 Sat,05:31 Sat,"MIDIW",05:31 Sat,"DD Trailer",14:44 Sat,"","MIDIW AM BAND 1 Weekly","44T MIDIW",5606,37,0,"01253 791146","","MIDIW",0,0,0,0,0
7,1,3,"MIDIW",04:46 Sat,05:31 Sat,"227","Waterlooville","PO7 7HR",08:00 Sat,10:00 Sat,09:59 Sat,11:19 Sat,1:20,"D","",2865,0,0,0,0,1,"Store volume","SALT DOUBLE","","","",13:44 Sat,9:58,5:31,439,0,0:00,73.83,0:00,1,2,3,2,04:46 Sat,13:44 Sat,14:44 Sat,"MIDIW","MIDIW",04:46 Sat,05:31 Sat,"MIDIW",05:31 Sat,"DD Trailer",14:44 Sat,"","MIDIW AM BAND 1 Weekly","44T MIDIW",5633,199,37,"01205 310186","","MIDIW",2835,0,32,0,27733
8,1,1,"MIDIW",04:10 Sat,04:55 Sat,"230","Brighton","BN3 1SF",07:30 Sat,09:30 Sat,07:30 Sat,08:52 Sat,1:22,"D","",12183,18,8,3,26,1,"Store volume","SALT DOUBLE","","","",14:21 Sat,11:11,6:01,450,0,0:00,82.84,0:00,1,1,1,1,04:10 Sat,14:21 Sat,15:21 Sat,"MIDIW","MIDIW",04:10 Sat,04:55 Sat,"MIDIW",04:55 Sat,"DD Trailer",15:21 Sat,"","MIDIW AM BAND 1 Weekly","44T MIDIW",5526,0,208,"020 8665 6755","","MIDIW",3827,0,26,0,19256
8,1,2,"MIDIW",04:10 Sat,04:55 Sat,"230","Brighton","BN3 1SF",07:30 Sat,09:30 Sat,08:52 Sat,08:54 Sat,0:02,"C","",0,5,0,0,0,4,"Salvage","SALT DOUBLE","","","",14:21 Sat,11:11,6:01,450,0,0:00,82.84,0:00,1,1,2,1,04:10 Sat,14:21 Sat,15:21 Sat,"MIDIW","MIDIW",04:10 Sat,04:55 Sat,"MIDIW",04:55 Sat,"DD Trailer",15:21 Sat,"","MIDIW AM BAND 1 Weekly","44T MIDIW",5582,33,0,"020 8665 6755","","MIDIW",0,0,0,0,0
8,1,3,"MIDIW",04:10 Sat,04:55 Sat,"444","Littlehampton","BN17 5RA",08:00 Sat,10:00 Sat,09:35 Sat,11:37 Sat,2:02,"D","",7300,16,5,4,21,1,"Store volume","SALT DOUBLE","","","",14:21 Sat,11:11,6:01,450,0,0:00,82.84,0:00,1,2,3,2,04:10 Sat,14:21 Sat,15:21 Sat,"MIDIW","MIDIW",04:10 Sat,04:55 Sat,"MIDIW",04:55 Sat,"DD Trailer",15:21 Sat,"","MIDIW AM BAND 1 Weekly","44T MIDIW",5567,209,33,"","","MIDIW",2838,0,21,0,17262
9,1,1,"MIDIW",08:23 Sat,09:08 Sat,"314","Maidstone","ME16 0SN",09:30 Sat,11:30 Sat,11:25 Sat,12:47 Sat,1:22,"D","",9584,21,5,3,26,1,"Store volume","SALT DOUBLE","","","",17:17 Sat,9:55,4:51,363,0,0:00,73.46,0:00,1,1,1,1,08:23 Sat,17:17 Sat,18:17 Sat,"MIDIW","MIDIW",08:23 Sat,09:08 Sat,"MIDIW",09:08 Sat,"DD Trailer",18:17 Sat,"","MIDIW AM BAND 3 Weekly","44T MIDIW",5544,0,182,"0161 763 9960","","MIDIW",2674,0,26,0,15410
9,1,2,"MIDIW",08:23 Sat,09:08 Sat,"314","Maidstone","ME16 0SN",09:30 Sat,11:30 Sat,12:47 Sat,12:49 Sat,0:02,"C","",0,5,0,0,0,4,"Salvage","SALT DOUBLE","","","",17:17 Sat,9:55,4:51,363,0,0:00,73.46,0:00,1,1,2,1,08:23 Sat,17:17 Sat,18:17 Sat,"MIDIW","MIDIW",08:23 Sat,09:08 Sat,"MIDIW",09:08 Sat,"DD Trailer",18:17 Sat,"","MIDIW AM BAND 3 Weekly","44T MIDIW",5601,13,0,"0161 763 9960","","MIDIW",0,0,0,0,0
9,1,3,"MIDIW",08:23 Sat,09:08 Sat,"233","Chatham","ME4 6AA",14:00 Sat,16:00 Sat,14:00 Sat,15:04 Sat,1:04,"D","",5844,14,3,3,17,1,"Store volume","SALT DOUBLE","","","",17:17 Sat,9:55,4:51,363,0,0:00,73.46,0:00,1,2,3,2,08:23 Sat,17:17 Sat,18:17 Sat,"MIDIW","MIDIW",08:23 Sat,09:08 Sat,"MIDIW",09:08 Sat,"DD Trailer",18:17 Sat,"","MIDIW AM BAND 3 Weekly","44T MIDIW",5529,0,13,"01634 406060","","MIDIW",2064,0,17,0,8714
9,1,4,"MIDIW",08:23 Sat,09:08 Sat,"233","Chatham","ME4 6AA",14:00 Sat,16:00 Sat,15:04 Sat,15:06 Sat,0:02,"C","",0,5,0,0,0,4,"Salvage","SALT DOUBLE","","","",17:17 Sat,9:55,4:51,363,0,0:00,73.46,0:00,1,2,4,2,08:23 Sat,17:17 Sat,18:17 Sat,"MIDIW","MIDIW",08:23 Sat,09:08 Sat,"MIDIW",09:08 Sat,"DD Trailer",18:17 Sat,"","MIDIW AM BAND 3 Weekly","44T MIDIW",5585,168,0,"01634 406060","","MIDIW",0,0,0,0,0
10,1,1,"WAKEIW",05:59 Sat,06:44 Sat,"236","Clifton","M27 8FU",07:00 Sat,09:00 Sat,07:42 Sat,08:38 Sat,0:56,"D","",5569,11,2,2,13,1,"Store volume","WAKE DOUBLE","","","",14:54 Sat,9:55,4:01,310,0,0:00,73.46,1:14,1,1,1,1,05:59 Sat,14:54 Sat,15:54 Sat,"WAKEIW","WAKEIW",05:59 Sat,06:44 Sat,"WAKEIW",06:44 Sat,"DD Trailer",15:54 Sat,"","WAKEIW AM BAND 1 Weekly","44T WAKEIW",5530,0,76,"020 8813 7441","","WAKEIW",2235,0,13,0,12454
10,1,2,"WAKEIW",05:59 Sat,06:44 Sat,"236","Clifton","M27 8FU",07:00 Sat,09:00 Sat,08:38 Sat,08:40 Sat,0:02,"C","",0,5,0,0,0,4,"Salvage","WAKE DOUBLE","","","",14:54 Sat,9:55,4:01,310,0,0:00,73.46,1:14,1,1,2,1,05:59 Sat,14:54 Sat,15:54 Sat,"WAKEIW","WAKEIW",05:59 Sat,06:44 Sat,"WAKEIW",06:44 Sat,"DD Trailer",15:54 Sat,"","WAKEIW AM BAND 1 Weekly","44T WAKEIW",5586,80,0,"020 8813 7441","","WAKEIW",0,0,0,0,0
10,1,3,"WAKEIW",05:59 Sat,06:44 Sat,"298","Birkenhead","CH41 9DF",11:00 Sat,13:00 Sat,11:00 Sat,12:56 Sat,1:56,"D","",5846,15,3,3,18,1,"Store volume","WAKE DOUBLE","","","",14:54 Sat,9:55,4:01,310,0,0:00,73.46,1:14,1,2,3,2,05:59 Sat,14:54 Sat,15:54 Sat,"WAKEIW","WAKEIW",05:59 Sat,06:44 Sat,"WAKEIW",06:44 Sat,"DD Trailer",15:54 Sat,"","WAKEIW AM BAND 1 Weekly","44T WAKEIW",5541,0,80,"01516 470922","","WAKEIW",2440,0,18,0,13361
10,1,4,"WAKEIW",05:59 Sat,06:44 Sat,"298","Birkenhead","CH41 9DF",00:01 Sat,23:59 Sat,12:56 Sat,12:58 Sat,0:02,"C","",0,5,0,0,0,4,"Salvage","WAKE DOUBLE","","","",14:54 Sat,9:55,4:01,310,0,0:00,73.46,1:14,1,2,4,2,05:59 Sat,14:54 Sat,15:54 Sat,"WAKEIW","WAKEIW",05:59 Sat,06:44 Sat,"WAKEIW",06:44 Sat,"DD Trailer",15:54 Sat,"","WAKEIW AM BAND 1 Weekly","44T WAKEIW",5598,154,0,"01516 470922","","WAKEIW",0,0,0,0,0
11,1,1,"WAKEIW",05:54 Sat,06:39 Sat,"251","Lancaster","LA3 3FE",07:30 Sat,09:30 Sat,08:42 Sat,09:42 Sat,1:00,"D","",6644,13,2,2,15,1,"Store volume","WAKE DOUBLE","","","",13:55 Sat,9:01,4:19,331,0,0:00,66.79,0:00,1,1,1,1,05:54 Sat,13:55 Sat,14:55 Sat,"WAKEIW","WAKEIW",05:54 Sat,06:39 Sat,"WAKEIW",06:39 Sat,"DD Trailer",14:55 Sat,"","WAKEIW AM BAND 1 Weekly","44T WAKEIW",5534,0,160,"01634 406 060","","WAKEIW",2190,0,15,0,12097
11,1,2,"WAKEIW",05:54 Sat,06:39 Sat,"251","Lancaster","LA3 3FE",07:30 Sat,09:30 Sat,09:42 Sat,09:44 Sat,0:02,"C","",0,5,0,0,0,4,"Salvage","WAKE DOUBLE","","","",13:55 Sat,9:01,4:19,331,0,0:00,66.79,0:00,1,1,2,1,05:54 Sat,13:55 Sat,14:55 Sat,"WAKEIW","WAKEIW",05:54 Sat,06:39 Sat,"WAKEIW",06:39 Sat,"DD Trailer",14:55 Sat,"","WAKEIW AM BAND 1 Weekly","44T WAKEIW",5590,96,0,"01634 406 060","","WAKEIW",0,0,0,0,0
11,1,3,"WAKEIW",05:54 Sat,06:39 Sat,"284","Bury","BL9 5AQ",11:00 Sat,13:00 Sat,11:00 Sat,12:54 Sat,1:54,"D","",5037,15,2,4,17,1,"Store volume","WAKE DOUBLE","","","",13:55 Sat,9:01,4:19,331,0,0:00,66.79,0:00,1,2,3,2,05:54 Sat,13:55 Sat,14:55 Sat,"WAKEIW","WAKEIW",05:54 Sat,06:39 Sat,"WAKEIW",06:39 Sat,"DD Trailer",14:55 Sat,"","WAKEIW AM BAND 1 Weekly","44T WAKEIW",5537,0,96,"01617 639960","","WAKEIW",1823,0,17,0,12228
11,1,4,"WAKEIW",05:54 Sat,06:39 Sat,"284","Bury","BL9 5AQ",11:00 Sat,13:00 Sat,12:54 Sat,12:56 Sat,0:02,"C","",0,5,0,0,0,4,"Salvage","WAKE DOUBLE","","","",13:55 Sat,9:01,4:19,331,0,0:00,66.79,0:00,1,2,4,2,05:54 Sat,13:55 Sat,14:55 Sat,"WAKEIW","WAKEIW",05:54 Sat,06:39 Sat,"WAKEIW",06:39 Sat,"DD Trailer",14:55 Sat,"","WAKEIW AM BAND 1 Weekly","44T WAKEIW",5594,76,0,"01617 639960","","WAKEIW",0,0,0,0,0
12,1,1,"MIDIW",04:43 Sat,05:28 Sat,"415","Macclesfield","",07:00 Sat,09:00 Sat,08:02 Sat,09:22 Sat,1:20,"D","",12074,19,6,4,25,1,"Store volume","SALT DOUBLE","","","",14:14 Sat,10:31,5:15,387,0,0:00,77.90,0:00,1,1,1,1,04:43 Sat,14:14 Sat,15:14 Sat,"MIDIW","MIDIW",04:43 Sat,05:28 Sat,"MIDIW",05:28 Sat,"DD Trailer",15:14 Sat,"","MIDIW AM BAND 1 Weekly","44T MIDIW",5561,0,193,"","","MIDIW",2370,0,25,0,23057
12,1,2,"MIDIW",04:43 Sat,05:28 Sat,"415","Macclesfield","",07:00 Sat,09:00 Sat,09:22 Sat,09:24 Sat,0:02,"C","",0,5,0,0,0,4,"Salvage","SALT DOUBLE","","","",14:14 Sat,10:31,5:15,387,0,0:00,77.90,0:00,1,1,2,1,04:43 Sat,14:14 Sat,15:14 Sat,"MIDIW","MIDIW",04:43 Sat,05:28 Sat,"MIDIW",05:28 Sat,"DD Trailer",15:14 Sat,"","MIDIW AM BAND 1 Weekly","44T MIDIW",5619,28,0,"","","MIDIW",0,0,0,0,0
12,1,3,"MIDIW",04:43 Sat,05:28 Sat,"455","Tunstall","ST6 5NZ",10:00 Sat,12:00 Sat,10:00 Sat,12:08 Sat,2:08,"D","",10288,18,6,5,24,1,"Store volume","SALT DOUBLE","","","",14:14 Sat,10:31,5:15,387,0,0:00,77.90,0:00,1,2,3,2,04:43 Sat,14:14 Sat,15:14 Sat,"MIDIW","MIDIW",04:43 Sat,05:28 Sat,"MIDIW",05:28 Sat,"DD Trailer",15:14 Sat,"","MIDIW AM BAND 1 Weekly","44T MIDIW",5569,0,28,"","","MIDIW",2656,0,24,0,19469
12,1,4,"MIDIW",04:43 Sat,05:28 Sat,"455","Tunstall","ST6 5NZ",10:00 Sat,12:00 Sat,12:08 Sat,12:10 Sat,0:02,"C","",0,5,0,0,0,4,"Salvage","SALT DOUBLE","","","",14:14 Sat,10:31,5:15,387,0,0:00,77.90,0:00,1,2,4,2,04:43 Sat,14:14 Sat,15:14 Sat,"MIDIW","MIDIW",04:43 Sat,05:28 Sat,"MIDIW",05:28 Sat,"DD Trailer",15:14 Sat,"","MIDIW AM BAND 1 Weekly","44T MIDIW",5627,167,0,"","","MIDIW",0,0,0,0,0
13,1,1,"WAKEIW",07:23 Sat,08:08 Sat,"412","Sheffield North","S3 8DQ",09:00 Sat,11:00 Sat,09:00 Sat,10:30 Sat,1:30,"D","",12329,24,6,6,30,1,"Store volume","WAKE DOUBLE","","","",12:33 Sat,7:00,1:56,104,0,0:00,51.85,0:00,1,1,1,1,07:23 Sat,12:33 Sat,14:23 Sat,"WAKEIW","WAKEIW",07:23 Sat,08:08 Sat,"WAKEIW",08:08 Sat,"DD Trailer",14:23 Sat,"","WAKEIW AM BAND 2 Weekly","44T WAKEIW",5560,0,54,"","","WAKEIW",2770,0,30,0,21921
13,1,2,"WAKEIW",07:23 Sat,08:08 Sat,"412","Sheffield North","S3 8DQ",09:00 Sat,11:00 Sat,10:30 Sat,10:32 Sat,0:02,"C","",0,5,0,0,0,4,"Salvage","WAKE DOUBLE","","","",12:33 Sat,7:00,1:56,104,0,0:00,51.85,0:00,1,1,2,1,07:23 Sat,12:33 Sat,14:23 Sat,"WAKEIW","WAKEIW",07:23 Sat,08:08 Sat,"WAKEIW",08:08 Sat,"DD Trailer",14:23 Sat,"","WAKEIW AM BAND 2 Weekly","44T WAKEIW",5617,25,0,"","","WAKEIW",0,0,0,0,0
13,1,3,"WAKEIW",07:23 Sat,08:08 Sat,"247","Barnsley","S71 1LS",10:30 Sat,12:30 Sat,11:02 Sat,11:58 Sat,0:56,"D","",4707,10,3,2,13,1,"Store volume","WAKE DOUBLE","","","",12:33 Sat,7:00,1:56,104,0,0:00,51.85,0:00,1,2,3,2,07:23 Sat,12:33 Sat,14:23 Sat,"WAKEIW","WAKEIW",07:23 Sat,08:08 Sat,"WAKEIW",08:08 Sat,"DD Trailer",14:23 Sat,"","WAKEIW AM BAND 2 Weekly","44T WAKEIW",5533,0,25,"01273 207 766","","WAKEIW",2510,0,13,0,9097
13,1,4,"WAKEIW",07:23 Sat,08:08 Sat,"247","Barnsley","S71 1LS",10:30 Sat,12:30 Sat,11:58 Sat,12:00 Sat,0:02,"C","",0,5,0,0,0,4,"Salvage","WAKE DOUBLE","","","",12:33 Sat,7:00,1:56,104,0,0:00,51.85,0:00,1,2,4,2,07:23 Sat,12:33 Sat,14:23 Sat,"WAKEIW","WAKEIW",07:23 Sat,08:08 Sat,"WAKEIW",08:08 Sat,"DD Trailer",14:23 Sat,"","WAKEIW AM BAND 2 Weekly","44T WAKEIW",5589,25,0,"01273 207 766","","WAKEIW",0,0,0,0,0
14,1,1,"MIDIW",04:42 Sat,05:27 Sat,"434","Worksop","S80 1UJ",07:30 Sat,09:30 Sat,07:30 Sat,09:16 Sat,1:46,"D","",22276,26,12,5,38,1,"Store volume","SALT DOUBLE","","","",12:10 Sat,8:28,4:05,319,0,0:00,62.72,0:00,1,1,1,1,04:42 Sat,12:10 Sat,13:10 Sat,"MIDIW","MIDIW",04:42 Sat,05:27 Sat,"MIDIW",05:27 Sat,"DD Trailer",13:10 Sat,"","MIDIW AM BAND 1 Weekly","44T MIDIW",5565,0,160,"","","MIDIW",4521,0,38,0,37025
14,1,2,"MIDIW",04:42 Sat,05:27 Sat,"434","Worksop","S80 1UJ",07:30 Sat,09:30 Sat,09:16 Sat,09:18 Sat,0:02,"C","",0,5,0,0,0,4,"Salvage","SALT DOUBLE","","","",12:10 Sat,8:28,4:05,319,0,0:00,62.72,0:00,1,1,2,1,04:42 Sat,12:10 Sat,13:10 Sat,"MIDIW","MIDIW",04:42 Sat,05:27 Sat,"MIDIW",05:27 Sat,"DD Trailer",13:10 Sat,"","MIDIW AM BAND 1 Weekly","44T MIDIW",5624,159,0,"","","MIDIW",0,0,0,0,0
15,1,1,"MIDIW",04:44 Sat,05:29 Sat,"231","Stoke","ST4 2HT",07:30 Sat,09:30 Sat,07:30 Sat,08:30 Sat,1:00,"D","",3658,13,2,4,15,1,"Store volume","SALT DOUBLE","","","",13:03 Sat,9:19,4:25,328,0,0:00,69.01,0:00,1,1,1,1,04:44 Sat,13:03 Sat,14:03 Sat,"MIDIW","MIDIW",04:44 Sat,05:29 Sat,"MIDIW",05:29 Sat,"DD Trailer",14:03 Sat,"","MIDIW AM BAND 1 Weekly","44T MIDIW",5527,0,158,"01782 747661","","MIDIW",1129,0,15,0,8430
15,1,2,"MIDIW",04:44 Sat,05:29 Sat,"231","Stoke","ST4 2HT",07:30 Sat,09:30 Sat,08:30 Sat,08:32 Sat,0:02,"C","",0,5,0,0,0,4,"Salvage","SALT DOUBLE","","","",13:03 Sat,9:19,4:25,328,0,0:00,69.01,0:00,1,1,2,1,04:44 Sat,13:03 Sat,14:03 Sat,"MIDIW","MIDIW",04:44 Sat,05:29 Sat,"MIDIW",05:29 Sat,"DD Trailer",14:03 Sat,"","MIDIW AM BAND 1 Weekly","44T MIDIW",5583,56,0,"01782 747661","","MIDIW",0,0,0,0,0
15,1,3,"MIDIW",04:44 Sat,05:29 Sat,"437","Wolverhampton","WV10 6HT",08:00 Sat,10:00 Sat,09:24 Sat,11:30 Sat,2:06,"D","",9167,19,4,5,23,1,"Store volume","SALT DOUBLE","","","",13:03 Sat,9:19,4:25,328,0,0:00,69.01,0:00,1,2,3,2,04:44 Sat,13:03 Sat,14:03 Sat,"MIDIW","MIDIW",04:44 Sat,05:29 Sat,"MIDIW",05:29 Sat,"DD Trailer",14:03 Sat,"","MIDIW AM BAND 1 Weekly","44T MIDIW",5566,0,56,"","","MIDIW",2073,0,23,0,16288
15,1,4,"MIDIW",04:44 Sat,05:29 Sat,"437","Wolverhampton","WV10 6HT",08:00 Sat,10:00 Sat,11:30 Sat,11:32 Sat,0:02,"C","",0,5,0,0,0,4,"Salvage","SALT DOUBLE","","","",13:03 Sat,9:19,4:25,328,0,0:00,69.01,0:00,1,2,4,2,04:44 Sat,13:03 Sat,14:03 Sat,"MIDIW","MIDIW",04:44 Sat,05:29 Sat,"MIDIW",05:29 Sat,"DD Trailer",14:03 Sat,"","MIDIW AM BAND 1 Weekly","44T MIDIW",5625,114,0,"","","MIDIW",0,0,0,0,0
16,1,1,"MIDIW",05:59 Sat,06:44 Sat,"458","Hinckley","LE10 0GL",08:00 Sat,10:00 Sat,08:00 Sat,09:24 Sat,1:24,"D","",12410,20,7,4,27,1,"Store volume","SALT DOUBLE","","","",13:42 Sat,8:43,3:20,225,0,0:00,64.57,0:19,1,1,1,1,05:59 Sat,13:42 Sat,14:42 Sat,"MIDIW","MIDIW",05:59 Sat,06:44 Sat,"MIDIW",06:44 Sat,"DD Trailer",14:42 Sat,"","MIDIW AM BAND 1 Weekly","44T MIDIW",5570,0,64,"","","MIDIW",2852,0,27,0,21895
16,1,2,"MIDIW",05:59 Sat,06:44 Sat,"458","Hinckley","LE10 0GL",08:00 Sat,10:00 Sat,09:24 Sat,09:26 Sat,0:02,"C","",0,5,0,0,0,4,"Salvage","SALT DOUBLE","","","",13:42 Sat,8:43,3:20,225,0,0:00,64.57,0:19,1,1,2,1,05:59 Sat,13:42 Sat,14:42 Sat,"MIDIW","MIDIW",05:59 Sat,06:44 Sat,"MIDIW",06:44 Sat,"DD Trailer",14:42 Sat,"","MIDIW AM BAND 1 Weekly","44T MIDIW",5628,42,0,"","","MIDIW",0,0,0,0,0
16,1,3,"MIDIW",05:59 Sat,06:44 Sat,"404","Burton On Trent","DE14 2AP",08:30 Sat,10:30 Sat,10:18 Sat,11:20 Sat,1:02,"D","",7338,14,2,3,16,1,"Store volume","SALT DOUBLE","","","",13:42 Sat,8:43,3:20,225,0,0:00,64.57,0:19,1,2,3,2,05:59 Sat,13:42 Sat,14:42 Sat,"MIDIW","MIDIW",05:59 Sat,06:44 Sat,"MIDIW",06:44 Sat,"DD Trailer",14:42 Sat,"","MIDIW AM BAND 1 Weekly","44T MIDIW",5558,0,42,"","","MIDIW",2222,0,16,0,11352
16,1,4,"MIDIW",05:59 Sat,06:44 Sat,"404","Burton On Trent","DE14 2AP",08:30 Sat,10:30 Sat,11:20 Sat,11:22 Sat,0:02,"C","",0,5,0,0,0,4,"Salvage","SALT DOUBLE","","","",13:42 Sat,8:43,3:20,225,0,0:00,64.57,0:19,1,2,4,2,05:59 Sat,13:42 Sat,14:42 Sat,"MIDIW","MIDIW",05:59 Sat,06:44 Sat,"MIDIW",06:44 Sat,"DD Trailer",14:42 Sat,"","MIDIW AM BAND 1 Weekly","44T MIDIW",5615,119,0,"","","MIDIW",0,0,0,0,0
17,1,1,"MIDIW",05:49 Sat,06:34 Sat,"364","Bulwell","NG6 9AJ",08:00 Sat,10:00 Sat,08:00 Sat,09:04 Sat,1:04,"D","",5950,17,3,4,20,1,"Store volume","SALT DOUBLE","","","",14:17 Sat,9:28,3:43,269,0,0:00,70.12,0:00,1,1,1,1,05:49 Sat,14:17 Sat,15:17 Sat,"MIDIW","MIDIW",05:49 Sat,06:34 Sat,"MIDIW",06:34 Sat,"DD Trailer",15:17 Sat,"","MIDIW AM BAND 1 Weekly","44T MIDIW",5554,0,113,"","","WAKEIW",1834,0,20,0,13767
17,1,2,"MIDIW",05:49 Sat,06:34 Sat,"364","Bulwell","NG6 9AJ",08:15 Sat,10:15 Sat,09:04 Sat,09:04 Sat,0:00,"C","",0,5,0,0,0,4,"Salvage","SALT DOUBLE","","","",14:17 Sat,9:28,3:43,269,0,0:00,70.12,0:00,1,1,2,1,05:49 Sat,14:17 Sat,15:17 Sat,"MIDIW","MIDIW",05:49 Sat,06:34 Sat,"MIDIW",06:34 Sat,"DD Trailer",15:17 Sat,"","MIDIW AM BAND 1 Weekly","44T MIDIW",5612,40,0,"","","WAKEIW",0,0,0,0,0
17,1,3,"MIDIW",05:49 Sat,06:34 Sat,"360","Ashby De La Zouch","LE65 1JS",09:00 Sat,11:00 Sat,09:38 Sat,10:30 Sat,0:52,"D","",2938,13,2,4,15,1,"Store volume","SALT DOUBLE","","","",14:17 Sat,9:28,3:43,269,0,0:00,70.12,0:00,1,2,3,2,05:49 Sat,14:17 Sat,15:17 Sat,"MIDIW","MIDIW",05:49 Sat,06:34 Sat,"MIDIW",06:34 Sat,"DD Trailer",15:17 Sat,"","MIDIW AM BAND 1 Weekly","44T MIDIW",5553,0,40,"","","MIDIW",1622,0,15,0,9196
17,1,4,"MIDIW",05:49 Sat,06:34 Sat,"360","Ashby De La Zouch","LE65 1JS",09:00 Sat,11:00 Sat,10:30 Sat,10:30 Sat,0:00,"C","",0,5,0,0,0,4,"Salvage","SALT DOUBLE","","","",14:17 Sat,9:28,3:43,269,0,0:00,70.12,0:00,1,2,4,2,05:49 Sat,14:17 Sat,15:17 Sat,"MIDIW","MIDIW",05:49 Sat,06:34 Sat,"MIDIW",06:34 Sat,"DD Trailer",15:17 Sat,"","MIDIW AM BAND 1 Weekly","44T MIDIW",5611,84,0,"","","MIDIW",0,0,0,0,0
17,1,5,"MIDIW",05:49 Sat,06:34 Sat,"326","Kettering","NN16 9TS",10:30 Sat,12:30 Sat,12:30 Sat,13:44 Sat,1:14,"D","",4774,20,2,4,22,1,"Store volume","SALT DOUBLE","","","",14:17 Sat,9:28,3:43,269,0,0:00,70.12,0:00,1,3,5,3,05:49 Sat,14:17 Sat,15:17 Sat,"MIDIW","MIDIW",05:49 Sat,06:34 Sat,"MIDIW",06:34 Sat,"DD Trailer",15:17 Sat,"","MIDIW AM BAND 1 Weekly","44T MIDIW",5548,32,84,"01254 279896","","MIDIW",1795,0,22,0,16717
18,1,1,"MIDIW",04:14 Sat,04:59 Sat,"209","Peterborough","PE1 5PS",06:00 Sat,08:00 Sat,06:00 Sat,07:10 Sat,1:10,"D","",8807,17,3,4,20,1,"Store volume","SALT DOUBLE","","","",12:09 Sat,8:55,3:53,249,0,0:00,66.05,0:00,1,1,1,1,04:14 Sat,12:09 Sat,13:09 Sat,"MIDIW","MIDIW",04:14 Sat,04:59 Sat,"MIDIW",04:59 Sat,"DD Trailer",13:09 Sat,"","MIDIW AM BAND 1 Weekly","44T MIDIW",5524,0,68,"01733 342937","","MIDIW",3153,0,20,0,16784
18,1,2,"MIDIW",04:14 Sat,04:59 Sat,"209","Peterborough","PE1 5PS",06:00 Sat,08:00 Sat,07:10 Sat,07:12 Sat,0:02,"C","",0,5,0,0,0,4,"Salvage","SALT DOUBLE","","","",12:09 Sat,8:55,3:53,249,0,0:00,66.05,0:00,1,1,2,1,04:14 Sat,12:09 Sat,13:09 Sat,"MIDIW","MIDIW",04:14 Sat,04:59 Sat,"MIDIW",04:59 Sat,"DD Trailer",13:09 Sat,"","MIDIW AM BAND 1 Weekly","44T MIDIW",5581,57,0,"01733 342937","","MIDIW",0,0,0,0,0
18,1,3,"MIDIW",04:14 Sat,04:59 Sat,"428","Kings Lynn","PE30 2HY",08:00 Sat,10:00 Sat,08:09 Sat,09:23 Sat,1:14,"D","",7959,17,5,3,22,1,"Store volume","SALT DOUBLE","","","",12:09 Sat,8:55,3:53,249,0,0:00,66.05,0:00,1,2,3,2,04:14 Sat,12:09 Sat,13:09 Sat,"MIDIW","MIDIW",04:14 Sat,04:59 Sat,"MIDIW",04:59 Sat,"DD Trailer",13:09 Sat,"","MIDIW AM BAND 1 Weekly","44T MIDIW",5563,0,57,"","","MIDIW",2562,0,22,0,16060
18,1,4,"MIDIW",04:14 Sat,04:59 Sat,"428","Kings Lynn","PE30 2HY",08:00 Sat,10:00 Sat,09:23 Sat,09:25 Sat,0:02,"C","",0,5,0,0,0,4,"Salvage","SALT DOUBLE","","","",12:09 Sat,8:55,3:53,249,0,0:00,66.05,0:00,1,2,4,2,04:14 Sat,12:09 Sat,13:09 Sat,"MIDIW","MIDIW",04:14 Sat,04:59 Sat,"MIDIW",04:59 Sat,"DD Trailer",13:09 Sat,"","MIDIW AM BAND 1 Weekly","44T MIDIW",5622,124,0,"","","MIDIW",0,0,0,0,0
19,1,1,"MIDIW",05:59 Sat,06:44 Sat,"429","Milton Keynes","MK6 1AP",07:15 Sat,09:15 Sat,07:15 Sat,08:45 Sat,1:30,"D","",13842,25,7,4,32,1,"Store volume","SALT DOUBLE","","","",11:27 Sat,7:18,2:04,121,0,0:00,54.07,0:02,1,1,1,1,05:59 Sat,11:27 Sat,13:17 Sat,"MIDIW","MIDIW",05:59 Sat,06:44 Sat,"MIDIW",06:44 Sat,"DD Trailer",13:17 Sat,"","MIDIW AM BAND 1 Weekly","44T MIDIW",5564,0,31,"","","MIDIW",4370,0,32,0,26338
19,1,2,"MIDIW",05:59 Sat,06:44 Sat,"429","Milton Keynes","MK6 1AP",07:30 Sat,09:30 Sat,08:45 Sat,08:47 Sat,0:02,"C","",0,5,0,0,0,4,"Salvage","SALT DOUBLE","","","",11:27 Sat,7:18,2:04,121,0,0:00,54.07,0:02,1,1,2,1,05:59 Sat,11:27 Sat,13:17 Sat,"MIDIW","MIDIW",05:59 Sat,06:44 Sat,"MIDIW",06:44 Sat,"DD Trailer",13:17 Sat,"","MIDIW AM BAND 1 Weekly","44T MIDIW",5623,39,0,"","","MIDIW",0,0,0,0,0
19,1,3,"MIDIW",05:59 Sat,06:44 Sat,"318","Bicester","OX26 6PZ",07:30 Sat,09:30 Sat,09:29 Sat,10:33 Sat,1:04,"D","",3760,16,1,4,17,1,"Store volume","SALT DOUBLE","","","",11:27 Sat,7:18,2:04,121,0,0:00,54.07,0:02,1,2,3,2,05:59 Sat,11:27 Sat,13:17 Sat,"MIDIW","MIDIW",05:59 Sat,06:44 Sat,"MIDIW",06:44 Sat,"DD Trailer",13:17 Sat,"","MIDIW AM BAND 1 Weekly","44T MIDIW",5546,0,39,"01224 621721","","MIDIW",2030,0,17,0,11427
19,1,4,"MIDIW",05:59 Sat,06:44 Sat,"318","Bicester","OX26 6PZ",07:30 Sat,09:30 Sat,10:33 Sat,10:34 Sat,0:01,"C","",0,5,0,0,0,4,"Salvage","SALT DOUBLE","","","",11:27 Sat,7:18,2:04,121,0,0:00,54.07,0:02,1,2,4,2,05:59 Sat,11:27 Sat,13:17 Sat,"MIDIW","MIDIW",05:59 Sat,06:44 Sat,"MIDIW",06:44 Sat,"DD Trailer",13:17 Sat,"","MIDIW AM BAND 1 Weekly","44T MIDIW",5603,51,0,"01224 621721","","MIDIW",0,0,0,0,0
20,1,1,"MIDIW",04:58 Sat,05:43 Sat,"371","Reading","RG30 1PR",08:00 Sat,10:00 Sat,08:00 Sat,08:54 Sat,0:54,"D","",3950,10,2,3,12,1,"Store volume","SALT DOUBLE","","","",15:25 Sat,11:26,5:39,341,0,0:00,84.69,0:00,1,1,1,1,04:58 Sat,15:25 Sat,16:25 Sat,"MIDIW","MIDIW",04:58 Sat,05:43 Sat,"MIDIW",05:43 Sat,"DD Trailer",16:25 Sat,"","MIDIW AM BAND 1 Weekly","44T MIDIW",5555,0,132,"","","MIDIW",1765,0,12,0,6544
20,1,2,"MIDIW",04:58 Sat,05:43 Sat,"371","Reading","RG30 1PR",08:00 Sat,10:00 Sat,08:54 Sat,08:56 Sat,0:02,"C","",0,5,0,0,0,4,"Salvage","SALT DOUBLE","","","",15:25 Sat,11:26,5:39,341,0,0:00,84.69,0:00,1,1,2,1,04:58 Sat,15:25 Sat,16:25 Sat,"MIDIW","MIDIW",04:58 Sat,05:43 Sat,"MIDIW",05:43 Sat,"DD Trailer",16:25 Sat,"","MIDIW AM BAND 1 Weekly","44T MIDIW",5613,20,0,"","","MIDIW",0,0,0,0,0
20,1,3,"MIDIW",04:58 Sat,05:43 Sat,"465","Winnersh","RG41 5HH",08:00 Sat,10:00 Sat,09:43 Sat,11:33 Sat,1:50,"D","",5931,11,4,2,15,1,"Store volume","SALT DOUBLE","","","",15:25 Sat,11:26,5:39,341,0,0:00,84.69,0:00,1,2,3,2,04:58 Sat,15:25 Sat,16:25 Sat,"MIDIW","MIDIW",04:58 Sat,05:43 Sat,"MIDIW",05:43 Sat,"DD Trailer",16:25 Sat,"","MIDIW AM BAND 1 Weekly","44T MIDIW",5572,0,20,"","","MIDIW",3384,0,15,0,12185
20,1,4,"MIDIW",04:58 Sat,05:43 Sat,"465","Winnersh","RG41 5HH",08:00 Sat,10:00 Sat,11:33 Sat,11:34 Sat,0:01,"C","",0,5,0,0,0,4,"Salvage","SALT DOUBLE","","","",15:25 Sat,11:26,5:39,341,0,0:00,84.69,0:00,1,2,4,2,04:58 Sat,15:25 Sat,16:25 Sat,"MIDIW","MIDIW",04:58 Sat,05:43 Sat,"MIDIW",05:43 Sat,"DD Trailer",16:25 Sat,"","MIDIW AM BAND 1 Weekly","44T MIDIW",5630,49,0,"","","MIDIW",0,0,0,0,0
20,1,5,"MIDIW",04:58 Sat,05:43 Sat,"385","Guildford","GU1 1EH",11:15 Sat,13:15 Sat,12:26 Sat,13:40 Sat,1:14,"D","",7708,16,6,3,22,1,"Store volume","SALT DOUBLE","","","",15:25 Sat,11:26,5:39,341,0,0:00,84.69,0:00,1,3,5,3,04:58 Sat,15:25 Sat,16:25 Sat,"MIDIW","MIDIW",04:58 Sat,05:43 Sat,"MIDIW",05:43 Sat,"DD Trailer",16:25 Sat,"","MIDIW AM BAND 1 Weekly","44T MIDIW",5557,0,49,"","","MIDIW",2237,0,22,0,13605
20,1,6,"MIDIW",04:58 Sat,05:43 Sat,"385","Guildford","GU1 1EH",11:15 Sat,13:15 Sat,13:40 Sat,13:42 Sat,0:02,"C","",0,5,0,0,0,4,"Salvage","SALT DOUBLE","","","",15:25 Sat,11:26,5:39,341,0,0:00,84.69,0:00,1,3,6,3,04:58 Sat,15:25 Sat,16:25 Sat,"MIDIW","MIDIW",04:58 Sat,05:43 Sat,"MIDIW",05:43 Sat,"DD Trailer",16:25 Sat,"","MIDIW AM BAND 1 Weekly","44T MIDIW",5614,140,0,"","","MIDIW",0,0,0,0,0
21,1,1,"MIDIW",05:06 Sat,05:51 Sat,"495","Newbury","RG14 5EA",07:30 Sat,09:30 Sat,07:30 Sat,08:34 Sat,1:04,"D","",3546,15,2,4,17,1,"Store volume","SALT DOUBLE","","","",13:49 Sat,9:43,4:13,294,0,0:00,71.98,0:00,1,1,1,1,05:06 Sat,13:49 Sat,14:49 Sat,"MIDIW","MIDIW",05:06 Sat,05:51 Sat,"MIDIW",05:51 Sat,"DD Trailer",14:49 Sat,"","MIDIW AM BAND 1 Weekly","44T MIDIW",5573,0,115,"","","MIDIW",1432,0,17,0,7801
21,1,2,"MIDIW",05:06 Sat,05:51 Sat,"495","Newbury","RG14 5EA",07:30 Sat,09:30 Sat,08:34 Sat,08:36 Sat,0:02,"C","",0,5,0,0,0,4,"Salvage","SALT DOUBLE","","","",13:49 Sat,9:43,4:13,294,0,0:00,71.98,0:00,1,1,2,1,05:06 Sat,13:49 Sat,14:49 Sat,"MIDIW","MIDIW",05:06 Sat,05:51 Sat,"MIDIW",05:51 Sat,"DD Trailer",14:49 Sat,"","MIDIW AM BAND 1 Weekly","44T MIDIW",5631,43,0,"","","MIDIW",0,0,0,0,0
21,1,3,"MIDIW",05:06 Sat,05:51 Sat,"312","Bracknell","RG12 1NS",09:00 Sat,11:00 Sat,09:26 Sat,12:04 Sat,2:38,"D","",13450,30,9,5,39,1,"Store volume","SALT DOUBLE","","","",13:49 Sat,9:43,4:13,294,0,0:00,71.98,0:00,1,2,3,2,05:06 Sat,13:49 Sat,14:49 Sat,"MIDIW","MIDIW",05:06 Sat,05:51 Sat,"MIDIW",05:51 Sat,"DD Trailer",14:49 Sat,"","MIDIW AM BAND 1 Weekly","44T MIDIW",5542,0,43,"01786 451809","","MIDIW",5239,0,39,0,29693
21,1,4,"MIDIW",05:06 Sat,05:51 Sat,"312","Bracknell","RG12 1NS",09:00 Sat,11:00 Sat,12:04 Sat,12:05 Sat,0:01,"C","",0,5,0,0,0,4,"Salvage","SALT DOUBLE","","","",13:49 Sat,9:43,4:13,294,0,0:00,71.98,0:00,1,2,4,2,05:06 Sat,13:49 Sat,14:49 Sat,"MIDIW","MIDIW",05:06 Sat,05:51 Sat,"MIDIW",05:51 Sat,"DD Trailer",14:49 Sat,"","MIDIW AM BAND 1 Weekly","44T MIDIW",5599,136,0,"01786 451809","","MIDIW",0,0,0,0,0
22,1,1,"MIDIW",07:59 Sat,08:44 Sat,"83","Catford","SE6 4NU",12:00 Sat,14:00 Sat,12:00 Sat,13:08 Sat,1:08,"D","",8692,13,6,2,19,1,"Store volume","SALT DOUBLE","","","",18:03 Sat,11:04,5:07,256,0,0:00,81.98,0:57,1,1,1,1,07:59 Sat,18:03 Sat,19:03 Sat,"MIDIW","MIDIW",07:59 Sat,08:44 Sat,"MIDIW",08:44 Sat,"DD Trailer",19:03 Sat,"","MIDIW AM BAND 2 Weekly","44T MIDIW",5522,0,120,"020 8690 9872","","MIDIW",2188,0,19,0,14531
22,1,2,"MIDIW",07:59 Sat,08:44 Sat,"83","Catford","SE6 4NU",12:00 Sat,14:00 Sat,13:08 Sat,13:10 Sat,0:02,"C","",0,5,0,0,0,4,"Salvage","SALT DOUBLE","","","",18:03 Sat,11:04,5:07,256,0,0:00,81.98,0:57,1,1,2,1,07:59 Sat,18:03 Sat,19:03 Sat,"MIDIW","MIDIW",07:59 Sat,08:44 Sat,"MIDIW",08:44 Sat,"DD Trailer",19:03 Sat,"","MIDIW AM BAND 2 Weekly","44T MIDIW",5579,20,0,"020 8690 9872","","MIDIW",0,0,0,0,0
22,1,3,"MIDIW",07:59 Sat,08:44 Sat,"59","Wimbledon","SW17 0BW",14:00 Sat,16:00 Sat,14:51 Sat,16:07 Sat,1:16,"D","",8951,19,4,3,23,1,"Store volume","SALT DOUBLE","","","",18:03 Sat,11:04,5:07,256,0,0:00,81.98,0:57,1,2,3,2,07:59 Sat,18:03 Sat,19:03 Sat,"MIDIW","MIDIW",07:59 Sat,08:44 Sat,"MIDIW",08:44 Sat,"DD Trailer",19:03 Sat,"","MIDIW AM BAND 2 Weekly","44T MIDIW",5518,116,20,"020 8947 9818","","MIDIW",2341,0,23,0,14194
23,1,1,"MIDIW",04:05 Sat,04:50 Sat,"449","Maldon","CM9 6TU",06:00 Sat,08:00 Sat,06:52 Sat,07:50 Sat,0:58,"D","",5037,12,2,2,14,1,"Store volume","SALT DOUBLE","","","",12:32 Sat,9:27,4:25,335,0,0:00,70.00,0:00,1,1,1,1,04:05 Sat,12:32 Sat,13:32 Sat,"MIDIW","MIDIW",04:05 Sat,04:50 Sat,"MIDIW",04:50 Sat,"DD Trailer",13:32 Sat,"","MIDIW AM BAND 1 Weekly","44T MIDIW",5568,0,158,"","","MIDIW",2679,0,14,0,13228
23,1,2,"MIDIW",04:05 Sat,04:50 Sat,"449","Maldon","CM9 6TU",06:00 Sat,08:00 Sat,07:50 Sat,07:51 Sat,0:01,"C","",0,5,0,0,0,4,"Salvage","SALT DOUBLE","","","",12:32 Sat,9:27,4:25,335,0,0:00,70.00,0:00,1,1,2,1,04:05 Sat,12:32 Sat,13:32 Sat,"MIDIW","MIDIW",04:05 Sat,04:50 Sat,"MIDIW",04:50 Sat,"DD Trailer",13:32 Sat,"","MIDIW AM BAND 1 Weekly","44T MIDIW",5626,26,0,"","","MIDIW",0,0,0,0,0
23,1,3,"MIDIW",04:05 Sat,04:50 Sat,"82","Rayleigh","SS6 7TS",06:30 Sat,08:30 Sat,08:17 Sat,10:33 Sat,2:16,"D","",12915,20,8,4,28,1,"Store volume","SALT DOUBLE","","","",12:32 Sat,9:27,4:25,335,0,0:00,70.00,0:00,1,2,3,2,04:05 Sat,12:32 Sat,13:32 Sat,"MIDIW","MIDIW",04:05 Sat,04:50 Sat,"MIDIW",04:50 Sat,"DD Trailer",13:32 Sat,"","MIDIW AM BAND 1 Weekly","44T MIDIW",5521,0,26,"01268 776 262","","MIDIW",3932,0,28,0,21420
23,1,4,"MIDIW",04:05 Sat,04:50 Sat,"82","Rayleigh","SS6 7TS",06:30 Sat,08:30 Sat,10:33 Sat,10:35 Sat,0:02,"C","",0,5,0,0,0,4,"Salvage","SALT DOUBLE","","","",12:32 Sat,9:27,4:25,335,0,0:00,70.00,0:00,1,2,4,2,04:05 Sat,12:32 Sat,13:32 Sat,"MIDIW","MIDIW",04:05 Sat,04:50 Sat,"MIDIW",04:50 Sat,"DD Trailer",13:32 Sat,"","MIDIW AM BAND 1 Weekly","44T MIDIW",5578,151,0,"01268 776 262","","MIDIW",0,0,0,0,0
24,1,1,"MIDIW",04:48 Sat,05:33 Sat,"232","Chelmsford","CM2 5PX",07:30 Sat,09:30 Sat,07:30 Sat,08:40 Sat,1:10,"D","",5540,18,2,3,20,1,"Store volume","SALT DOUBLE","","","",13:36 Sat,9:48,4:46,375,0,0:00,72.59,0:00,1,1,1,1,04:48 Sat,13:36 Sat,14:36 Sat,"MIDIW","MIDIW",04:48 Sat,05:33 Sat,"MIDIW",05:33 Sat,"DD Trailer",14:36 Sat,"","MIDIW AM BAND 1 Weekly","44T MIDIW",5528,0,153,"01245 462442","","MIDIW",1781,0,20,0,14929
24,1,2,"MIDIW",04:48 Sat,05:33 Sat,"232","Chelmsford","CM2 5PX",07:30 Sat,09:30 Sat,08:40 Sat,08:42 Sat,0:02,"C","",0,5,0,0,0,4,"Salvage","SALT DOUBLE","","","",13:36 Sat,9:48,4:46,375,0,0:00,72.59,0:00,1,1,2,1,04:48 Sat,13:36 Sat,14:36 Sat,"MIDIW","MIDIW",04:48 Sat,05:33 Sat,"MIDIW",05:33 Sat,"DD Trailer",14:36 Sat,"","MIDIW AM BAND 1 Weekly","44T MIDIW",5584,36,0,"01245 462442","","MIDIW",0,0,0,0,0
24,1,3,"MIDIW",04:48 Sat,05:33 Sat,"287","Colchester","CO1 1XF",07:30 Sat,09:30 Sat,09:11 Sat,11:15 Sat,2:04,"D","",8390,20,2,4,22,1,"Store volume","SALT DOUBLE","","","",13:36 Sat,9:48,4:46,375,0,0:00,72.59,0:00,1,2,3,2,04:48 Sat,13:36 Sat,14:36 Sat,"MIDIW","MIDIW",04:48 Sat,05:33 Sat,"MIDIW",05:33 Sat,"DD Trailer",14:36 Sat,"","MIDIW AM BAND 1 Weekly","44T MIDIW",5538,0,36,"01323 431 631","","MIDIW",2655,0,22,0,17784
24,1,4,"MIDIW",04:48 Sat,05:33 Sat,"287","Colchester","CO1 1XF",07:30 Sat,09:30 Sat,11:15 Sat,11:17 Sat,0:02,"C","",0,5,0,0,0,4,"Salvage","SALT DOUBLE","","","",13:36 Sat,9:48,4:46,375,0,0:00,72.59,0:00,1,2,4,2,04:48 Sat,13:36 Sat,14:36 Sat,"MIDIW","MIDIW",04:48 Sat,05:33 Sat,"MIDIW",05:33 Sat,"DD Trailer",14:36 Sat,"","MIDIW AM BAND 1 Weekly","44T MIDIW",5595,186,0,"01323 431 631","","MIDIW",0,0,0,0,0
25,1,1,"MIDIW",11:30 Sat,12:15 Sat,"297","Barking","IG11 8BL",14:00 Sat,16:00 Sat,14:00 Sat,15:58 Sat,1:58,"D","",21868,31,13,5,44,1,"Store volume","SALT DOUBLE","","","",18:34 Sat,8:04,3:29,259,0,0:00,59.75,0:00,1,1,1,1,11:30 Sat,18:34 Sat,19:34 Sat,"MIDIW","MIDIW",11:30 Sat,12:15 Sat,"MIDIW",12:15 Sat,"DD Trailer",19:34 Sat,"","MIDIW AM BAND 4 Weekly","44T MIDIW",5540,0,130,"01772 556487","","MIDIW",4496,0,44,0,34083
25,1,2,"MIDIW",11:30 Sat,12:15 Sat,"297","Barking","IG11 8BL",14:00 Sat,16:00 Sat,15:58 Sat,16:00 Sat,0:02,"C","",0,5,0,0,0,4,"Salvage","SALT DOUBLE","","","",18:34 Sat,8:04,3:29,259,0,0:00,59.75,0:00,1,1,2,1,11:30 Sat,18:34 Sat,19:34 Sat,"MIDIW","MIDIW",11:30 Sat,12:15 Sat,"MIDIW",12:15 Sat,"DD Trailer",19:34 Sat,"","MIDIW AM BAND 4 Weekly","44T MIDIW",5597,130,0,"01772 556487","","MIDIW",0,0,0,0,0
26,1,1,"MIDIW",04:31 Sat,05:16 Sat,"72","Cricklewood","NW2 6JN",06:30 Sat,08:30 Sat,06:30 Sat,08:26 Sat,1:56,"D","",18234,32,11,7,43,1,"Store volume","SALT DOUBLE","","","",09:43 Sat,7:02,2:29,192,0,0:00,52.10,0:00,1,1,1,1,04:31 Sat,09:43 Sat,11:33 Sat,"MIDIW","MIDIW",04:31 Sat,05:16 Sat,"MIDIW",05:16 Sat,"DD Trailer",11:33 Sat,"","MIDIW AM BAND 1 Weekly","44T MIDIW",5519,0,96,"01159 865983","","MIDIW",4163,0,43,0,34255
26,1,2,"MIDIW",04:31 Sat,05:16 Sat,"72","Cricklewood","NW2 6JN",06:30 Sat,08:30 Sat,08:26 Sat,08:28 Sat,0:02,"C","",0,5,0,0,0,4,"Salvage","SALT DOUBLE","","","",09:43 Sat,7:02,2:29,192,0,0:00,52.10,0:00,1,1,2,1,04:31 Sat,09:43 Sat,11:33 Sat,"MIDIW","MIDIW",04:31 Sat,05:16 Sat,"MIDIW",05:16 Sat,"DD Trailer",11:33 Sat,"","MIDIW AM BAND 1 Weekly","44T MIDIW",5576,96,0,"01159 865983","","MIDIW",0,0,0,0,0
27,1,1,"MIDIW",07:02 Sat,07:47 Sat,"416","Stevenage","SG1 1XP",09:00 Sat,11:00 Sat,09:00 Sat,10:54 Sat,1:54,"D","",17064,37,5,7,42,1,"Store volume","SALT DOUBLE","","","",12:07 Sat,6:55,2:26,166,83,1:13,51.23,0:00,1,1,1,1,07:02 Sat,12:07 Sat,13:57 Sat,"MIDIW","MIDIW",07:02 Sat,07:47 Sat,"MIDIW",07:47 Sat,"DD Trailer",13:57 Sat,"","MIDIW AM BAND 2 Weekly","44T MIDIW",5562,83,83,"","","MIDIW",5091,0,42,0,35909
28,1,1,"MIDIW",06:31 Sat,07:16 Sat,"337","Harlow","CM20 2SU",07:30 Sat,09:30 Sat,08:54 Sat,10:12 Sat,1:18,"D","",7732,16,8,3,24,1,"Store volume","SALT DOUBLE","","","",16:15 Sat,10:44,4:28,293,0,0:00,79.51,0:50,1,1,1,1,06:31 Sat,16:15 Sat,17:15 Sat,"MIDIW","MIDIW",06:31 Sat,07:16 Sat,"MIDIW",07:16 Sat,"DD Trailer",17:15 Sat,"","MIDIW AM BAND 2 Weekly","44T MIDIW",5550,0,120,"01372 748890","","MIDIW",2687,0,24,0,13705
28,1,2,"MIDIW",06:31 Sat,07:16 Sat,"337","Harlow","CM20 2SU",07:30 Sat,09:30 Sat,10:12 Sat,10:14 Sat,0:02,"C","",0,5,0,0,0,4,"Salvage","SALT DOUBLE","","","",16:15 Sat,10:44,4:28,293,0,0:00,79.51,0:50,1,1,2,1,06:31 Sat,16:15 Sat,17:15 Sat,"MIDIW","MIDIW",06:31 Sat,07:16 Sat,"MIDIW",07:16 Sat,"DD Trailer",17:15 Sat,"","MIDIW AM BAND 2 Weekly","44T MIDIW",5608,40,0,"01372 748890","","MIDIW",0,0,0,0,0
28,1,3,"MIDIW",06:31 Sat,07:16 Sat,"372","Chadwell Heath","RM6 4HX",12:00 Sat,14:00 Sat,12:00 Sat,14:22 Sat,2:22,"D","",9557,21,10,5,31,1,"Store volume","SALT DOUBLE","","","",16:15 Sat,10:44,4:28,293,0,0:00,79.51,0:50,1,2,3,2,06:31 Sat,16:15 Sat,17:15 Sat,"MIDIW","MIDIW",06:31 Sat,07:16 Sat,"MIDIW",07:16 Sat,"DD Trailer",17:15 Sat,"","MIDIW AM BAND 2 Weekly","44T MIDIW",5556,133,40,"","","MIDIW",2205,0,31,0,16663
29,1,1,"MIDIW",04:09 Sat,04:54 Sat,"91","Tottenham","N15 5NH",06:30 Sat,08:30 Sat,06:30 Sat,07:52 Sat,1:22,"D","",8313,20,6,4,26,1,"Store volume","SALT DOUBLE","","","",12:13 Sat,9:04,3:42,229,0,0:00,67.16,0:00,1,1,1,1,04:09 Sat,12:13 Sat,13:13 Sat,"MIDIW","MIDIW",04:09 Sat,04:54 Sat,"MIDIW",04:54 Sat,"DD Trailer",13:13 Sat,"","MIDIW AM BAND 1 Weekly","44T MIDIW",5523,0,105,"020 88009966","","MIDIW",2409,0,26,0,15563
29,1,2,"MIDIW",04:09 Sat,04:54 Sat,"91","Tottenham","N15 5NH",06:30 Sat,08:30 Sat,07:52 Sat,07:54 Sat,0:02,"C","",0,5,0,0,0,4,"Salvage","SALT DOUBLE","","","",12:13 Sat,9:04,3:42,229,0,0:00,67.16,0:00,1,1,2,1,04:09 Sat,12:13 Sat,13:13 Sat,"MIDIW","MIDIW",04:09 Sat,04:54 Sat,"MIDIW",04:54 Sat,"DD Trailer",13:13 Sat,"","MIDIW AM BAND 1 Weekly","44T MIDIW",5580,22,0,"020 88009966","","MIDIW",0,0,0,0,0
29,1,3,"MIDIW",04:09 Sat,04:54 Sat,"237","Hanger Lane","W5 1DN",07:00 Sat,09:00 Sat,08:40 Sat,10:52 Sat,2:12,"D","",10108,23,3,4,26,1,"Store volume","SALT DOUBLE","","","",12:13 Sat,9:04,3:42,229,0,0:00,67.16,0:00,1,2,3,2,04:09 Sat,12:13 Sat,13:13 Sat,"MIDIW","MIDIW",04:09 Sat,04:54 Sat,"MIDIW",04:54 Sat,"DD Trailer",13:13 Sat,"","MIDIW AM BAND 1 Weekly","44T MIDIW",5531,0,22,"0161 633 3100","","MIDIW",2999,0,26,0,20566
29,1,4,"MIDIW",04:09 Sat,04:54 Sat,"237","Hanger Lane","W5 1DN",07:00 Sat,09:00 Sat,10:52 Sat,10:53 Sat,0:01,"C","",0,5,0,0,0,4,"Salvage","SALT DOUBLE","","","",12:13 Sat,9:04,3:42,229,0,0:00,67.16,0:00,1,2,4,2,04:09 Sat,12:13 Sat,13:13 Sat,"MIDIW","MIDIW",04:09 Sat,04:54 Sat,"MIDIW",04:54 Sat,"DD Trailer",13:13 Sat,"","MIDIW AM BAND 1 Weekly","44T MIDIW",5587,102,0,"0161 633 3100","","MIDIW",0,0,0,0,0
30,1,1,"MIDIW",05:50 Sat,06:35 Sat,"340","Slough","SL1 4UN",08:00 Sat,10:00 Sat,08:00 Sat,09:32 Sat,1:32,"D","",9302,25,6,6,31,1,"Store volume","SALT DOUBLE","","","",13:46 Sat,8:56,3:31,260,0,0:00,66.17,0:00,1,1,1,1,05:50 Sat,13:46 Sat,14:46 Sat,"MIDIW","MIDIW",05:50 Sat,06:35 Sat,"MIDIW",06:35 Sat,"DD Trailer",14:46 Sat,"","MIDIW AM BAND 1 Weekly","44T MIDIW",5551,0,115,"","","MIDIW",2518,0,31,0,18117
30,1,2,"MIDIW",05:50 Sat,06:35 Sat,"340","Slough","SL1 4UN",08:00 Sat,10:00 Sat,09:32 Sat,09:34 Sat,0:02,"C","",0,5,0,0,0,4,"Salvage","SALT DOUBLE","","","",13:46 Sat,8:56,3:31,260,0,0:00,66.17,0:00,1,1,2,1,05:50 Sat,13:46 Sat,14:46 Sat,"MIDIW","MIDIW",05:50 Sat,06:35 Sat,"MIDIW",06:35 Sat,"DD Trailer",14:46 Sat,"","MIDIW AM BAND 1 Weekly","44T MIDIW",5609,26,0,"","","MIDIW",0,0,0,0,0
30,1,3,"MIDIW",05:50 Sat,06:35 Sat,"405","Twickenham","TW2 5NT",09:00 Sat,11:00 Sat,10:04 Sat,12:10 Sat,2:06,"D","",7706,19,4,5,23,1,"Store volume","SALT DOUBLE","","","",13:46 Sat,8:56,3:31,260,0,0:00,66.17,0:00,1,2,3,2,05:50 Sat,13:46 Sat,14:46 Sat,"MIDIW","MIDIW",05:50 Sat,06:35 Sat,"MIDIW",06:35 Sat,"DD Trailer",14:46 Sat,"","MIDIW AM BAND 1 Weekly","44T MIDIW",5559,119,26,"","","MIDIW",2818,0,23,0,17593
31,1,1,"MIDIW",07:52 Sat,08:37 Sat,"316","Aylesbury Extra","HP20 1DG",09:00 Sat,11:00 Sat,09:36 Sat,10:38 Sat,1:02,"D","",5835,14,2,3,16,1,"Store volume","SALT DOUBLE","","","",16:31 Sat,9:39,3:41,220,0,0:00,71.48,0:00,1,1,1,1,07:52 Sat,16:31 Sat,17:31 Sat,"MIDIW","MIDIW",07:52 Sat,08:37 Sat,"MIDIW",08:37 Sat,"DD Trailer",17:31 Sat,"","MIDIW AM BAND 2 Weekly","44T MIDIW",5545,0,58,"01296 399599","","MIDIW",2290,0,16,0,12463
31,1,2,"MIDIW",07:52 Sat,08:37 Sat,"316","Aylesbury Extra","HP20 1DG",09:00 Sat,11:00 Sat,10:38 Sat,10:39 Sat,0:01,"C","",0,5,0,0,0,4,"Salvage","SALT DOUBLE","","","",16:31 Sat,9:39,3:41,220,0,0:00,71.48,0:00,1,1,2,1,07:52 Sat,16:31 Sat,17:31 Sat,"MIDIW","MIDIW",07:52 Sat,08:37 Sat,"MIDIW",08:37 Sat,"DD Trailer",17:31 Sat,"","MIDIW AM BAND 2 Weekly","44T MIDIW",5602,31,0,"01296 399599","","MIDIW",0,0,0,0,0
31,1,3,"MIDIW",07:52 Sat,08:37 Sat,"313","High Wycombe","HP11 1FY",09:30 Sat,11:30 Sat,11:20 Sat,12:36 Sat,1:16,"D","",7964,16,7,3,23,1,"Store volume","SALT DOUBLE","","","",16:31 Sat,9:39,3:41,220,0,0:00,71.48,0:00,1,2,3,2,07:52 Sat,16:31 Sat,17:31 Sat,"MIDIW","MIDIW",07:52 Sat,08:37 Sat,"MIDIW",08:37 Sat,"DD Trailer",17:31 Sat,"","MIDIW AM BAND 2 Weekly","44T MIDIW",5543,0,31,"01246 558620","","MIDIW",2944,0,23,0,15595
31,1,4,"MIDIW",07:52 Sat,08:37 Sat,"313","High Wycombe","HP11 1FY",09:30 Sat,11:30 Sat,12:36 Sat,12:37 Sat,0:01,"C","",0,5,0,0,0,4,"Salvage","SALT DOUBLE","","","",16:31 Sat,9:39,3:41,220,0,0:00,71.48,0:00,1,2,4,2,07:52 Sat,16:31 Sat,17:31 Sat,"MIDIW","MIDIW",07:52 Sat,08:37 Sat,"MIDIW",08:37 Sat,"DD Trailer",17:31 Sat,"","MIDIW AM BAND 2 Weekly","44T MIDIW",5600,30,0,"01246 558620","","MIDIW",0,0,0,0,0
31,1,5,"MIDIW",07:52 Sat,08:37 Sat,"78","Ruislip","HA4 0QB",14:00 Sat,16:00 Sat,14:00 Sat,15:02 Sat,1:02,"D","",6157,13,3,3,16,1,"Store volume","SALT DOUBLE","","","",16:31 Sat,9:39,3:41,220,0,0:00,71.48,0:00,1,3,5,3,07:52 Sat,16:31 Sat,17:31 Sat,"MIDIW","MIDIW",07:52 Sat,08:37 Sat,"MIDIW",08:37 Sat,"DD Trailer",17:31 Sat,"","MIDIW AM BAND 2 Weekly","44T MIDIW",5520,101,30,"02084 227090","","MIDIW",2086,0,16,0,11158
32,1,1,"MIDIW",10:34 Sat,11:19 Sat,"264","Bedford","MK41 0UE",12:00 Sat,14:00 Sat,12:00 Sat,13:18 Sat,1:18,"D","",8014,19,5,5,24,1,"Store volume","SALT DOUBLE","","","",15:45 Sat,7:01,2:03,130,0,0:00,51.98,0:00,1,1,1,1,10:34 Sat,15:45 Sat,17:35 Sat,"MIDIW","MIDIW",10:34 Sat,11:19 Sat,"MIDIW",11:19 Sat,"DD Trailer",17:35 Sat,"","MIDIW AM BAND 4 Weekly","44T MIDIW",5535,0,37,"01202 590 709","","MIDIW",2950,0,24,0,16046
32,1,2,"MIDIW",10:34 Sat,11:19 Sat,"264","Bedford","MK41 0UE",12:00 Sat,14:00 Sat,13:18 Sat,13:20 Sat,0:02,"C","",0,5,0,0,0,4,"Salvage","SALT DOUBLE","","","",15:45 Sat,7:01,2:03,130,0,0:00,51.98,0:00,1,1,2,1,10:34 Sat,15:45 Sat,17:35 Sat,"MIDIW","MIDIW",10:34 Sat,11:19 Sat,"MIDIW",11:19 Sat,"DD Trailer",17:35 Sat,"","MIDIW AM BAND 4 Weekly","44T MIDIW",5592,33,0,"01202 590 709","","MIDIW",0,0,0,0,0
32,1,3,"MIDIW",10:34 Sat,11:19 Sat,"464","Huntingdon","PE29 7DA",13:00 Sat,15:00 Sat,13:50 Sat,14:52 Sat,1:02,"D","",7922,12,4,3,16,1,"Store volume","SALT DOUBLE","","","",15:45 Sat,7:01,2:03,130,0,0:00,51.98,0:00,1,2,3,2,10:34 Sat,15:45 Sat,17:35 Sat,"MIDIW","MIDIW",10:34 Sat,11:19 Sat,"MIDIW",11:19 Sat,"DD Trailer",17:35 Sat,"","MIDIW AM BAND 4 Weekly","44T MIDIW",5571,0,33,"","","MIDIW",1888,0,16,0,11699
32,1,4,"MIDIW",10:34 Sat,11:19 Sat,"464","Huntingdon","PE29 7DA",13:00 Sat,15:00 Sat,14:52 Sat,14:53 Sat,0:01,"C","",0,5,0,0,0,4,"Salvage","SALT DOUBLE","","","",15:45 Sat,7:01,2:03,130,0,0:00,51.98,0:00,1,2,4,2,10:34 Sat,15:45 Sat,17:35 Sat,"MIDIW","MIDIW",10:34 Sat,11:19 Sat,"MIDIW",11:19 Sat,"DD Trailer",17:35 Sat,"","MIDIW AM BAND 4 Weekly","44T MIDIW",5629,60,0,"","","MIDIW",0,0,0,0,0
1000,1,1,"MIDIW",03:00 Sat,03:45 Sat,"NORHDC","Northampton HDC","NN4 7JE",00:01 Sat,23:59 Sat,03:50 Sat,04:10 Sat,0:20,"C","HDC DEVIZES 2",0,0,0,0,1,1,"Store volume","SALT SINGLE","","","",11:48 Sat,9:48,4:33,294,0,0:00,98.00,0:00,1,1,1,1,03:00 Sat,11:48 Sat,12:48 Sat,"MIDIW","MIDIW",03:00 Sat,03:45 Sat,"MIDIW",03:45 Sat,"SD Trailer",12:48 Sat,"","MIDIW NIGHT BAND 3 Weekly","44T MIDIW",5344,149,1,"","","MIDIW",0,0,0,0,0
1000,1,2,"MIDIW",03:00 Sat,03:45 Sat,"DEVHDC2","DEVIZES 2","SN10 2HT",00:01 Sat,23:59 Sat,06:22 Sat,08:22 Sat,2:00,"D","HDC DEVIZES 2",0,0,0,0,26,1,"Store volume","SALT SINGLE","","","",11:48 Sat,9:48,4:33,294,0,0:00,98.00,0:00,1,2,2,2,03:00 Sat,11:48 Sat,12:48 Sat,"MIDIW","MIDIW",03:00 Sat,03:45 Sat,"MIDIW",03:45 Sat,"SD Trailer",12:48 Sat,"","MIDIW NIGHT BAND 3 Weekly","44T MIDIW",5345,143,149,"","","MIDIW",0,0,0,0,0
1000,1,3,"MIDIW",03:00 Sat,03:45 Sat,"NORHDC","Northampton HDC","NN4 7JE",00:01 Sat,23:59 Sat,11:23 Sat,11:43 Sat,0:20,"C","HDC DEVIZES 2",0,0,0,0,1,1,"Store volume","SALT SINGLE","","","",11:48 Sat,9:48,4:33,294,0,0:00,98.00,0:00,1,3,3,3,03:00 Sat,11:48 Sat,12:48 Sat,"MIDIW","MIDIW",03:00 Sat,03:45 Sat,"MIDIW",03:45 Sat,"SD Trailer",12:48 Sat,"","MIDIW NIGHT BAND 3 Weekly","44T MIDIW",5404,1,143,"","","MIDIW",0,0,0,0,0
1001,1,1,"MIDIW",05:00 Sat,05:45 Sat,"NORHDC","Northampton HDC","NN4 7JE",00:01 Sat,23:59 Sat,05:50 Sat,06:10 Sat,0:20,"C","HDC DEVIZES to EXETER",0,0,0,0,1,1,"Store volume","SALT SINGLE","","","",13:48 Sat,9:48,4:33,294,0,0:00,72.59,0:00,1,1,1,1,05:00 Sat,13:48 Sat,14:48 Sat,"MIDIW","MIDIW",05:00 Sat,05:45 Sat,"MIDIW",05:45 Sat,"SD Trailer",14:48 Sat,"","MIDIW AM BAND 1 Weekly","44T MIDIW",5346,149,1,"","","MIDIW",0,0,0,0,0
1001,1,2,"MIDIW",05:00 Sat,05:45 Sat,"DEVEXHDC","DEVIZES - EXETER","NN4 7JE",00:01 Sat,23:59 Sat,08:22 Sat,10:22 Sat,2:00,"D","HDC DEVIZES to EXETER",0,0,0,0,26,1,"Store volume","SALT SINGLE","","","",13:48 Sat,9:48,4:33,294,0,0:00,72.59,0:00,1,2,2,2,05:00 Sat,13:48 Sat,14:48 Sat,"MIDIW","MIDIW",05:00 Sat,05:45 Sat,"MIDIW",05:45 Sat,"SD Trailer",14:48 Sat,"","MIDIW AM BAND 1 Weekly","44T MIDIW",5347,143,149,"","","MIDIW",0,0,0,0,0
1001,1,3,"MIDIW",05:00 Sat,05:45 Sat,"NORHDC","Northampton HDC","NN4 7JE",00:01 Sat,23:59 Sat,13:23 Sat,13:43 Sat,0:20,"C","HDC DEVIZES 2",0,0,0,0,1,1,"Store volume","SALT SINGLE","","","",13:48 Sat,9:48,4:33,294,0,0:00,72.59,0:00,1,3,3,3,05:00 Sat,13:48 Sat,14:48 Sat,"MIDIW","MIDIW",05:00 Sat,05:45 Sat,"MIDIW",05:45 Sat,"SD Trailer",14:48 Sat,"","MIDIW AM BAND 1 Weekly","44T MIDIW",5403,1,143,"","","MIDIW",0,0,0,0,0
1002,1,1,"DEVHDC",08:00 Sat,08:30 Sat,"EXEHDC1","EXETER 1","EX2 7JG",00:01 Sat,23:59 Sat,10:59 Sat,12:59 Sat,2:00,"D","HDC DEVIZES to EXETER",0,0,0,0,26,1,"Store volume","DEVHDC SINGLE","","","",16:17 Sat,8:47,4:57,333,167,2:28,65.06,0:00,1,1,1,1,08:00 Sat,16:17 Sat,16:47 Sat,"DEVHDC","DEVHDC",08:00 Sat,08:30 Sat,"DEVHDC",08:30 Sat,"SD Trailer",16:47 Sat,"","DEVHDC AM Weekly","44T DEVHDC",5348,167,167,"","","MIDIW",0,0,0,0,0
1003,1,1,"MIDIW",07:00 Sat,07:45 Sat,"NORHDC","Northampton HDC","NN4 7JE",00:01 Sat,23:59 Sat,07:50 Sat,08:10 Sat,0:20,"C","HDC BURNTWOOD",0,0,0,0,1,1,"Store volume","SALT SINGLE","","","",12:04 Sat,12:48,5:48,440,0,0:00,94.81,0:00,2,1,1,1,07:00 Sat,12:04 Sat,13:24 Sat,"MIDIW","MIDIW",07:00 Sat,07:45 Sat,"MIDIW",07:45 Sat,"SD Trailer",19:47 Sat,"","MIDIW AM BAND 2 Weekly","44T MIDIW",5349,109,1,"","","MIDIW",0,0,0,0,0
1003,1,2,"MIDIW",07:00 Sat,07:45 Sat,"BURHDC1","BURNTWOOD 1","WS7 3JG",00:01 Sat,23:59 Sat,09:32 Sat,10:17 Sat,0:45,"D","HDC BURNTWOOD",0,0,0,0,26,1,"Store volume","SALT SINGLE","","","",12:04 Sat,12:48,5:48,440,0,0:00,94.81,0:00,2,2,2,2,07:00 Sat,12:04 Sat,13:24 Sat,"MIDIW","MIDIW",07:00 Sat,07:45 Sat,"MIDIW",07:45 Sat,"SD Trailer",19:47 Sat,"","MIDIW AM BAND 2 Weekly","44T MIDIW",5350,109,109,"","","MIDIW",0,0,0,0,0
1003,1,3,"MIDIW",07:00 Sat,07:45 Sat,"NORHDC","Northampton HDC","NN4 7JE",00:01 Sat,23:59 Sat,11:39 Sat,11:59 Sat,0:20,"C","HDC DEVIZES 2",0,0,0,0,1,1,"Store volume","SALT SINGLE","","","",12:04 Sat,12:48,5:48,440,0,0:00,94.81,0:00,2,3,3,3,07:00 Sat,12:04 Sat,13:24 Sat,"MIDIW","MIDIW",07:00 Sat,07:45 Sat,"MIDIW",07:45 Sat,"SD Trailer",19:47 Sat,"","MIDIW AM BAND 2 Weekly","44T MIDIW",5405,1,109,"","","MIDIW",0,0,0,0,0
1003,2,1,"MIDIW",07:00 Sat,13:39 Sat,"NORHDC","Northampton HDC","NN4 7JE",00:01 Sat,23:59 Sat,13:44 Sat,14:04 Sat,0:20,"C","HDC BURNTWOOD",0,0,0,0,1,1,"Store volume","SALT SINGLE","","","",17:57 Sat,12:48,5:48,440,0,0:00,94.81,0:00,2,4,4,1,13:24 Sat,17:57 Sat,19:47 Sat,"MIDIW","MIDIW",13:24 Sat,13:39 Sat,"MIDIW",13:39 Sat,"SD Trailer",19:47 Sat,"","MIDIW AM BAND 2 Weekly","44T MIDIW",5351,109,1,"","","MIDIW",0,0,0,0,0
1003,2,2,"MIDIW",07:00 Sat,13:39 Sat,"BURHDC3","BURNTWOOD 3","WS7 3JG",00:01 Sat,23:59 Sat,15:26 Sat,16:11 Sat,0:45,"D","HDC BURNTWOOD",0,0,0,0,26,1,"Store volume","SALT SINGLE","","","",17:57 Sat,12:48,5:48,440,0,0:00,94.81,0:00,2,5,5,2,13:24 Sat,17:57 Sat,19:47 Sat,"MIDIW","MIDIW",13:24 Sat,13:39 Sat,"MIDIW",13:39 Sat,"SD Trailer",19:47 Sat,"","MIDIW AM BAND 2 Weekly","44T MIDIW",5352,109,109,"","","MIDIW",0,0,0,0,0
1003,2,3,"MIDIW",07:00 Sat,13:39 Sat,"NORHDC","Northampton HDC","NN4 7JE",00:01 Sat,23:59 Sat,17:32 Sat,17:52 Sat,0:20,"C","HDC DEVIZES 2",0,0,0,0,1,1,"Store volume","SALT SINGLE","","","",17:57 Sat,12:48,5:48,440,0,0:00,94.81,0:00,2,6,6,3,13:24 Sat,17:57 Sat,19:47 Sat,"MIDIW","MIDIW",13:24 Sat,13:39 Sat,"MIDIW",13:39 Sat,"SD Trailer",19:47 Sat,"","MIDIW AM BAND 2 Weekly","44T MIDIW",5402,1,109,"","","MIDIW",0,0,0,0,0
1004,1,1,"MIDIW",08:00 Sat,08:45 Sat,"NORHDC","Northampton HDC","NN4 7JE",00:01 Sat,23:59 Sat,08:50 Sat,09:10 Sat,0:20,"C","HDC DEVIZES 2",0,0,0,0,1,1,"Store volume","SALT SINGLE","","","",13:04 Sat,6:54,2:54,220,0,0:00,51.11,0:00,1,1,1,1,08:00 Sat,13:04 Sat,14:54 Sat,"MIDIW","MIDIW",08:00 Sat,08:45 Sat,"MIDIW",08:45 Sat,"SD Trailer",14:54 Sat,"","MIDIW AM BAND 3 Weekly","44T MIDIW",5387,109,1,"","","MIDIW",0,0,0,0,0
1004,1,2,"MIDIW",08:00 Sat,08:45 Sat,"BURHDC2","BURNTWOOD 2","WS7 3JG",00:01 Sat,23:59 Sat,10:32 Sat,11:17 Sat,0:45,"D","SHUNTING THEN HDC BURNTWOOD",0,0,0,0,26,1,"Store volume","SALT SINGLE","","","",13:04 Sat,6:54,2:54,220,0,0:00,51.11,0:00,1,2,2,2,08:00 Sat,13:04 Sat,14:54 Sat,"MIDIW","MIDIW",08:00 Sat,08:45 Sat,"MIDIW",08:45 Sat,"SD Trailer",14:54 Sat,"","MIDIW AM BAND 3 Weekly","44T MIDIW",5354,109,109,"","","MIDIW",0,0,0,0,0
1004,1,3,"MIDIW",08:00 Sat,08:45 Sat,"NORHDC","Northampton HDC","NN4 7JE",00:01 Sat,23:59 Sat,12:39 Sat,12:59 Sat,0:20,"C","HDC DEVIZES 2",0,0,0,0,1,1,"Store volume","SALT SINGLE","","","",13:04 Sat,6:54,2:54,220,0,0:00,51.11,0:00,1,3,3,3,08:00 Sat,13:04 Sat,14:54 Sat,"MIDIW","MIDIW",08:00 Sat,08:45 Sat,"MIDIW",08:45 Sat,"SD Trailer",14:54 Sat,"","MIDIW AM BAND 3 Weekly","44T MIDIW",5408,1,109,"","","MIDIW",0,0,0,0,0
1005,1,1,"MIDIW",11:00 Sat,11:45 Sat,"NORHDC","Northampton HDC","NN4 7JE",00:01 Sat,23:59 Sat,11:50 Sat,12:10 Sat,0:20,"C","HDC DEVIZES 2",0,0,0,0,1,1,"Store volume","SALT SINGLE","","","",18:20 Sat,8:20,4:20,338,0,0:00,61.73,0:00,1,1,1,1,11:00 Sat,18:20 Sat,19:20 Sat,"MIDIW","MIDIW",11:00 Sat,11:45 Sat,"MIDIW",11:45 Sat,"SD Trailer",19:20 Sat,"","MIDIW AM BAND 4 Weekly","44T MIDIW",5386,164,1,"","","MIDIW",0,0,0,0,0
1005,1,2,"MIDIW",11:00 Sat,11:45 Sat,"CRAHDC1","CRAWLEY 1","RH11 0PQ",00:01 Sat,23:59 Sat,14:16 Sat,15:01 Sat,0:45,"D","",0,0,0,0,26,2,"Trunk volume","SALT SINGLE","","","",18:20 Sat,8:20,4:20,338,0,0:00,61.73,0:00,1,2,2,2,11:00 Sat,18:20 Sat,19:20 Sat,"MIDIW","MIDIW",11:00 Sat,11:45 Sat,"MIDIW",11:45 Sat,"SD Trailer",19:20 Sat,"","MIDIW AM BAND 4 Weekly","44T MIDIW",5383,171,164,"","","MIDIW",0,0,0,0,0
1005,1,3,"MIDIW",11:00 Sat,11:45 Sat,"NORHDC","Northampton HDC","NN4 7JE",00:01 Sat,23:59 Sat,17:55 Sat,18:15 Sat,0:20,"C","HDC DEVIZES 2",0,0,0,0,1,1,"Store volume","SALT SINGLE","","","",18:20 Sat,8:20,4:20,338,0,0:00,61.73,0:00,1,3,3,3,11:00 Sat,18:20 Sat,19:20 Sat,"MIDIW","MIDIW",11:00 Sat,11:45 Sat,"MIDIW",11:45 Sat,"SD Trailer",19:20 Sat,"","MIDIW AM BAND 4 Weekly","44T MIDIW",5407,1,171,"","","MIDIW",0,0,0,0,0
1006,1,1,"MIDIW",12:00 Sat,12:45 Sat,"NORHDC","Northampton HDC","NN4 7JE",00:01 Sat,23:59 Sat,12:50 Sat,13:10 Sat,0:20,"C","HDC DEVIZES 2",0,0,0,0,1,1,"Store volume","SALT SINGLE","","","",19:20 Sat,8:20,4:20,338,0,0:00,69.44,0:00,1,1,1,1,12:00 Sat,19:20 Sat,20:20 Sat,"MIDIW","MIDIW",12:00 Sat,12:45 Sat,"MIDIW",12:45 Sat,"SD Trailer",20:20 Sat,"","MIDIW PM BAND 1 Weekly","44T MIDIW",5385,164,1,"","","MIDIW",0,0,0,0,0
1006,1,2,"MIDIW",12:00 Sat,12:45 Sat,"CRAHDC2","CRAWLEY 2","RH11 0PQ",00:01 Sat,23:59 Sat,15:16 Sat,16:01 Sat,0:45,"D","",0,0,0,0,26,2,"Trunk volume","SALT SINGLE","","","",19:20 Sat,8:20,4:20,338,0,0:00,69.44,0:00,1,2,2,2,12:00 Sat,19:20 Sat,20:20 Sat,"MIDIW","MIDIW",12:00 Sat,12:45 Sat,"MIDIW",12:45 Sat,"SD Trailer",20:20 Sat,"","MIDIW PM BAND 1 Weekly","44T MIDIW",5384,171,164,"","","MIDIW",0,0,0,0,0
1006,1,3,"MIDIW",12:00 Sat,12:45 Sat,"NORHDC","Northampton HDC","NN4 7JE",00:01 Sat,23:59 Sat,18:55 Sat,19:15 Sat,0:20,"C","HDC DEVIZES 2",0,0,0,0,1,1,"Store volume","SALT SINGLE","","","",19:20 Sat,8:20,4:20,338,0,0:00,69.44,0:00,1,3,3,3,12:00 Sat,19:20 Sat,20:20 Sat,"MIDIW","MIDIW",12:00 Sat,12:45 Sat,"MIDIW",12:45 Sat,"SD Trailer",20:20 Sat,"","MIDIW PM BAND 1 Weekly","44T MIDIW",5406,1,171,"","","MIDIW",0,0,0,0,0
1008,1,1,"MIDIW",05:00 Sat,05:45 Sat,"NORHDC","Northampton HDC","NN4 7JE",00:01 Sat,23:59 Sat,05:50 Sat,06:10 Sat,0:20,"C","HDC DEVIZES 2",0,0,0,0,1,1,"Store volume","SALT SINGLE","","","",16:28 Sat,13:18,8:13,630,0,0:00,98.52,0:00,1,1,1,1,05:00 Sat,16:28 Sat,18:18 Sat,"MIDIW","MIDIW",05:00 Sat,05:45 Sat,"MIDIW",05:45 Sat,"SD Trailer",18:18 Sat,"","MIDIW AM BAND 1 Weekly","44T MIDIW",5512,314,1,"","","MIDIW",0,0,0,0,0
1008,1,2,"MIDIW",05:00 Sat,05:45 Sat,"EXEHDC2","EXETER 2","EX2 7JG",00:01 Sat,23:59 Sat,10:13 Sat,12:03 Sat,1:50,"D","",0,0,0,0,26,2,"Trunk volume","SALT SINGLE","","","",16:28 Sat,13:18,8:13,630,0,0:00,98.52,0:00,1,2,2,2,05:00 Sat,16:28 Sat,18:18 Sat,"MIDIW","MIDIW",05:00 Sat,05:45 Sat,"MIDIW",05:45 Sat,"SD Trailer",18:18 Sat,"","MIDIW AM BAND 1 Weekly","44T MIDIW",5510,314,314,"","","MIDIW",0,0,0,0,0
1008,1,3,"MIDIW",05:00 Sat,05:45 Sat,"NORHDC","Northampton HDC","NN4 7JE",00:01 Sat,23:59 Sat,16:03 Sat,16:23 Sat,0:20,"C","HDC DEVIZES 2",0,0,0,0,1,1,"Store volume","SALT SINGLE","","","",16:28 Sat,13:18,8:13,630,0,0:00,98.52,0:00,1,3,3,3,05:00 Sat,16:28 Sat,18:18 Sat,"MIDIW","MIDIW",05:00 Sat,05:45 Sat,"MIDIW",05:45 Sat,"SD Trailer",18:18 Sat,"","MIDIW AM BAND 1 Weekly","44T MIDIW",5513,1,314,"","","MIDIW",0,0,0,0,0
1009,1,1,"MIDIW",05:00 Sat,05:45 Sat,"NORHDC","Northampton HDC","NN4 7JE",00:01 Sat,23:59 Sat,05:50 Sat,06:10 Sat,0:20,"C","HDC DEVIZES 2",0,0,0,0,1,1,"Store volume","SALT SINGLE","","","",13:47 Sat,9:47,4:32,294,0,0:00,72.47,0:00,1,1,1,1,05:00 Sat,13:47 Sat,14:47 Sat,"MIDIW","MIDIW",05:00 Sat,05:45 Sat,"MIDIW",05:45 Sat,"SD Trailer",14:47 Sat,"","MIDIW AM BAND 1 Weekly","44T MIDIW",5514,149,1,"","","MIDIW",0,0,0,0,0
1009,1,2,"MIDIW",05:00 Sat,05:45 Sat,"DEVHDC3","DEVIZES 3","SN10 2HT",00:01 Sat,23:59 Sat,08:22 Sat,10:22 Sat,2:00,"D","",0,0,0,0,26,2,"Trunk volume","SALT SINGLE","","","",13:47 Sat,9:47,4:32,294,0,0:00,72.47,0:00,1,2,2,2,05:00 Sat,13:47 Sat,14:47 Sat,"MIDIW","MIDIW",05:00 Sat,05:45 Sat,"MIDIW",05:45 Sat,"SD Trailer",14:47 Sat,"","MIDIW AM BAND 1 Weekly","44T MIDIW",5511,143,149,"","","MIDIW",0,0,0,0,0
1009,1,3,"MIDIW",05:00 Sat,05:45 Sat,"NORHDC","Northampton HDC","NN4 7JE",00:01 Sat,23:59 Sat,13:22 Sat,13:42 Sat,0:20,"C","HDC DEVIZES 2",0,0,0,0,1,1,"Store volume","SALT SINGLE","","","",13:47 Sat,9:47,4:32,294,0,0:00,72.47,0:00,1,3,3,3,05:00 Sat,13:47 Sat,14:47 Sat,"MIDIW","MIDIW",05:00 Sat,05:45 Sat,"MIDIW",05:45 Sat,"SD Trailer",14:47 Sat,"","MIDIW AM BAND 1 Weekly","44T MIDIW",5515,1,143,"","","MIDIW",0,0,0,0,0
3002,1,1,"MIDIW",16:00 Sun,16:45 Sun,"CAROB","CAROB","CF10 4ED",00:01 Sun,23:59 Sun,20:10 Sun,20:10 Sun,0:00,"D","",0,0,0,0,40,1,"Store volume","SALT DOUBLE","","","",00:24 Mon,9:24,6:49,469,235,3:24,94.00,0:00,1,1,1,1,16:00 Sun,00:24 Mon,01:24 Mon,"MIDIW","MIDIW",16:00 Sun,16:45 Sun,"MIDIW",16:45 Sun,"DD Trailer",01:24 Mon,"","MIDIW PM BAND 3 Weekly","44T MIDIW",5410,235,234,"","","",0,0,0,0,0
3003,1,1,"DEVOB",18:00 Sun,18:30 Sun,"MIDIWTRUNK","MIDIWTRUNK","NN4 7JE",00:01 Sun,23:59 Sun,20:40 Sun,21:25 Sun,0:45,"C","",0,0,0,0,40,2,"Trunk volume","DEVOB DOUBLE","","","",00:27 Mon,6:57,4:22,292,143,2:10,69.50,0:00,1,1,1,1,18:00 Sun,00:27 Mon,00:57 Mon,"DEVOB","DEVOB",18:00 Sun,18:30 Sun,"DEVOB",18:30 Sun,"DD Trailer",00:57 Mon,"","DEVOB PM Weekly","44T DEVOB",5426,149,143,"","","",0,0,0,0,0
3004,1,1,"MIDIW",16:00 Sun,16:45 Sun,"WAKEIWTRUNK","WAKEIWTRUNK","WF10 5QS",00:01 Sun,23:59 Sun,19:18 Sun,20:03 Sun,0:45,"D","",0,0,0,0,40,1,"Store volume","SALT DOUBLE","","","",23:26 Sun,8:26,5:06,418,209,2:33,84.33,0:00,1,1,1,1,16:00 Sun,23:26 Sun,00:26 Mon,"MIDIW","MIDIW",16:00 Sun,16:45 Sun,"MIDIW",16:45 Sun,"DD Trailer",00:26 Mon,"","MIDIW PM BAND 3 Weekly","44T MIDIW",5412,209,209,"","","",0,0,0,0,0
3005,1,1,"MIDIW",16:00 Sun,16:45 Sun,"WAKEIWTRUNK","WAKEIWTRUNK","WF10 5QS",00:01 Sun,23:59 Sun,19:18 Sun,20:03 Sun,0:45,"D","",0,0,0,0,40,1,"Store volume","SALT DOUBLE","","","",23:26 Sun,8:26,5:06,418,209,2:33,84.33,0:00,1,1,1,1,16:00 Sun,23:26 Sun,00:26 Mon,"MIDIW","MIDIW",16:00 Sun,16:45 Sun,"MIDIW",16:45 Sun,"DD Trailer",00:26 Mon,"","MIDIW PM BAND 3 Weekly","44T MIDIW",5414,209,209,"","","",0,0,0,0,0
3006,1,1,"MIDIW",18:00 Sun,18:45 Sun,"WAKEIWTRUNK","WAKEIWTRUNK","WF10 5QS",00:01 Sun,23:59 Sun,21:18 Sun,22:03 Sun,0:45,"D","",0,0,0,0,40,1,"Store volume","SALT DOUBLE","","","",01:26 Mon,8:26,5:06,418,209,2:33,84.33,0:00,1,1,1,1,18:00 Sun,01:26 Mon,02:26 Mon,"MIDIW","MIDIW",18:00 Sun,18:45 Sun,"MIDIW",18:45 Sun,"DD Trailer",02:26 Mon,"","MIDIW PM BAND 4 Weekly","44T MIDIW",5415,209,209,"","","",0,0,0,0,0
4000,1,1,"WAKEIW",13:30 Sun,14:15 Sun,"MIDIWTRUNK","MIDIWTRUNK","NN4 7JE",00:01 Sun,23:59 Sun,16:46 Sun,17:31 Sun,0:45,"D","",0,0,0,0,40,1,"Store volume","WAKE DOUBLE","","","",22:33 Sun,10:03,5:43,470,31,0:29,83.75,0:00,1,1,1,1,13:30 Sun,22:33 Sun,23:33 Sun,"WAKEIW","WAKEIW",13:30 Sun,14:15 Sun,"WAKEIW",14:15 Sun,"DD Trailer",23:33 Sun,"","WAKEIW PM BAND 1 Weekly","44T WAKEIW",5416,230,209,"","","",0,0,0,0,0
4000,1,2,"WAKEIW",13:30 Sun,14:15 Sun,"WETCL","WETHERBY","LS22 5GT",00:01 Sun,23:59 Sun,21:04 Sun,22:04 Sun,1:00,"D","",0,0,0,0,40,1,"Store volume","WAKE DOUBLE","","","",22:33 Sun,10:03,5:43,470,31,0:29,83.75,0:00,1,2,2,2,13:30 Sun,22:33 Sun,23:33 Sun,"WAKEIW","WAKEIW",13:30 Sun,14:15 Sun,"WAKEIW",14:15 Sun,"DD Trailer",23:33 Sun,"","WAKEIW PM BAND 1 Weekly","44T WAKEIW",5417,31,230,"","","",0,0,0,0,0
4001,1,1,"WAKEIW",14:00 Sun,14:45 Sun,"MIDIWTRUNK","MIDIWTRUNK","NN4 7JE",00:01 Sun,23:59 Sun,17:16 Sun,18:01 Sun,0:45,"D","",0,0,0,0,40,1,"Store volume","WAKE DOUBLE","","","",21:23 Sun,8:23,5:03,418,209,2:32,83.83,0:00,1,1,1,1,14:00 Sun,21:23 Sun,22:23 Sun,"WAKEIW","WAKEIW",14:00 Sun,14:45 Sun,"WAKEIW",14:45 Sun,"DD Trailer",22:23 Sun,"","WAKEIW PM BAND 2 Weekly","44T WAKEIW",5418,209,209,"","","",0,0,0,0,0
4002,1,1,"WAKEIW",14:00 Sun,14:45 Sun,"MIDIWTRUNK","MIDIWTRUNK","NN4 7JE",00:01 Sun,23:59 Sun,17:16 Sun,18:01 Sun,0:45,"D","",0,0,0,0,40,1,"Store volume","WAKE DOUBLE","","","",21:23 Sun,8:23,5:03,418,209,2:32,83.83,0:00,1,1,1,1,14:00 Sun,21:23 Sun,22:23 Sun,"WAKEIW","WAKEIW",14:00 Sun,14:45 Sun,"WAKEIW",14:45 Sun,"DD Trailer",22:23 Sun,"","WAKEIW PM BAND 2 Weekly","44T WAKEIW",5419,209,209,"","","",0,0,0,0,0
4003,1,1,"WAKEIW",15:00 Sun,15:45 Sun,"MIDIWTRUNK","MIDIWTRUNK","NN4 7JE",00:01 Sun,23:59 Sun,18:16 Sun,19:01 Sun,0:45,"D","",0,0,0,0,40,1,"Store volume","WAKE DOUBLE","","","",22:23 Sun,8:23,5:03,418,209,2:32,83.83,0:00,1,1,1,1,15:00 Sun,22:23 Sun,23:23 Sun,"WAKEIW","WAKEIW",15:00 Sun,15:45 Sun,"WAKEIW",15:45 Sun,"DD Trailer",23:23 Sun,"","WAKEIW PM BAND 2 Weekly","44T WAKEIW",5420,209,209,"","","",0,0,0,0,0
4004,1,1,"WAKEIW",16:00 Sun,16:45 Sun,"MIDIWTRUNK","MIDIWTRUNK","NN4 7JE",00:01 Sun,23:59 Sun,19:16 Sun,20:01 Sun,0:45,"D","",0,0,0,0,40,1,"Store volume","WAKE DOUBLE","","","",23:23 Sun,8:23,5:03,418,209,2:32,83.83,0:00,1,1,1,1,16:00 Sun,23:23 Sun,00:23 Mon,"WAKEIW","WAKEIW",16:00 Sun,16:45 Sun,"WAKEIW",16:45 Sun,"DD Trailer",00:23 Mon,"","WAKEIW PM BAND 3 Weekly","44T WAKEIW",5421,209,209,"","","",0,0,0,0,0
4005,1,1,"WAKEIW",16:30 Sun,17:15 Sun,"MIDIWTRUNK","MIDIWTRUNK","NN4 7JE",00:01 Sun,23:59 Sun,19:46 Sun,20:31 Sun,0:45,"C","",0,0,0,0,24,1,"Store volume","WAKE DOUBLE","","","",23:53 Sun,8:23,5:03,418,209,2:31,83.83,0:00,1,1,1,1,16:30 Sun,23:53 Sun,00:53 Mon,"WAKEIW","WAKEIW",16:30 Sun,17:15 Sun,"WAKEIW",17:15 Sun,"DD Trailer",00:53 Mon,"","WAKEIW PM BAND 3 Weekly","44T WAKEIW",5424,209,209,"","","",0,0,0,0,0
5000,1,1,"MIDIW",06:00 Sat,06:00 Sat,"SHUNTSAL","SHUNTSAL","NN4 7EX",00:01 Sat,23:59 Sat,06:05 Sat,13:55 Sat,7:50,"D","SHUNTER",0,0,0,0,1,1,"Store volume","","","","",14:00 Sat,8:00,0:10,2,1,0:05,100.00,0:00,1,1,1,1,06:00 Sat,14:00 Sat,14:00 Sat,"MIDIW","MIDIW",06:00 Sat,06:00 Sat,"MIDIW",06:00 Sat,"",14:00 Sat,"","SHUNTERAM Weekly","",5425,1,1,"","","",0,0,0,0,0
5001,1,1,"MIDIW",14:00 Sun,14:00 Sun,"SHUNTSAL","SHUNTSAL","NN4 7EX",00:01 Sun,23:59 Sun,14:05 Sun,21:55 Sun,7:50,"D","SHUNTER",0,0,0,0,1,1,"Store volume","","","","",22:00 Sun,8:00,0:10,2,1,0:05,100.00,0:00,1,1,1,1,14:00 Sun,22:00 Sun,22:00 Sun,"MIDIW","MIDIW",14:00 Sun,14:00 Sun,"MIDIW",14:00 Sun,"",22:00 Sun,"","SHUNTERPM Weekly","",5508,1,1,"","","",0,0,0,0,0
5002,1,1,"MIDIW",22:00 Sun,22:00 Sun,"SHUNTSAL","SHUNTSAL","NN4 7EX",00:01 Sun,23:59 Sun,22:05 Sun,05:55 Mon,7:50,"D","SHUNTER",0,0,0,0,1,1,"Store volume","","","","",06:00 Mon,8:00,0:10,2,1,0:05,100.00,0:00,1,1,1,1,22:00 Sun,06:00 Mon,06:00 Mon,"MIDIW","MIDIW",22:00 Sun,22:00 Sun,"MIDIW",22:00 Sun,"",06:00 Mon,"","SHUNTERNIGHT Weekly","",5509,1,1,"","","",0,0,0,0,0
5003,1,1,"MIDIW",06:00 Sat,06:45 Sat,"NORHDCSHUNT","HDC SHUNTING","NN4 7JE",00:01 Sat,23:59 Sat,06:50 Sat,13:55 Sat,7:05,"C","SHUNTING THEN HDC BURNTWOOD",0,0,0,0,1,1,"Store volume","SALT SINGLE","","","",14:00 Sat,9:00,0:10,2,1,0:05,66.67,0:00,1,1,1,1,06:00 Sat,14:00 Sat,15:00 Sat,"MIDIW","MIDIW",06:00 Sat,06:45 Sat,"MIDIW",06:45 Sat,"SD Trailer",15:00 Sat,"","MIDIW AM BAND 2 Weekly","44T MIDIW",5353,1,1,"","","",0,0,0,0,0
6000,1,1,"BELOB",18:00 Sun,18:30 Sun,"WETCL","WETHERBY","LS22 5GT",00:01 Sun,23:59 Sun,22:17 Sun,23:17 Sun,1:00,"C","",0,0,0,0,40,2,"Trunk volume","BELLS DOUBLE","","","",03:56 Mon,10:26,7:36,621,310,3:47,104.33,0:00,1,1,1,1,18:00 Sun,03:56 Mon,04:26 Mon,"BELOB","BELOB",18:00 Sun,18:30 Sun,"BELOB",18:30 Sun,"DD Trailer",04:26 Mon,"","BELOB PM Weekly","44T BELOB",5507,311,310,"","","",0,0,0,0,0
