CALL.ROUTENO,CALL.TRIPNO,CALL.TRIPPOS,CALL.DEPOTID,CALL.DSHIFTSTARTTIME,CALL.DEPOTDEPART,CALL.ID,CALL.NAME,CALL.POSTCODE,CALL.TWSTART,CALL.TWEND,CALL.ARRIVALTIME,CALL.DEPARTTIME,CALL.DURATION,CALL.TYPE,CALL.ORDDETS1,CALL.MEASURE1,CALL.MEASURE2,CALL.MEASURE3,CALL.MEASURE4,CALL.MEASURE5,CALL.PRODUCT,CALL.PRODUCTNAME,CALL.TRAILGRPNAME,CALL.ORDDETS2,CALL.ORDDETS3,CALL.ORDDETS4,CALL.TRPENDDEPOTARR,CALL.DSHIFTTOTDUTY,CALL.DSHIFTTOTDRIVE,CALL.DSHIFTTOTDIST,CALL.DSHIFTEMPTYDIST,CALL.DSHIFTEMPTYTIME,CALL.DSHIFTTIMEUTIL,CALL.DSHIFTTOTWAIT,CALL.DSHIFTTOTTRIPS,CALL.RDROPNUM,CALL.ROUTEPOS,CALL.TDROPNUM,CALL.TRIPSTART,CALL.TRPDSTDEPOTARR,CALL.TRPDSTDEPOTDEP,CALL.TRPENDDEPOT,CALL.TRPSRCDEPOT,CALL.TRPSRCDEPOTARR,CALL.TRPSRCDEPOTDEP,CALL.TRPSTARTDEPOT,CALL.TRPSTARTDEPOTDEP,CALL.TRAILTYPENAME,CALL.DSHIFTENDTIME,CALL.PAIR,CALL.DRIVGRPNAME,CALL.TRCTGRPNAME,CALL.DROPID,CALL.TRVDISNXT,CALL.TRVDISPRV,CALL.CUSTTDATA01,CALL.CUSTTDATA02,CALL.CUSTTDATA03,CALL.NDATA01,CALL.NDATA02,CALL.NDATA03,CALL.NDATA04,CALL.NDATA05
1,1,1,"MIDIW",14:00 Sun,14:45 Sun,"322","Edmonton","N18 3HA",16:00 Sun,18:00 Sun,16:18 Sun,17:38 Sun,1:20,"D","",0,0,0,0,25,1,"Store volume","SALT DOUBLE","","","",19:11 Sun,7:01,3:06,221,110,1:33,70.17,0:00,1,1,1,1,14:00 Sun,19:11 Sun,21:01 Sun,"MIDIW","MIDIW",14:00 Sun,14:45 Sun,"MIDIW",14:45 Sun,"DD Trailer",21:01 Sun,"","MIDIW PM BAND 2 Weekly","44T MIDIW",5409,110,110,"","","MIDIW",0,0,0,0,0
2,1,1,"MIDIW",04:05 Sat,04:50 Sat,"48","Taunton (New)","TA1 1QS",08:00 Sat,10:00 Sat,08:13 Sat,09:19 Sat,1:06,"D","",6070,15,3,4,18,1,"Store volume","SALT DOUBLE","","","",15:01 Sat,12:46,6:47,510,0,0:00,94.57,0:00,1,1,1,1,04:05 Sat,15:01 Sat,16:51 Sat,"MIDIW","MIDIW",04:05 Sat,04:50 Sat,"MIDIW",04:50 Sat,"DD Trailer",16:51 Sat,"","MIDIW AM BAND 1 Weekly","44T MIDIW",5522,140,257,"","","MIDIW",1773,0,18,0,10397
2,1,2,"MIDIW",04:05 Sat,04:50 Sat,"342","Swindon","SN2 8DH",09:00 Sat,11:00 Sat,11:53 Sat,13:19 Sat,1:26,"D","",11671,20,8,3,28,1,"Store volume","SALT DOUBLE","","","",15:01 Sat,12:46,6:47,510,0,0:00,94.57,0:00,1,2,2,2,04:05 Sat,15:01 Sat,16:51 Sat,"MIDIW","MIDIW",04:05 Sat,04:50 Sat,"MIDIW",04:50 Sat,"DD Trailer",16:51 Sat,"","MIDIW AM BAND 1 Weekly","44T MIDIW",5557,0,140,"01793 610701","","MIDIW",3651,0,28,0,20371
2,1,3,"MIDIW",04:05 Sat,04:50 Sat,"342","Swindon","SN2 8DH",09:00 Sat,11:00 Sat,13:19 Sat,13:21 Sat,0:02,"C","",0,5,0,0,0,4,"Salvage","SALT DOUBLE","","","",15:01 Sat,12:46,6:47,510,0,0:00,94.57,0:00,1,2,3,2,04:05 Sat,15:01 Sat,16:51 Sat,"MIDIW","MIDIW",04:05 Sat,04:50 Sat,"MIDIW",04:50 Sat,"DD Trailer",16:51 Sat,"","MIDIW AM BAND 1 Weekly","44T MIDIW",5614,113,0,"01793 610701","","MIDIW",0,0,0,0,0
3,1,1,"CAROB",07:19 Sat,07:49 Sat,"271","Bridgend","CF31 3XX",08:30 Sat,10:30 Sat,08:30 Sat,09:48 Sat,1:18,"D","",8038,20,4,4,24,1,"Store volume","CAROB DOUBLE","","","",14:05 Sat,7:16,2:33,154,0,0:00,53.83,0:00,1,1,1,1,07:19 Sat,14:05 Sat,14:35 Sat,"CAROB","CAROB",07:19 Sat,07:49 Sat,"CAROB",07:49 Sat,"DD Trailer",14:35 Sat,"","CAROB AM Weekly","44T CAROB",5541,0,38,"01656 662697","","CAROB",1931,0,24,0,16225
3,1,2,"CAROB",07:19 Sat,07:49 Sat,"271","Bridgend","CF31 3XX",08:30 Sat,10:30 Sat,09:48 Sat,09:50 Sat,0:02,"C","",0,5,0,0,0,4,"Salvage","CAROB DOUBLE","","","",14:05 Sat,7:16,2:33,154,0,0:00,53.83,0:00,1,1,2,1,07:19 Sat,14:05 Sat,14:35 Sat,"CAROB","CAROB",07:19 Sat,07:49 Sat,"CAROB",07:49 Sat,"DD Trailer",14:35 Sat,"","CAROB AM Weekly","44T CAROB",5597,39,0,"01656 662697","","CAROB",0,0,0,0,0
3,1,3,"CAROB",07:19 Sat,07:49 Sat,"323","Swansea","SA5 8LJ",10:00 Sat,12:00 Sat,10:27 Sat,11:59 Sat,1:32,"D","",11846,23,8,4,31,1,"Store volume","CAROB DOUBLE","","","",14:05 Sat,7:16,2:33,154,0,0:00,53.83,0:00,1,2,3,2,07:19 Sat,14:05 Sat,14:35 Sat,"CAROB","CAROB",07:19 Sat,07:49 Sat,"CAROB",07:49 Sat,"DD Trailer",14:35 Sat,"","CAROB AM Weekly","44T CAROB",5552,0,39,"","","CAROB",2674,0,31,0,19019
3,1,4,"CAROB",07:19 Sat,07:49 Sat,"323","Swansea","SA5 8LJ",10:00 Sat,12:00 Sat,11:59 Sat,12:00 Sat,0:01,"C","",0,5,0,0,0,4,"Salvage","CAROB DOUBLE","","","",14:05 Sat,7:16,2:33,154,0,0:00,53.83,0:00,1,2,4,2,07:19 Sat,14:05 Sat,14:35 Sat,"CAROB","CAROB",07:19 Sat,07:49 Sat,"CAROB",07:49 Sat,"DD Trailer",14:35 Sat,"","CAROB AM Weekly","44T CAROB",5608,77,0,"","","CAROB",0,0,0,0,0
4,1,1,"MIDIW",04:05 Sat,04:50 Sat,"290","Newport","NP20 5GN",07:30 Sat,09:30 Sat,07:44 Sat,08:56 Sat,1:12,"D","",7781,16,5,3,21,1,"Store volume","SALT DOUBLE","","","",12:40 Sat,9:35,5:47,427,0,0:00,70.99,0:00,1,1,1,1,04:05 Sat,12:40 Sat,13:40 Sat,"MIDIW","MIDIW",04:05 Sat,04:50 Sat,"MIDIW",04:50 Sat,"DD Trailer",13:40 Sat,"","MIDIW AM BAND 1 Weekly","44T MIDIW",5544,0,213,"01977 602902","","",2026,0,21,0,14968
4,1,2,"MIDIW",04:05 Sat,04:50 Sat,"290","Newport","NP20 5GN",07:30 Sat,09:30 Sat,08:56 Sat,08:58 Sat,0:02,"C","",0,5,0,0,0,4,"Salvage","SALT DOUBLE","","","",12:40 Sat,9:35,5:47,427,0,0:00,70.99,0:00,1,1,2,1,04:05 Sat,12:40 Sat,13:40 Sat,"MIDIW","MIDIW",04:05 Sat,04:50 Sat,"MIDIW",04:50 Sat,"DD Trailer",13:40 Sat,"","MIDIW AM BAND 1 Weekly","44T MIDIW",5600,213,0,"01977 602902","","",0,0,0,0,0
5,1,1,"MIDIW",04:05 Sat,04:50 Sat,"246","Bournemouth","BH11 8LL",07:15 Sat,09:15 Sat,07:57 Sat,08:55 Sat,0:58,"D","",6268,10,4,2,14,1,"Store volume","SALT DOUBLE","","","",14:27 Sat,11:22,6:26,469,0,0:00,84.20,0:00,1,1,1,1,04:05 Sat,14:27 Sat,15:27 Sat,"MIDIW","MIDIW",04:05 Sat,04:50 Sat,"MIDIW",04:50 Sat,"DD Trailer",15:27 Sat,"","MIDIW AM BAND 1 Weekly","44T MIDIW",5537,0,247,"0191 263 5878","","MIDIW",1341,0,14,0,8170
5,1,2,"MIDIW",04:05 Sat,04:50 Sat,"246","Bournemouth","BH11 8LL",07:15 Sat,09:15 Sat,08:55 Sat,08:56 Sat,0:01,"C","",0,5,0,0,0,4,"Salvage","SALT DOUBLE","","","",14:27 Sat,11:22,6:26,469,0,0:00,84.20,0:00,1,1,2,1,04:05 Sat,14:27 Sat,15:27 Sat,"MIDIW","MIDIW",04:05 Sat,04:50 Sat,"MIDIW",04:50 Sat,"DD Trailer",15:27 Sat,"","MIDIW AM BAND 1 Weekly","44T MIDIW",5592,48,0,"0191 263 5878","","MIDIW",0,0,0,0,0
5,1,3,"MIDIW",04:05 Sat,04:50 Sat,"328","Southampton","SO16 6TP",08:00 Sat,10:00 Sat,10:37 Sat,11:57 Sat,1:20,"D","",7755,20,5,3,25,1,"Store volume","SALT DOUBLE","","","",14:27 Sat,11:22,6:26,469,0,0:00,84.20,0:00,1,2,3,2,04:05 Sat,14:27 Sat,15:27 Sat,"MIDIW","MIDIW",04:05 Sat,04:50 Sat,"MIDIW",04:50 Sat,"DD Trailer",15:27 Sat,"","MIDIW AM BAND 1 Weekly","44T MIDIW",5554,0,48,"01253 791146","","MIDIW",2115,0,25,0,15618
5,1,4,"MIDIW",04:05 Sat,04:50 Sat,"328","Southampton","SO16 6TP",08:00 Sat,10:00 Sat,11:57 Sat,11:59 Sat,0:02,"C","",0,5,0,0,0,4,"Salvage","SALT DOUBLE","","","",14:27 Sat,11:22,6:26,469,0,0:00,84.20,0:00,1,2,4,2,04:05 Sat,14:27 Sat,15:27 Sat,"MIDIW","MIDIW",04:05 Sat,04:50 Sat,"MIDIW",04:50 Sat,"DD Trailer",15:27 Sat,"","MIDIW AM BAND 1 Weekly","44T MIDIW",5610,174,0,"01253 791146","","MIDIW",0,0,0,0,0
6,1,1,"MIDIW",04:10 Sat,04:55 Sat,"230","Brighton","BN3 1SF",07:30 Sat,09:30 Sat,07:30 Sat,08:26 Sat,0:56,"D","",4534,10,3,2,13,1,"Store volume","SALT DOUBLE","","","",13:55 Sat,10:45,6:01,450,0,0:00,79.63,0:00,1,1,1,1,04:10 Sat,13:55 Sat,14:55 Sat,"MIDIW","MIDIW",04:10 Sat,04:55 Sat,"MIDIW",04:55 Sat,"DD Trailer",14:55 Sat,"","MIDIW AM BAND 1 Weekly","44T MIDIW",5531,0,208,"020 8665 6755","","MIDIW",1393,0,13,0,8209
6,1,2,"MIDIW",04:10 Sat,04:55 Sat,"230","Brighton","BN3 1SF",07:30 Sat,09:30 Sat,08:26 Sat,08:28 Sat,0:02,"C","",0,5,0,0,0,4,"Salvage","SALT DOUBLE","","","",13:55 Sat,10:45,6:01,450,0,0:00,79.63,0:00,1,1,2,1,04:10 Sat,13:55 Sat,14:55 Sat,"MIDIW","MIDIW",04:10 Sat,04:55 Sat,"MIDIW",04:55 Sat,"DD Trailer",14:55 Sat,"","MIDIW AM BAND 1 Weekly","44T MIDIW",5586,33,0,"020 8665 6755","","MIDIW",0,0,0,0,0
6,1,3,"MIDIW",04:10 Sat,04:55 Sat,"444","Littlehampton","BN17 5RA",08:00 Sat,10:00 Sat,09:09 Sat,11:11 Sat,2:02,"D","",5679,16,5,4,21,1,"Store volume","SALT DOUBLE","","","",13:55 Sat,10:45,6:01,450,0,0:00,79.63,0:00,1,2,3,2,04:10 Sat,13:55 Sat,14:55 Sat,"MIDIW","MIDIW",04:10 Sat,04:55 Sat,"MIDIW",04:55 Sat,"DD Trailer",14:55 Sat,"","MIDIW AM BAND 1 Weekly","44T MIDIW",5572,209,33,"","","MIDIW",2730,0,21,0,13586
7,1,1,"MIDIW",05:12 Sat,05:57 Sat,"227","Waterlooville","PO7 7HR",08:00 Sat,10:00 Sat,08:22 Sat,09:32 Sat,1:10,"D","",5107,17,3,4,20,1,"Store volume","SALT DOUBLE","","","",14:07 Sat,9:55,5:00,403,0,0:00,73.46,0:00,1,1,1,1,05:12 Sat,14:07 Sat,15:07 Sat,"MIDIW","MIDIW",05:12 Sat,05:57 Sat,"MIDIW",05:57 Sat,"DD Trailer",15:07 Sat,"","MIDIW AM BAND 1 Weekly","44T MIDIW",5530,63,199,"01205 310186","","MIDIW",2059,0,20,0,11399
7,1,2,"MIDIW",05:12 Sat,05:57 Sat,"385","Guildford","GU1 1EH",11:15 Sat,13:15 Sat,11:15 Sat,12:23 Sat,1:08,"D","",6142,16,3,3,19,1,"Store volume","SALT DOUBLE","","","",14:07 Sat,9:55,5:00,403,0,0:00,73.46,0:00,1,2,2,2,05:12 Sat,14:07 Sat,15:07 Sat,"MIDIW","MIDIW",05:12 Sat,05:57 Sat,"MIDIW",05:57 Sat,"DD Trailer",15:07 Sat,"","MIDIW AM BAND 1 Weekly","44T MIDIW",5562,0,63,"","","MIDIW",1532,0,19,0,10740
7,1,3,"MIDIW",05:12 Sat,05:57 Sat,"385","Guildford","GU1 1EH",11:15 Sat,13:15 Sat,12:23 Sat,12:25 Sat,0:02,"C","",0,5,0,0,0,4,"Salvage","SALT DOUBLE","","","",14:07 Sat,9:55,5:00,403,0,0:00,73.46,0:00,1,2,3,2,05:12 Sat,14:07 Sat,15:07 Sat,"MIDIW","MIDIW",05:12 Sat,05:57 Sat,"MIDIW",05:57 Sat,"DD Trailer",15:07 Sat,"","MIDIW AM BAND 1 Weekly","44T MIDIW",5618,140,0,"","","MIDIW",0,0,0,0,0
8,1,1,"MIDIW",05:06 Sat,05:51 Sat,"495","Newbury","RG14 5EA",07:30 Sat,09:30 Sat,07:30 Sat,08:26 Sat,0:56,"D","",3103,11,2,3,13,1,"Store volume","SALT DOUBLE","","","",13:28 Sat,9:22,4:46,277,0,0:00,69.38,0:00,1,1,1,1,05:06 Sat,13:28 Sat,14:28 Sat,"MIDIW","MIDIW",05:06 Sat,05:51 Sat,"MIDIW",05:51 Sat,"DD Trailer",14:28 Sat,"","MIDIW AM BAND 1 Weekly","44T MIDIW",5578,0,115,"","","MIDIW",692,0,13,0,6332
8,1,2,"MIDIW",05:06 Sat,05:51 Sat,"495","Newbury","RG14 5EA",07:30 Sat,09:30 Sat,08:26 Sat,08:28 Sat,0:02,"C","",0,5,0,0,0,4,"Salvage","SALT DOUBLE","","","",13:28 Sat,9:22,4:46,277,0,0:00,69.38,0:00,1,1,2,1,05:06 Sat,13:28 Sat,14:28 Sat,"MIDIW","MIDIW",05:06 Sat,05:51 Sat,"MIDIW",05:51 Sat,"DD Trailer",14:28 Sat,"","MIDIW AM BAND 1 Weekly","44T MIDIW",5635,29,0,"","","MIDIW",0,0,0,0,0
8,1,3,"MIDIW",05:06 Sat,05:51 Sat,"371","Reading","RG30 1PR",08:00 Sat,10:00 Sat,09:17 Sat,10:19 Sat,1:02,"D","",5738,13,3,3,16,1,"Store volume","SALT DOUBLE","","","",13:28 Sat,9:22,4:46,277,0,0:00,69.38,0:00,1,2,3,2,05:06 Sat,13:28 Sat,14:28 Sat,"MIDIW","MIDIW",05:06 Sat,05:51 Sat,"MIDIW",05:51 Sat,"DD Trailer",14:28 Sat,"","MIDIW AM BAND 1 Weekly","44T MIDIW",5560,0,29,"","","MIDIW",1884,0,16,0,11370
8,1,4,"MIDIW",05:06 Sat,05:51 Sat,"371","Reading","RG30 1PR",08:00 Sat,10:00 Sat,10:19 Sat,10:21 Sat,0:02,"C","",0,5,0,0,0,4,"Salvage","SALT DOUBLE","","","",13:28 Sat,9:22,4:46,277,0,0:00,69.38,0:00,1,2,4,2,05:06 Sat,13:28 Sat,14:28 Sat,"MIDIW","MIDIW",05:06 Sat,05:51 Sat,"MIDIW",05:51 Sat,"DD Trailer",14:28 Sat,"","MIDIW AM BAND 1 Weekly","44T MIDIW",5617,133,0,"","","MIDIW",0,0,0,0,0
9,1,1,"MIDIW",05:33 Sat,06:18 Sat,"465","Winnersh","RG41 5HH",08:00 Sat,10:00 Sat,08:00 Sat,09:00 Sat,1:00,"D","",4944,13,2,2,15,1,"Store volume","SALT DOUBLE","","","",13:32 Sat,8:59,3:41,284,0,0:00,66.54,0:00,1,1,1,1,05:33 Sat,13:32 Sat,14:32 Sat,"MIDIW","MIDIW",05:33 Sat,06:18 Sat,"MIDIW",06:18 Sat,"DD Trailer",14:32 Sat,"","MIDIW AM BAND 1 Weekly","44T MIDIW",5577,0,137,"","","MIDIW",1926,0,15,0,9578
9,1,2,"MIDIW",05:33 Sat,06:18 Sat,"465","Winnersh","RG41 5HH",08:00 Sat,10:00 Sat,09:00 Sat,09:02 Sat,0:02,"C","",0,5,0,0,0,4,"Salvage","SALT DOUBLE","","","",13:32 Sat,8:59,3:41,284,0,0:00,66.54,0:00,1,1,2,1,05:33 Sat,13:32 Sat,14:32 Sat,"MIDIW","MIDIW",05:33 Sat,06:18 Sat,"MIDIW",06:18 Sat,"DD Trailer",14:32 Sat,"","MIDIW AM BAND 1 Weekly","44T MIDIW",5634,12,0,"","","MIDIW",0,0,0,0,0
9,1,3,"MIDIW",05:33 Sat,06:18 Sat,"312","Bracknell","RG12 1NS",09:00 Sat,11:00 Sat,09:17 Sat,10:57 Sat,1:40,"D","",11937,27,8,4,35,1,"Store volume","SALT DOUBLE","","","",13:32 Sat,8:59,3:41,284,0,0:00,66.54,0:00,1,2,3,2,05:33 Sat,13:32 Sat,14:32 Sat,"MIDIW","MIDIW",05:33 Sat,06:18 Sat,"MIDIW",06:18 Sat,"DD Trailer",14:32 Sat,"","MIDIW AM BAND 1 Weekly","44T MIDIW",5547,0,12,"01786 451809","","MIDIW",3881,0,35,0,21343
9,1,4,"MIDIW",05:33 Sat,06:18 Sat,"312","Bracknell","RG12 1NS",09:00 Sat,11:00 Sat,10:57 Sat,10:59 Sat,0:02,"C","",0,5,0,0,0,4,"Salvage","SALT DOUBLE","","","",13:32 Sat,8:59,3:41,284,0,0:00,66.54,0:00,1,2,4,2,05:33 Sat,13:32 Sat,14:32 Sat,"MIDIW","MIDIW",05:33 Sat,06:18 Sat,"MIDIW",06:18 Sat,"DD Trailer",14:32 Sat,"","MIDIW AM BAND 1 Weekly","44T MIDIW",5603,136,0,"01786 451809","","MIDIW",0,0,0,0,0
10,1,1,"MIDIW",08:27 Sat,09:12 Sat,"314","Maidstone","ME16 0SN",09:30 Sat,11:30 Sat,11:30 Sat,12:46 Sat,1:16,"D","",11370,18,5,3,23,1,"Store volume","SALT DOUBLE","","","",17:19 Sat,9:52,4:51,363,0,0:00,73.09,0:01,1,1,1,1,08:27 Sat,17:19 Sat,18:19 Sat,"MIDIW","MIDIW",08:27 Sat,09:12 Sat,"MIDIW",09:12 Sat,"DD Trailer",18:19 Sat,"","MIDIW AM BAND 3 Weekly","44T MIDIW",5549,0,182,"0161 763 9960","","MIDIW",2566,0,23,0,17055
10,1,2,"MIDIW",08:27 Sat,09:12 Sat,"314","Maidstone","ME16 0SN",09:30 Sat,11:30 Sat,12:46 Sat,12:48 Sat,0:02,"C","",0,5,0,0,0,4,"Salvage","SALT DOUBLE","","","",17:19 Sat,9:52,4:51,363,0,0:00,73.09,0:01,1,1,2,1,08:27 Sat,17:19 Sat,18:19 Sat,"MIDIW","MIDIW",08:27 Sat,09:12 Sat,"MIDIW",09:12 Sat,"DD Trailer",18:19 Sat,"","MIDIW AM BAND 3 Weekly","44T MIDIW",5605,13,0,"0161 763 9960","","MIDIW",0,0,0,0,0
10,1,3,"MIDIW",08:27 Sat,09:12 Sat,"233","Chatham","ME4 6AA",14:00 Sat,16:00 Sat,14:00 Sat,15:06 Sat,1:06,"D","",6256,13,5,2,18,1,"Store volume","SALT DOUBLE","","","",17:19 Sat,9:52,4:51,363,0,0:00,73.09,0:01,1,2,3,2,08:27 Sat,17:19 Sat,18:19 Sat,"MIDIW","MIDIW",08:27 Sat,09:12 Sat,"MIDIW",09:12 Sat,"DD Trailer",18:19 Sat,"","MIDIW AM BAND 3 Weekly","44T MIDIW",5534,0,13,"01634 406060","","MIDIW",2223,0,18,0,12746
10,1,4,"MIDIW",08:27 Sat,09:12 Sat,"233","Chatham","ME4 6AA",14:00 Sat,16:00 Sat,15:06 Sat,15:08 Sat,0:02,"C","",0,5,0,0,0,4,"Salvage","SALT DOUBLE","","","",17:19 Sat,9:52,4:51,363,0,0:00,73.09,0:01,1,2,4,2,08:27 Sat,17:19 Sat,18:19 Sat,"MIDIW","MIDIW",08:27 Sat,09:12 Sat,"MIDIW",09:12 Sat,"DD Trailer",18:19 Sat,"","MIDIW AM BAND 3 Weekly","44T MIDIW",5589,168,0,"01634 406060","","MIDIW",0,0,0,0,0
11,1,1,"MIDIW",08:40 Sat,09:25 Sat,"405","Twickenham","TW2 5NT",09:00 Sat,11:00 Sat,11:00 Sat,12:24 Sat,1:24,"D","",9952,24,3,3,27,1,"Store volume","SALT DOUBLE","","","",18:07 Sat,10:26,4:11,257,116,1:57,77.28,0:57,1,1,1,1,08:40 Sat,18:07 Sat,19:07 Sat,"MIDIW","MIDIW",08:40 Sat,09:25 Sat,"MIDIW",09:25 Sat,"DD Trailer",19:07 Sat,"","MIDIW AM BAND 3 Weekly","44T MIDIW",5564,23,118,"","","MIDIW",1919,0,27,0,17801
11,1,2,"MIDIW",08:40 Sat,09:25 Sat,"59","Wimbledon","SW17 0BW",14:00 Sat,16:00 Sat,14:00 Sat,16:10 Sat,2:10,"D","",12091,17,8,3,25,1,"Store volume","SALT DOUBLE","","","",18:07 Sat,10:26,4:11,257,116,1:57,77.28,0:57,1,2,2,2,08:40 Sat,18:07 Sat,19:07 Sat,"MIDIW","MIDIW",08:40 Sat,09:25 Sat,"MIDIW",09:25 Sat,"DD Trailer",19:07 Sat,"","MIDIW AM BAND 3 Weekly","44T MIDIW",5523,116,23,"020 8947 9818","","MIDIW",2549,0,25,0,17824
12,1,1,"MIDIW",11:30 Sat,12:15 Sat,"297","Barking","IG11 8BL",14:00 Sat,16:00 Sat,14:00 Sat,16:10 Sat,2:10,"D","",20744,35,15,4,50,1,"Store volume","SALT DOUBLE","","","",18:46 Sat,8:16,3:29,259,0,0:00,61.23,0:00,1,1,1,1,11:30 Sat,18:46 Sat,19:46 Sat,"MIDIW","MIDIW",11:30 Sat,12:15 Sat,"MIDIW",12:15 Sat,"DD Trailer",19:46 Sat,"","MIDIW AM BAND 4 Weekly","44T MIDIW",5545,0,130,"01772 556487","","MIDIW",3191,0,50,0,32693
12,1,2,"MIDIW",11:30 Sat,12:15 Sat,"297","Barking","IG11 8BL",14:00 Sat,16:00 Sat,16:10 Sat,16:12 Sat,0:02,"C","",0,5,0,0,0,4,"Salvage","SALT DOUBLE","","","",18:46 Sat,8:16,3:29,259,0,0:00,61.23,0:00,1,1,2,1,11:30 Sat,18:46 Sat,19:46 Sat,"MIDIW","MIDIW",11:30 Sat,12:15 Sat,"MIDIW",12:15 Sat,"DD Trailer",19:46 Sat,"","MIDIW AM BAND 4 Weekly","44T MIDIW",5601,130,0,"01772 556487","","MIDIW",0,0,0,0,0
13,1,1,"MIDIW",08:56 Sat,09:41 Sat,"83","Catford","SE6 4NU",12:00 Sat,14:00 Sat,12:00 Sat,13:42 Sat,1:42,"D","",12753,30,6,4,36,1,"Store volume","SALT DOUBLE","","","",16:53 Sat,8:57,4:39,238,0,0:00,66.30,0:00,1,1,1,1,08:56 Sat,16:53 Sat,17:53 Sat,"MIDIW","MIDIW",08:56 Sat,09:41 Sat,"MIDIW",09:41 Sat,"DD Trailer",17:53 Sat,"","MIDIW AM BAND 3 Weekly","44T MIDIW",5527,0,120,"020 8690 9872","","MIDIW",2307,0,36,0,21600
13,1,2,"MIDIW",08:56 Sat,09:41 Sat,"83","Catford","SE6 4NU",12:00 Sat,14:00 Sat,13:42 Sat,13:44 Sat,0:02,"C","",0,5,0,0,0,4,"Salvage","SALT DOUBLE","","","",16:53 Sat,8:57,4:39,238,0,0:00,66.30,0:00,1,1,2,1,08:56 Sat,16:53 Sat,17:53 Sat,"MIDIW","MIDIW",08:56 Sat,09:41 Sat,"MIDIW",09:41 Sat,"DD Trailer",17:53 Sat,"","MIDIW AM BAND 3 Weekly","44T MIDIW",5583,118,0,"020 8690 9872","","MIDIW",0,0,0,0,0
14,1,1,"MIDIW",04:31 Sat,05:16 Sat,"72","Cricklewood","NW2 6JN",06:30 Sat,08:30 Sat,06:30 Sat,08:30 Sat,2:00,"D","",19004,32,13,4,45,1,"Store volume","SALT DOUBLE","","","",09:47 Sat,8:13,2:51,202,5,0:11,60.86,0:00,2,1,1,1,04:31 Sat,09:47 Sat,11:07 Sat,"MIDIW","MIDIW",04:31 Sat,05:16 Sat,"MIDIW",05:16 Sat,"DD Trailer",12:44 Sat,"","MIDIW AM BAND 1 Weekly","44T MIDIW",5524,0,96,"01159 865983","","MIDIW",3942,0,45,0,30392
14,1,2,"MIDIW",04:31 Sat,05:16 Sat,"72","Cricklewood","NW2 6JN",06:30 Sat,08:30 Sat,08:30 Sat,08:32 Sat,0:02,"C","",0,5,0,0,0,4,"Salvage","SALT DOUBLE","","","",09:47 Sat,8:13,2:51,202,5,0:11,60.86,0:00,2,1,2,1,04:31 Sat,09:47 Sat,11:07 Sat,"MIDIW","MIDIW",04:31 Sat,05:16 Sat,"MIDIW",05:16 Sat,"DD Trailer",12:44 Sat,"","MIDIW AM BAND 1 Weekly","44T MIDIW",5580,96,0,"01159 865983","","MIDIW",0,0,0,0,0
14,2,1,"MIDIW",04:31 Sat,11:22 Sat,"PANASONIC","PANASONIC","NN4 7BW",00:01 Sat,23:59 Sat,11:33 Sat,11:33 Sat,0:00,"C","",0,0,0,0,40,3,"Backhaul volume","SALT DOUBLE","","","",11:44 Sat,8:13,2:51,202,5,0:11,60.86,0:00,2,2,3,1,11:07 Sat,11:44 Sat,12:44 Sat,"MIDIW","MIDIW",11:07 Sat,11:22 Sat,"MIDIW",11:22 Sat,"DD Trailer",12:44 Sat,"","MIDIW AM BAND 1 Weekly","44T MIDIW",5518,4,5,"","","",0,0,0,0,0
15,1,1,"MIDIW",04:05 Sat,04:50 Sat,"237","Hanger Lane","W5 1DN",06:00 Sat,08:00 Sat,06:15 Sat,07:37 Sat,1:22,"D","",11153,17,9,3,26,1,"Store volume","SALT DOUBLE","","","",11:50 Sat,8:45,3:23,245,0,0:00,64.81,0:00,1,1,1,1,04:05 Sat,11:50 Sat,12:50 Sat,"MIDIW","MIDIW",04:05 Sat,04:50 Sat,"MIDIW",04:50 Sat,"DD Trailer",12:50 Sat,"","MIDIW AM BAND 1 Weekly","44T MIDIW",5536,0,102,"0161 633 3100","","MIDIW",2886,0,26,0,19689
15,1,2,"MIDIW",04:05 Sat,04:50 Sat,"237","Hanger Lane","W5 1DN",06:00 Sat,08:00 Sat,07:37 Sat,07:38 Sat,0:01,"C","",0,5,0,0,0,4,"Salvage","SALT DOUBLE","","","",11:50 Sat,8:45,3:23,245,0,0:00,64.81,0:00,1,1,2,1,04:05 Sat,11:50 Sat,12:50 Sat,"MIDIW","MIDIW",04:05 Sat,04:50 Sat,"MIDIW",04:50 Sat,"DD Trailer",12:50 Sat,"","MIDIW AM BAND 1 Weekly","44T MIDIW",5591,28,0,"0161 633 3100","","MIDIW",0,0,0,0,0
15,1,3,"MIDIW",04:05 Sat,04:50 Sat,"340","Slough","SL1 4UN",08:00 Sat,10:00 Sat,08:11 Sat,09:33 Sat,1:22,"D","",10130,21,5,3,26,1,"Store volume","SALT DOUBLE","","","",11:50 Sat,8:45,3:23,245,0,0:00,64.81,0:00,1,2,3,2,04:05 Sat,11:50 Sat,12:50 Sat,"MIDIW","MIDIW",04:05 Sat,04:50 Sat,"MIDIW",04:50 Sat,"DD Trailer",12:50 Sat,"","MIDIW AM BAND 1 Weekly","44T MIDIW",5556,0,28,"","","MIDIW",2132,0,26,0,18482
15,1,4,"MIDIW",04:05 Sat,04:50 Sat,"340","Slough","SL1 4UN",08:00 Sat,10:00 Sat,09:33 Sat,09:35 Sat,0:02,"C","",0,5,0,0,0,4,"Salvage","SALT DOUBLE","","","",11:50 Sat,8:45,3:23,245,0,0:00,64.81,0:00,1,2,4,2,04:05 Sat,11:50 Sat,12:50 Sat,"MIDIW","MIDIW",04:05 Sat,04:50 Sat,"MIDIW",04:50 Sat,"DD Trailer",12:50 Sat,"","MIDIW AM BAND 1 Weekly","44T MIDIW",5613,115,0,"","","MIDIW",0,0,0,0,0
16,1,1,"MIDIW",09:18 Sat,10:03 Sat,"313","High Wycombe","HP11 1FY",09:30 Sat,11:30 Sat,11:26 Sat,12:36 Sat,1:10,"D","",7959,16,4,3,20,1,"Store volume","SALT DOUBLE","","","",17:39 Sat,9:20,3:24,243,0,0:00,69.14,0:50,1,1,1,1,09:18 Sat,17:39 Sat,18:39 Sat,"MIDIW","MIDIW",09:18 Sat,10:03 Sat,"MIDIW",10:03 Sat,"DD Trailer",18:39 Sat,"","MIDIW AM BAND 3 Weekly","44T MIDIW",5548,0,112,"01246 558620","","MIDIW",2897,0,20,0,12589
16,1,2,"MIDIW",09:18 Sat,10:03 Sat,"313","High Wycombe","HP11 1FY",09:30 Sat,11:30 Sat,12:36 Sat,12:37 Sat,0:01,"C","",0,5,0,0,0,4,"Salvage","SALT DOUBLE","","","",17:39 Sat,9:20,3:24,243,0,0:00,69.14,0:50,1,1,2,1,09:18 Sat,17:39 Sat,18:39 Sat,"MIDIW","MIDIW",09:18 Sat,10:03 Sat,"MIDIW",10:03 Sat,"DD Trailer",18:39 Sat,"","MIDIW AM BAND 3 Weekly","44T MIDIW",5604,30,0,"01246 558620","","MIDIW",0,0,0,0,0
16,1,3,"MIDIW",09:18 Sat,10:03 Sat,"78","Ruislip","HA4 0QB",14:00 Sat,16:00 Sat,14:00 Sat,16:10 Sat,2:10,"D","",13167,16,9,3,25,1,"Store volume","SALT DOUBLE","","","",17:39 Sat,9:20,3:24,243,0,0:00,69.14,0:50,1,2,3,2,09:18 Sat,17:39 Sat,18:39 Sat,"MIDIW","MIDIW",09:18 Sat,10:03 Sat,"MIDIW",10:03 Sat,"DD Trailer",18:39 Sat,"","MIDIW AM BAND 3 Weekly","44T MIDIW",5525,101,30,"02084 227090","","MIDIW",3193,0,25,0,17959
18,1,1,"MIDIW",04:48 Sat,05:33 Sat,"232","Chelmsford","CM2 5PX",07:30 Sat,09:30 Sat,07:30 Sat,08:36 Sat,1:06,"D","",6801,15,3,3,18,1,"Store volume","SALT DOUBLE","","","",13:58 Sat,10:10,4:46,375,0,0:00,75.31,0:00,1,1,1,1,04:48 Sat,13:58 Sat,14:58 Sat,"MIDIW","MIDIW",04:48 Sat,05:33 Sat,"MIDIW",05:33 Sat,"DD Trailer",14:58 Sat,"","MIDIW AM BAND 1 Weekly","44T MIDIW",5533,0,153,"01245 462442","","MIDIW",1893,0,18,0,12571
18,1,2,"MIDIW",04:48 Sat,05:33 Sat,"232","Chelmsford","CM2 5PX",07:30 Sat,09:30 Sat,08:36 Sat,08:38 Sat,0:02,"C","",0,5,0,0,0,4,"Salvage","SALT DOUBLE","","","",13:58 Sat,10:10,4:46,375,0,0:00,75.31,0:00,1,1,2,1,04:48 Sat,13:58 Sat,14:58 Sat,"MIDIW","MIDIW",04:48 Sat,05:33 Sat,"MIDIW",05:33 Sat,"DD Trailer",14:58 Sat,"","MIDIW AM BAND 1 Weekly","44T MIDIW",5588,36,0,"01245 462442","","MIDIW",0,0,0,0,0
18,1,3,"MIDIW",04:48 Sat,05:33 Sat,"287","Colchester","CO1 1XF",07:30 Sat,09:30 Sat,09:07 Sat,11:37 Sat,2:30,"D","",12859,22,13,2,35,1,"Store volume","SALT DOUBLE","","","",13:58 Sat,10:10,4:46,375,0,0:00,75.31,0:00,1,2,3,2,04:48 Sat,13:58 Sat,14:58 Sat,"MIDIW","MIDIW",04:48 Sat,05:33 Sat,"MIDIW",05:33 Sat,"DD Trailer",14:58 Sat,"","MIDIW AM BAND 1 Weekly","44T MIDIW",5543,0,36,"01323 431 631","","MIDIW",2732,0,35,0,20809
18,1,4,"MIDIW",04:48 Sat,05:33 Sat,"287","Colchester","CO1 1XF",07:30 Sat,09:30 Sat,11:37 Sat,11:39 Sat,0:02,"C","",0,5,0,0,0,4,"Salvage","SALT DOUBLE","","","",13:58 Sat,10:10,4:46,375,0,0:00,75.31,0:00,1,2,4,2,04:48 Sat,13:58 Sat,14:58 Sat,"MIDIW","MIDIW",04:48 Sat,05:33 Sat,"MIDIW",05:33 Sat,"DD Trailer",14:58 Sat,"","MIDIW AM BAND 1 Weekly","44T MIDIW",5599,186,0,"01323 431 631","","MIDIW",0,0,0,0,0
19,1,1,"MIDIW",05:59 Sat,06:44 Sat,"337","Harlow","CM20 2SU",07:30 Sat,09:30 Sat,08:22 Sat,09:42 Sat,1:20,"D","",8710,20,5,2,25,1,"Store volume","SALT DOUBLE","","","",15:23 Sat,10:24,4:28,293,0,0:00,77.04,0:30,1,1,1,1,05:59 Sat,15:23 Sat,16:23 Sat,"MIDIW","MIDIW",05:59 Sat,06:44 Sat,"MIDIW",06:44 Sat,"DD Trailer",16:23 Sat,"","MIDIW AM BAND 1 Weekly","44T MIDIW",5555,0,120,"01372 748890","","MIDIW",2302,0,25,0,18796
19,1,2,"MIDIW",05:59 Sat,06:44 Sat,"337","Harlow","CM20 2SU",07:30 Sat,09:30 Sat,09:42 Sat,09:44 Sat,0:02,"C","",0,5,0,0,0,4,"Salvage","SALT DOUBLE","","","",15:23 Sat,10:24,4:28,293,0,0:00,77.04,0:30,1,1,2,1,05:59 Sat,15:23 Sat,16:23 Sat,"MIDIW","MIDIW",05:59 Sat,06:44 Sat,"MIDIW",06:44 Sat,"DD Trailer",16:23 Sat,"","MIDIW AM BAND 1 Weekly","44T MIDIW",5612,40,0,"01372 748890","","MIDIW",0,0,0,0,0
19,1,3,"MIDIW",05:59 Sat,06:44 Sat,"372","Chadwell Heath","RM6 4HX",12:00 Sat,14:00 Sat,12:00 Sat,13:30 Sat,1:30,"D","",9979,24,6,4,30,1,"Store volume","SALT DOUBLE","","","",15:23 Sat,10:24,4:28,293,0,0:00,77.04,0:30,1,2,3,2,05:59 Sat,15:23 Sat,16:23 Sat,"MIDIW","MIDIW",05:59 Sat,06:44 Sat,"MIDIW",06:44 Sat,"DD Trailer",16:23 Sat,"","MIDIW AM BAND 1 Weekly","44T MIDIW",5561,133,40,"","","MIDIW",2229,0,30,0,18094
20,1,1,"MIDIW",06:00 Sat,06:45 Sat,"318","Bicester","OX26 6PZ",07:30 Sat,09:30 Sat,07:37 Sat,08:55 Sat,1:18,"D","",8425,21,3,4,24,1,"Store volume","SALT DOUBLE","","","",12:40 Sat,7:40,2:38,161,0,0:00,56.79,0:00,1,1,1,1,06:00 Sat,12:40 Sat,13:40 Sat,"MIDIW","MIDIW",06:00 Sat,06:45 Sat,"MIDIW",06:45 Sat,"DD Trailer",13:40 Sat,"","MIDIW AM BAND 2 Weekly","44T MIDIW",5551,0,52,"01224 621721","","MIDIW",2875,0,24,0,17804
20,1,2,"MIDIW",06:00 Sat,06:45 Sat,"318","Bicester","OX26 6PZ",07:30 Sat,09:30 Sat,08:55 Sat,08:56 Sat,0:01,"C","",0,5,0,0,0,4,"Salvage","SALT DOUBLE","","","",12:40 Sat,7:40,2:38,161,0,0:00,56.79,0:00,1,1,2,1,06:00 Sat,12:40 Sat,13:40 Sat,"MIDIW","MIDIW",06:00 Sat,06:45 Sat,"MIDIW",06:45 Sat,"DD Trailer",13:40 Sat,"","MIDIW AM BAND 2 Weekly","44T MIDIW",5607,48,0,"01224 621721","","MIDIW",0,0,0,0,0
20,1,3,"MIDIW",06:00 Sat,06:45 Sat,"316","Aylesbury Extra","HP20 1DG",09:00 Sat,11:00 Sat,09:44 Sat,10:50 Sat,1:06,"D","",5928,14,4,3,18,1,"Store volume","SALT DOUBLE","","","",12:40 Sat,7:40,2:38,161,0,0:00,56.79,0:00,1,2,3,2,06:00 Sat,12:40 Sat,13:40 Sat,"MIDIW","MIDIW",06:00 Sat,06:45 Sat,"MIDIW",06:45 Sat,"DD Trailer",13:40 Sat,"","MIDIW AM BAND 2 Weekly","44T MIDIW",5550,0,48,"01296 399599","","MIDIW",1643,0,18,0,9483
20,1,4,"MIDIW",06:00 Sat,06:45 Sat,"316","Aylesbury Extra","HP20 1DG",09:00 Sat,11:00 Sat,10:50 Sat,10:52 Sat,0:02,"C","",0,5,0,0,0,4,"Salvage","SALT DOUBLE","","","",12:40 Sat,7:40,2:38,161,0,0:00,56.79,0:00,1,2,4,2,06:00 Sat,12:40 Sat,13:40 Sat,"MIDIW","MIDIW",06:00 Sat,06:45 Sat,"MIDIW",06:45 Sat,"DD Trailer",13:40 Sat,"","MIDIW AM BAND 2 Weekly","44T MIDIW",5606,61,0,"01296 399599","","MIDIW",0,0,0,0,0
21,1,1,"MIDIW",04:09 Sat,04:54 Sat,"91","Tottenham","N15 5NH",06:30 Sat,08:30 Sat,06:30 Sat,08:00 Sat,1:30,"D","",13254,21,9,3,30,1,"Store volume","SALT DOUBLE","","","",13:24 Sat,10:15,4:57,333,0,0:00,75.93,0:00,1,1,1,1,04:09 Sat,13:24 Sat,14:24 Sat,"MIDIW","MIDIW",04:09 Sat,04:54 Sat,"MIDIW",04:54 Sat,"DD Trailer",14:24 Sat,"","MIDIW AM BAND 1 Weekly","44T MIDIW",5528,0,105,"020 88009966","","MIDIW",3450,0,30,0,23150
21,1,2,"MIDIW",04:09 Sat,04:54 Sat,"91","Tottenham","N15 5NH",06:30 Sat,08:30 Sat,08:00 Sat,08:02 Sat,0:02,"C","",0,5,0,0,0,4,"Salvage","SALT DOUBLE","","","",13:24 Sat,10:15,4:57,333,0,0:00,75.93,0:00,1,1,2,1,04:09 Sat,13:24 Sat,14:24 Sat,"MIDIW","MIDIW",04:09 Sat,04:54 Sat,"MIDIW",04:54 Sat,"DD Trailer",14:24 Sat,"","MIDIW AM BAND 1 Weekly","44T MIDIW",5584,69,0,"020 88009966","","MIDIW",0,0,0,0,0
21,1,3,"MIDIW",04:09 Sat,04:54 Sat,"449","Maldon","CM9 6TU",06:00 Sat,08:00 Sat,09:19 Sat,11:19 Sat,2:00,"D","",7342,17,6,3,23,1,"Store volume","SALT DOUBLE","","","",13:24 Sat,10:15,4:57,333,0,0:00,75.93,0:00,1,2,3,2,04:09 Sat,13:24 Sat,14:24 Sat,"MIDIW","MIDIW",04:09 Sat,04:54 Sat,"MIDIW",04:54 Sat,"DD Trailer",14:24 Sat,"","MIDIW AM BAND 1 Weekly","44T MIDIW",5573,0,69,"","","MIDIW",3220,0,23,0,15154
21,1,4,"MIDIW",04:09 Sat,04:54 Sat,"449","Maldon","CM9 6TU",06:00 Sat,08:00 Sat,11:19 Sat,11:20 Sat,0:01,"C","",0,5,0,0,0,4,"Salvage","SALT DOUBLE","","","",13:24 Sat,10:15,4:57,333,0,0:00,75.93,0:00,1,2,4,2,04:09 Sat,13:24 Sat,14:24 Sat,"MIDIW","MIDIW",04:09 Sat,04:54 Sat,"MIDIW",04:54 Sat,"DD Trailer",14:24 Sat,"","MIDIW AM BAND 1 Weekly","44T MIDIW",5630,159,0,"","","MIDIW",0,0,0,0,0
22,1,1,"MIDIW",07:56 Sat,08:41 Sat,"416","Stevenage","SG1 1XP",09:00 Sat,11:00 Sat,09:54 Sat,11:16 Sat,1:22,"D","",12250,18,8,3,26,1,"Store volume","SALT DOUBLE","","","",15:02 Sat,8:06,2:36,165,0,0:00,60.00,0:00,1,1,1,1,07:56 Sat,15:02 Sat,16:02 Sat,"MIDIW","MIDIW",07:56 Sat,08:41 Sat,"MIDIW",08:41 Sat,"DD Trailer",16:02 Sat,"","MIDIW AM BAND 2 Weekly","44T MIDIW",5567,0,83,"","","MIDIW",2749,0,26,0,16361
22,1,2,"MIDIW",07:56 Sat,08:41 Sat,"416","Stevenage","SG1 1XP",09:00 Sat,11:00 Sat,11:16 Sat,11:17 Sat,0:01,"C","",0,5,0,0,0,4,"Salvage","SALT DOUBLE","","","",15:02 Sat,8:06,2:36,165,0,0:00,60.00,0:00,1,1,2,1,07:56 Sat,15:02 Sat,16:02 Sat,"MIDIW","MIDIW",07:56 Sat,08:41 Sat,"MIDIW",08:41 Sat,"DD Trailer",16:02 Sat,"","MIDIW AM BAND 2 Weekly","44T MIDIW",5624,46,0,"","","MIDIW",0,0,0,0,0
22,1,3,"MIDIW",07:56 Sat,08:41 Sat,"264","Bedford","MK41 0UE",12:00 Sat,14:00 Sat,12:00 Sat,14:20 Sat,2:20,"D","",9627,26,4,4,30,1,"Store volume","SALT DOUBLE","","","",15:02 Sat,8:06,2:36,165,0,0:00,60.00,0:00,1,2,3,2,07:56 Sat,15:02 Sat,16:02 Sat,"MIDIW","MIDIW",07:56 Sat,08:41 Sat,"MIDIW",08:41 Sat,"DD Trailer",16:02 Sat,"","MIDIW AM BAND 2 Weekly","44T MIDIW",5540,0,46,"01202 590 709","","MIDIW",3339,0,30,0,21272
22,1,4,"MIDIW",07:56 Sat,08:41 Sat,"264","Bedford","MK41 0UE",12:00 Sat,14:00 Sat,14:20 Sat,14:22 Sat,0:02,"C","",0,5,0,0,0,4,"Salvage","SALT DOUBLE","","","",15:02 Sat,8:06,2:36,165,0,0:00,60.00,0:00,1,2,4,2,07:56 Sat,15:02 Sat,16:02 Sat,"MIDIW","MIDIW",07:56 Sat,08:41 Sat,"MIDIW",08:41 Sat,"DD Trailer",16:02 Sat,"","MIDIW AM BAND 2 Weekly","44T MIDIW",5596,36,0,"01202 590 709","","MIDIW",0,0,0,0,0
23,1,1,"MIDIW",04:14 Sat,04:59 Sat,"209","Peterborough","PE1 5PS",06:00 Sat,08:00 Sat,06:00 Sat,07:30 Sat,1:30,"D","",10597,23,7,4,30,1,"Store volume","SALT DOUBLE","","","",12:37 Sat,9:23,3:53,249,0,0:00,69.51,0:00,1,1,1,1,04:14 Sat,12:37 Sat,13:37 Sat,"MIDIW","MIDIW",04:14 Sat,04:59 Sat,"MIDIW",04:59 Sat,"DD Trailer",13:37 Sat,"","MIDIW AM BAND 1 Weekly","44T MIDIW",5529,0,68,"01733 342937","","MIDIW",2698,0,30,0,19455
23,1,2,"MIDIW",04:14 Sat,04:59 Sat,"209","Peterborough","PE1 5PS",06:00 Sat,08:00 Sat,07:30 Sat,07:32 Sat,0:02,"C","",0,5,0,0,0,4,"Salvage","SALT DOUBLE","","","",12:37 Sat,9:23,3:53,249,0,0:00,69.51,0:00,1,1,2,1,04:14 Sat,12:37 Sat,13:37 Sat,"MIDIW","MIDIW",04:14 Sat,04:59 Sat,"MIDIW",04:59 Sat,"DD Trailer",13:37 Sat,"","MIDIW AM BAND 1 Weekly","44T MIDIW",5585,57,0,"01733 342937","","MIDIW",0,0,0,0,0
23,1,3,"MIDIW",04:14 Sat,04:59 Sat,"428","Kings Lynn","PE30 2HY",08:00 Sat,10:00 Sat,08:29 Sat,10:41 Sat,2:12,"D","",9791,17,9,3,26,1,"Store volume","SALT DOUBLE","","","",12:37 Sat,9:23,3:53,249,0,0:00,69.51,0:00,1,2,3,2,04:14 Sat,12:37 Sat,13:37 Sat,"MIDIW","MIDIW",04:14 Sat,04:59 Sat,"MIDIW",04:59 Sat,"DD Trailer",13:37 Sat,"","MIDIW AM BAND 1 Weekly","44T MIDIW",5568,0,57,"","","MIDIW",2272,0,26,0,15592
23,1,4,"MIDIW",04:14 Sat,04:59 Sat,"428","Kings Lynn","PE30 2HY",08:00 Sat,10:00 Sat,10:41 Sat,10:43 Sat,0:02,"C","",0,5,0,0,0,4,"Salvage","SALT DOUBLE","","","",12:37 Sat,9:23,3:53,249,0,0:00,69.51,0:00,1,2,4,2,04:14 Sat,12:37 Sat,13:37 Sat,"MIDIW","MIDIW",04:14 Sat,04:59 Sat,"MIDIW",04:59 Sat,"DD Trailer",13:37 Sat,"","MIDIW AM BAND 1 Weekly","44T MIDIW",5626,124,0,"","","MIDIW",0,0,0,0,0
24,1,1,"MIDIW",06:16 Sat,07:01 Sat,"429","Milton Keynes","MK6 1AP",07:30 Sat,09:30 Sat,07:30 Sat,09:12 Sat,1:42,"D","",14303,27,9,4,36,1,"Store volume","SALT DOUBLE","","","",09:43 Sat,7:31,1:42,82,10,0:22,55.68,0:00,3,1,1,1,06:16 Sat,09:43 Sat,10:13 Sat,"MIDIW","MIDIW",06:16 Sat,07:01 Sat,"MIDIW",07:01 Sat,"DD Trailer",13:47 Sat,"","MIDIW AM BAND 2 Weekly","44T MIDIW",5569,0,31,"","","MIDIW",3647,0,36,0,24652
24,1,2,"MIDIW",06:16 Sat,07:01 Sat,"429","Milton Keynes","MK6 1AP",07:30 Sat,09:30 Sat,09:12 Sat,09:14 Sat,0:02,"C","",0,5,0,0,0,4,"Salvage","SALT DOUBLE","","","",09:43 Sat,7:31,1:42,82,10,0:22,55.68,0:00,3,1,2,1,06:16 Sat,09:43 Sat,10:13 Sat,"MIDIW","MIDIW",06:16 Sat,07:01 Sat,"MIDIW",07:01 Sat,"DD Trailer",13:47 Sat,"","MIDIW AM BAND 2 Weekly","44T MIDIW",5627,32,0,"","","MIDIW",0,0,0,0,0
24,2,1,"MIDIW",06:16 Sat,10:28 Sat,"PANASONIC","PANASONIC","NN4 7BW",00:01 Sat,23:59 Sat,10:39 Sat,10:39 Sat,0:00,"C","",0,0,0,0,40,3,"Backhaul volume","SALT DOUBLE","","","",10:50 Sat,7:31,1:42,82,10,0:22,55.68,0:00,3,2,3,1,10:13 Sat,10:50 Sat,11:20 Sat,"MIDIW","MIDIW",10:13 Sat,10:28 Sat,"MIDIW",10:28 Sat,"DD Trailer",13:47 Sat,"","MIDIW AM BAND 2 Weekly","44T MIDIW",5521,4,5,"","","",0,0,0,0,0
24,3,1,"MIDIW",06:16 Sat,11:35 Sat,"PANASONIC","PANASONIC","NN4 7BW",00:01 Sat,23:59 Sat,11:46 Sat,11:46 Sat,0:00,"C","",0,0,0,0,40,3,"Backhaul volume","SALT DOUBLE","","","",12:47 Sat,7:31,1:42,82,10,0:22,55.68,0:00,3,3,4,1,11:20 Sat,12:47 Sat,13:47 Sat,"MIDIW","MIDIW",11:20 Sat,11:35 Sat,"MIDIW",11:35 Sat,"DD Trailer",13:47 Sat,"","MIDIW AM BAND 2 Weekly","44T MIDIW",5520,4,5,"","","",0,0,0,0,0
25,1,1,"MIDIW",08:00 Sat,08:45 Sat,"458","Hinckley","LE10 0GL",08:00 Sat,10:00 Sat,09:42 Sat,11:28 Sat,1:46,"D","",20954,30,8,4,38,1,"Store volume","SALT DOUBLE","","","",12:27 Sat,7:24,2:17,137,5,0:12,54.81,0:00,2,1,1,1,08:00 Sat,12:27 Sat,12:57 Sat,"MIDIW","MIDIW",08:00 Sat,08:45 Sat,"MIDIW",08:45 Sat,"DD Trailer",15:24 Sat,"","MIDIW AM BAND 3 Weekly","44T MIDIW",5575,0,64,"","","MIDIW",3460,0,38,0,31797
25,1,2,"MIDIW",08:00 Sat,08:45 Sat,"458","Hinckley","LE10 0GL",08:00 Sat,10:00 Sat,11:28 Sat,11:30 Sat,0:02,"C","",0,5,0,0,0,4,"Salvage","SALT DOUBLE","","","",12:27 Sat,7:24,2:17,137,5,0:12,54.81,0:00,2,1,2,1,08:00 Sat,12:27 Sat,12:57 Sat,"MIDIW","MIDIW",08:00 Sat,08:45 Sat,"MIDIW",08:45 Sat,"DD Trailer",15:24 Sat,"","MIDIW AM BAND 3 Weekly","44T MIDIW",5632,64,0,"","","MIDIW",0,0,0,0,0
25,2,1,"MIDIW",08:00 Sat,13:12 Sat,"PANASONIC","PANASONIC","NN4 7BW",00:01 Sat,23:59 Sat,13:24 Sat,13:24 Sat,0:00,"C","",0,0,0,0,40,3,"Backhaul volume","SALT DOUBLE","","","",14:24 Sat,7:24,2:17,137,5,0:12,54.81,0:00,2,2,3,1,12:57 Sat,14:24 Sat,15:24 Sat,"MIDIW","MIDIW",12:57 Sat,13:12 Sat,"MIDIW",13:12 Sat,"DD Trailer",15:24 Sat,"","MIDIW AM BAND 3 Weekly","44T MIDIW",5519,4,5,"","","",0,0,0,0,0
26,1,1,"MIDIW",05:59 Sat,06:44 Sat,"404","Burton On Trent","DE14 2AP",08:30 Sat,10:30 Sat,08:30 Sat,09:36 Sat,1:06,"D","",4059,12,6,3,18,1,"Store volume","SALT DOUBLE","","","",13:22 Sat,8:23,3:10,226,0,0:00,62.10,0:15,1,1,1,1,05:59 Sat,13:22 Sat,14:22 Sat,"MIDIW","MIDIW",05:59 Sat,06:44 Sat,"MIDIW",06:44 Sat,"DD Trailer",14:22 Sat,"","MIDIW AM BAND 1 Weekly","44T MIDIW",5563,0,120,"","","MIDIW",1083,0,18,0,7483
26,1,2,"MIDIW",05:59 Sat,06:44 Sat,"404","Burton On Trent","DE14 2AP",08:30 Sat,10:30 Sat,09:36 Sat,09:38 Sat,0:02,"C","",0,5,0,0,0,4,"Salvage","SALT DOUBLE","","","",13:22 Sat,8:23,3:10,226,0,0:00,62.10,0:15,1,1,2,1,05:59 Sat,13:22 Sat,14:22 Sat,"MIDIW","MIDIW",05:59 Sat,06:44 Sat,"MIDIW",06:44 Sat,"DD Trailer",14:22 Sat,"","MIDIW AM BAND 1 Weekly","44T MIDIW",5619,18,0,"","","MIDIW",0,0,0,0,0
26,1,3,"MIDIW",05:59 Sat,06:44 Sat,"360","Ashby De La Zouch","LE65 1JS",09:00 Sat,11:00 Sat,10:06 Sat,11:20 Sat,1:14,"D","",8755,16,6,3,22,1,"Store volume","SALT DOUBLE","","","",13:22 Sat,8:23,3:10,226,0,0:00,62.10,0:15,1,2,3,2,05:59 Sat,13:22 Sat,14:22 Sat,"MIDIW","MIDIW",05:59 Sat,06:44 Sat,"MIDIW",06:44 Sat,"DD Trailer",14:22 Sat,"","MIDIW AM BAND 1 Weekly","44T MIDIW",5558,0,18,"","","MIDIW",3015,0,22,0,17432
26,1,4,"MIDIW",05:59 Sat,06:44 Sat,"360","Ashby De La Zouch","LE65 1JS",09:00 Sat,11:00 Sat,11:20 Sat,11:21 Sat,0:01,"C","",0,5,0,0,0,4,"Salvage","SALT DOUBLE","","","",13:22 Sat,8:23,3:10,226,0,0:00,62.10,0:15,1,2,4,2,05:59 Sat,13:22 Sat,14:22 Sat,"MIDIW","MIDIW",05:59 Sat,06:44 Sat,"MIDIW",06:44 Sat,"DD Trailer",14:22 Sat,"","MIDIW AM BAND 1 Weekly","44T MIDIW",5615,88,0,"","","MIDIW",0,0,0,0,0
27,1,1,"MIDIW",04:41 Sat,05:26 Sat,"415","Macclesfield","",07:00 Sat,09:00 Sat,08:00 Sat,09:22 Sat,1:22,"D","",10445,20,6,3,26,1,"Store volume","SALT DOUBLE","","","",14:12 Sat,10:31,5:15,387,0,0:00,77.90,0:00,1,1,1,1,04:41 Sat,14:12 Sat,15:12 Sat,"MIDIW","MIDIW",04:41 Sat,05:26 Sat,"MIDIW",05:26 Sat,"DD Trailer",15:12 Sat,"","MIDIW AM BAND 1 Weekly","44T MIDIW",5566,0,193,"","","MIDIW",2336,0,26,0,16330
27,1,2,"MIDIW",04:41 Sat,05:26 Sat,"415","Macclesfield","",07:00 Sat,09:00 Sat,09:22 Sat,09:24 Sat,0:02,"C","",0,5,0,0,0,4,"Salvage","SALT DOUBLE","","","",14:12 Sat,10:31,5:15,387,0,0:00,77.90,0:00,1,1,2,1,04:41 Sat,14:12 Sat,15:12 Sat,"MIDIW","MIDIW",04:41 Sat,05:26 Sat,"MIDIW",05:26 Sat,"DD Trailer",15:12 Sat,"","MIDIW AM BAND 1 Weekly","44T MIDIW",5623,28,0,"","","MIDIW",0,0,0,0,0
27,1,3,"MIDIW",04:41 Sat,05:26 Sat,"455","Tunstall","ST6 5NZ",10:00 Sat,12:00 Sat,10:00 Sat,12:06 Sat,2:06,"D","",10166,16,7,3,23,1,"Store volume","SALT DOUBLE","","","",14:12 Sat,10:31,5:15,387,0,0:00,77.90,0:00,1,2,3,2,04:41 Sat,14:12 Sat,15:12 Sat,"MIDIW","MIDIW",04:41 Sat,05:26 Sat,"MIDIW",05:26 Sat,"DD Trailer",15:12 Sat,"","MIDIW AM BAND 1 Weekly","44T MIDIW",5574,0,28,"","","MIDIW",3146,0,23,0,18882
27,1,4,"MIDIW",04:41 Sat,05:26 Sat,"455","Tunstall","ST6 5NZ",10:00 Sat,12:00 Sat,12:06 Sat,12:08 Sat,0:02,"C","",0,5,0,0,0,4,"Salvage","SALT DOUBLE","","","",14:12 Sat,10:31,5:15,387,0,0:00,77.90,0:00,1,2,4,2,04:41 Sat,14:12 Sat,15:12 Sat,"MIDIW","MIDIW",04:41 Sat,05:26 Sat,"MIDIW",05:26 Sat,"DD Trailer",15:12 Sat,"","MIDIW AM BAND 1 Weekly","44T MIDIW",5631,167,0,"","","MIDIW",0,0,0,0,0
28,1,1,"MIDIW",04:42 Sat,05:27 Sat,"434","Worksop","S80 1UJ",07:30 Sat,09:30 Sat,07:30 Sat,08:54 Sat,1:24,"D","",10827,21,6,4,27,1,"Store volume","SALT DOUBLE","","","",13:30 Sat,9:48,4:22,327,0,0:00,72.59,0:00,1,1,1,1,04:42 Sat,13:30 Sat,14:30 Sat,"MIDIW","MIDIW",04:42 Sat,05:27 Sat,"MIDIW",05:27 Sat,"DD Trailer",14:30 Sat,"","MIDIW AM BAND 1 Weekly","44T MIDIW",5570,0,160,"","","MIDIW",2946,0,27,0,21467
28,1,2,"MIDIW",04:42 Sat,05:27 Sat,"434","Worksop","S80 1UJ",07:30 Sat,09:30 Sat,08:54 Sat,08:56 Sat,0:02,"C","",0,5,0,0,0,4,"Salvage","SALT DOUBLE","","","",13:30 Sat,9:48,4:22,327,0,0:00,72.59,0:00,1,1,2,1,04:42 Sat,13:30 Sat,14:30 Sat,"MIDIW","MIDIW",04:42 Sat,05:27 Sat,"MIDIW",05:27 Sat,"DD Trailer",14:30 Sat,"","MIDIW AM BAND 1 Weekly","44T MIDIW",5628,54,0,"","","MIDIW",0,0,0,0,0
28,1,3,"MIDIW",04:42 Sat,05:27 Sat,"364","Bulwell","NG6 9AJ",08:15 Sat,10:15 Sat,09:49 Sat,12:03 Sat,2:14,"D","",10769,23,4,4,27,1,"Store volume","SALT DOUBLE","","","",13:30 Sat,9:48,4:22,327,0,0:00,72.59,0:00,1,2,3,2,04:42 Sat,13:30 Sat,14:30 Sat,"MIDIW","MIDIW",04:42 Sat,05:27 Sat,"MIDIW",05:27 Sat,"DD Trailer",14:30 Sat,"","MIDIW AM BAND 1 Weekly","44T MIDIW",5559,0,54,"","","WAKEIW",2159,0,27,0,17899
28,1,4,"MIDIW",04:42 Sat,05:27 Sat,"364","Bulwell","NG6 9AJ",08:15 Sat,10:15 Sat,12:03 Sat,12:04 Sat,0:01,"C","",0,5,0,0,0,4,"Salvage","SALT DOUBLE","","","",13:30 Sat,9:48,4:22,327,0,0:00,72.59,0:00,1,2,4,2,04:42 Sat,13:30 Sat,14:30 Sat,"MIDIW","MIDIW",04:42 Sat,05:27 Sat,"MIDIW",05:27 Sat,"DD Trailer",14:30 Sat,"","MIDIW AM BAND 1 Weekly","44T MIDIW",5616,113,0,"","","WAKEIW",0,0,0,0,0
29,1,1,"MIDIW",04:44 Sat,05:29 Sat,"231","Stoke","ST4 2HT",07:30 Sat,09:30 Sat,07:30 Sat,08:30 Sat,1:00,"D","",4798,12,3,3,15,1,"Store volume","SALT DOUBLE","","","",13:03 Sat,9:19,4:25,328,0,0:00,69.01,0:00,1,1,1,1,04:44 Sat,13:03 Sat,14:03 Sat,"MIDIW","MIDIW",04:44 Sat,05:29 Sat,"MIDIW",05:29 Sat,"DD Trailer",14:03 Sat,"","MIDIW AM BAND 1 Weekly","44T MIDIW",5532,0,158,"01782 747661","","MIDIW",1562,0,15,0,9130
29,1,2,"MIDIW",04:44 Sat,05:29 Sat,"231","Stoke","ST4 2HT",07:30 Sat,09:30 Sat,08:30 Sat,08:32 Sat,0:02,"C","",0,5,0,0,0,4,"Salvage","SALT DOUBLE","","","",13:03 Sat,9:19,4:25,328,0,0:00,69.01,0:00,1,1,2,1,04:44 Sat,13:03 Sat,14:03 Sat,"MIDIW","MIDIW",04:44 Sat,05:29 Sat,"MIDIW",05:29 Sat,"DD Trailer",14:03 Sat,"","MIDIW AM BAND 1 Weekly","44T MIDIW",5587,56,0,"01782 747661","","MIDIW",0,0,0,0,0
29,1,3,"MIDIW",04:44 Sat,05:29 Sat,"437","Wolverhampton","WV10 6HT",08:00 Sat,10:00 Sat,09:24 Sat,11:30 Sat,2:06,"D","",8773,19,4,3,23,1,"Store volume","SALT DOUBLE","","","",13:03 Sat,9:19,4:25,328,0,0:00,69.01,0:00,1,2,3,2,04:44 Sat,13:03 Sat,14:03 Sat,"MIDIW","MIDIW",04:44 Sat,05:29 Sat,"MIDIW",05:29 Sat,"DD Trailer",14:03 Sat,"","MIDIW AM BAND 1 Weekly","44T MIDIW",5571,0,56,"","","MIDIW",1873,0,23,0,17605
29,1,4,"MIDIW",04:44 Sat,05:29 Sat,"437","Wolverhampton","WV10 6HT",08:00 Sat,10:00 Sat,11:30 Sat,11:32 Sat,0:02,"C","",0,5,0,0,0,4,"Salvage","SALT DOUBLE","","","",13:03 Sat,9:19,4:25,328,0,0:00,69.01,0:00,1,2,4,2,04:44 Sat,13:03 Sat,14:03 Sat,"MIDIW","MIDIW",04:44 Sat,05:29 Sat,"MIDIW",05:29 Sat,"DD Trailer",14:03 Sat,"","MIDIW AM BAND 1 Weekly","44T MIDIW",5629,114,0,"","","MIDIW",0,0,0,0,0
30,1,1,"WAKEIW",05:59 Sat,06:44 Sat,"251","Lancaster","LA3 3FE",07:30 Sat,09:30 Sat,08:47 Sat,09:45 Sat,0:58,"D","",4164,12,2,3,14,1,"Store volume","WAKE DOUBLE","","","",16:16 Sat,11:17,5:51,423,0,0:00,83.58,0:31,1,1,1,1,05:59 Sat,16:16 Sat,17:16 Sat,"WAKEIW","WAKEIW",05:59 Sat,06:44 Sat,"WAKEIW",06:44 Sat,"DD Trailer",17:16 Sat,"","WAKEIW AM BAND 1 Weekly","44T WAKEIW",5539,0,160,"01634 406 060","","WAKEIW",1885,0,14,0,8827
30,1,2,"WAKEIW",05:59 Sat,06:44 Sat,"251","Lancaster","LA3 3FE",07:30 Sat,09:30 Sat,09:45 Sat,09:46 Sat,0:01,"C","",0,5,0,0,0,4,"Salvage","WAKE DOUBLE","","","",16:16 Sat,11:17,5:51,423,0,0:00,83.58,0:31,1,1,2,1,05:59 Sat,16:16 Sat,17:16 Sat,"WAKEIW","WAKEIW",05:59 Sat,06:44 Sat,"WAKEIW",06:44 Sat,"DD Trailer",17:16 Sat,"","WAKEIW AM BAND 1 Weekly","44T WAKEIW",5594,109,0,"01634 406 060","","WAKEIW",0,0,0,0,0
30,1,3,"WAKEIW",05:59 Sat,06:44 Sat,"298","Birkenhead","CH41 9DF",13:00 Sat,15:00 Sat,13:00 Sat,14:18 Sat,1:18,"D","",9592,19,5,3,24,1,"Store volume","WAKE DOUBLE","","","",16:16 Sat,11:17,5:51,423,0,0:00,83.58,0:31,1,2,3,2,05:59 Sat,16:16 Sat,17:16 Sat,"WAKEIW","WAKEIW",05:59 Sat,06:44 Sat,"WAKEIW",06:44 Sat,"DD Trailer",17:16 Sat,"","WAKEIW AM BAND 1 Weekly","44T WAKEIW",5546,0,109,"01516 470922","","WAKEIW",3183,0,24,0,18420
30,1,4,"WAKEIW",05:59 Sat,06:44 Sat,"298","Birkenhead","CH41 9DF",13:00 Sat,15:00 Sat,14:18 Sat,14:20 Sat,0:02,"C","",0,5,0,0,0,4,"Salvage","WAKE DOUBLE","","","",16:16 Sat,11:17,5:51,423,0,0:00,83.58,0:31,1,2,4,2,05:59 Sat,16:16 Sat,17:16 Sat,"WAKEIW","WAKEIW",05:59 Sat,06:44 Sat,"WAKEIW",06:44 Sat,"DD Trailer",17:16 Sat,"","WAKEIW AM BAND 1 Weekly","44T WAKEIW",5602,154,0,"01516 470922","","WAKEIW",0,0,0,0,0
31,1,1,"WAKEIW",05:59 Sat,06:44 Sat,"236","Clifton","M27 8FU",07:00 Sat,09:00 Sat,07:42 Sat,08:54 Sat,1:12,"D","",7909,18,3,3,21,1,"Store volume","WAKE DOUBLE","","","",13:55 Sat,8:56,2:10,165,0,0:00,66.17,1:52,1,1,1,1,05:59 Sat,13:55 Sat,14:55 Sat,"WAKEIW","WAKEIW",05:59 Sat,06:44 Sat,"WAKEIW",06:44 Sat,"DD Trailer",14:55 Sat,"","WAKEIW AM BAND 1 Weekly","44T WAKEIW",5535,0,76,"020 8813 7441","","WAKEIW",2339,0,21,0,11929
31,1,2,"WAKEIW",05:59 Sat,06:44 Sat,"236","Clifton","M27 8FU",07:00 Sat,09:00 Sat,08:54 Sat,08:56 Sat,0:02,"C","",0,5,0,0,0,4,"Salvage","WAKE DOUBLE","","","",13:55 Sat,8:56,2:10,165,0,0:00,66.17,1:52,1,1,2,1,05:59 Sat,13:55 Sat,14:55 Sat,"WAKEIW","WAKEIW",05:59 Sat,06:44 Sat,"WAKEIW",06:44 Sat,"DD Trailer",14:55 Sat,"","WAKEIW AM BAND 1 Weekly","44T WAKEIW",5590,13,0,"020 8813 7441","","WAKEIW",0,0,0,0,0
31,1,3,"WAKEIW",05:59 Sat,06:44 Sat,"284","Bury","BL9 5AQ",11:00 Sat,13:00 Sat,11:00 Sat,12:54 Sat,1:54,"D","",6065,14,3,3,17,1,"Store volume","WAKE DOUBLE","","","",13:55 Sat,8:56,2:10,165,0,0:00,66.17,1:52,1,2,3,2,05:59 Sat,13:55 Sat,14:55 Sat,"WAKEIW","WAKEIW",05:59 Sat,06:44 Sat,"WAKEIW",06:44 Sat,"DD Trailer",14:55 Sat,"","WAKEIW AM BAND 1 Weekly","44T WAKEIW",5542,0,13,"01617 639960","","WAKEIW",1780,0,17,0,8799
31,1,4,"WAKEIW",05:59 Sat,06:44 Sat,"284","Bury","BL9 5AQ",11:00 Sat,13:00 Sat,12:54 Sat,12:56 Sat,0:02,"C","",0,5,0,0,0,4,"Salvage","WAKE DOUBLE","","","",13:55 Sat,8:56,2:10,165,0,0:00,66.17,1:52,1,2,4,2,05:59 Sat,13:55 Sat,14:55 Sat,"WAKEIW","WAKEIW",05:59 Sat,06:44 Sat,"WAKEIW",06:44 Sat,"DD Trailer",14:55 Sat,"","WAKEIW AM BAND 1 Weekly","44T WAKEIW",5598,76,0,"01617 639960","","WAKEIW",0,0,0,0,0
32,1,1,"WAKEIW",07:23 Sat,08:08 Sat,"412","Sheffield North","S3 8DQ",09:00 Sat,11:00 Sat,09:00 Sat,10:14 Sat,1:14,"D","",10703,18,4,3,22,1,"Store volume","WAKE DOUBLE","","","",12:31 Sat,6:58,1:56,104,0,0:00,51.60,0:00,1,1,1,1,07:23 Sat,12:31 Sat,14:21 Sat,"WAKEIW","WAKEIW",07:23 Sat,08:08 Sat,"WAKEIW",08:08 Sat,"DD Trailer",14:21 Sat,"","WAKEIW AM BAND 2 Weekly","44T WAKEIW",5565,0,54,"","","WAKEIW",1920,0,22,0,18498
32,1,2,"WAKEIW",07:23 Sat,08:08 Sat,"412","Sheffield North","S3 8DQ",09:00 Sat,11:00 Sat,10:14 Sat,10:16 Sat,0:02,"C","",0,5,0,0,0,4,"Salvage","WAKE DOUBLE","","","",12:31 Sat,6:58,1:56,104,0,0:00,51.60,0:00,1,1,2,1,07:23 Sat,12:31 Sat,14:21 Sat,"WAKEIW","WAKEIW",07:23 Sat,08:08 Sat,"WAKEIW",08:08 Sat,"DD Trailer",14:21 Sat,"","WAKEIW AM BAND 2 Weekly","44T WAKEIW",5621,25,0,"","","WAKEIW",0,0,0,0,0
32,1,3,"WAKEIW",07:23 Sat,08:08 Sat,"247","Barnsley","S71 1LS",10:30 Sat,12:30 Sat,10:46 Sat,11:56 Sat,1:10,"D","",6886,17,3,3,20,1,"Store volume","WAKE DOUBLE","","","",12:31 Sat,6:58,1:56,104,0,0:00,51.60,0:00,1,2,3,2,07:23 Sat,12:31 Sat,14:21 Sat,"WAKEIW","WAKEIW",07:23 Sat,08:08 Sat,"WAKEIW",08:08 Sat,"DD Trailer",14:21 Sat,"","WAKEIW AM BAND 2 Weekly","44T WAKEIW",5538,0,25,"01273 207 766","","WAKEIW",2220,0,20,0,12884
32,1,4,"WAKEIW",07:23 Sat,08:08 Sat,"247","Barnsley","S71 1LS",10:30 Sat,12:30 Sat,11:56 Sat,11:58 Sat,0:02,"C","",0,5,0,0,0,4,"Salvage","WAKE DOUBLE","","","",12:31 Sat,6:58,1:56,104,0,0:00,51.60,0:00,1,2,4,2,07:23 Sat,12:31 Sat,14:21 Sat,"WAKEIW","WAKEIW",07:23 Sat,08:08 Sat,"WAKEIW",08:08 Sat,"DD Trailer",14:21 Sat,"","WAKEIW AM BAND 2 Weekly","44T WAKEIW",5593,25,0,"01273 207 766","","WAKEIW",0,0,0,0,0
33,1,1,"MIDIW",07:59 Sat,08:44 Sat,"326","Kettering","NN16 9TS",10:30 Sat,12:30 Sat,10:30 Sat,12:16 Sat,1:46,"D","",13301,29,9,4,38,1,"Store volume","SALT DOUBLE","","","",15:53 Sat,8:54,2:04,134,0,0:00,65.93,1:16,1,1,1,1,07:59 Sat,15:53 Sat,16:53 Sat,"MIDIW","MIDIW",07:59 Sat,08:44 Sat,"MIDIW",08:44 Sat,"DD Trailer",16:53 Sat,"","MIDIW AM BAND 2 Weekly","44T MIDIW",5553,0,32,"01254 279896","","MIDIW",3673,0,38,0,26043
33,1,2,"MIDIW",07:59 Sat,08:44 Sat,"326","Kettering","NN16 9TS",10:30 Sat,12:30 Sat,12:16 Sat,12:18 Sat,0:02,"C","",0,5,0,0,0,4,"Salvage","SALT DOUBLE","","","",15:53 Sat,8:54,2:04,134,0,0:00,65.93,1:16,1,1,2,1,07:59 Sat,15:53 Sat,16:53 Sat,"MIDIW","MIDIW",07:59 Sat,08:44 Sat,"MIDIW",08:44 Sat,"DD Trailer",16:53 Sat,"","MIDIW AM BAND 2 Weekly","44T MIDIW",5609,43,0,"01254 279896","","MIDIW",0,0,0,0,0
33,1,3,"MIDIW",07:59 Sat,08:44 Sat,"464","Huntingdon","PE29 7DA",13:00 Sat,15:00 Sat,13:00 Sat,15:00 Sat,2:00,"D","",6359,15,5,4,20,1,"Store volume","SALT DOUBLE","","","",15:53 Sat,8:54,2:04,134,0,0:00,65.93,1:16,1,2,3,2,07:59 Sat,15:53 Sat,16:53 Sat,"MIDIW","MIDIW",07:59 Sat,08:44 Sat,"MIDIW",08:44 Sat,"DD Trailer",16:53 Sat,"","MIDIW AM BAND 2 Weekly","44T MIDIW",5576,0,43,"","","MIDIW",2180,0,20,0,10454
33,1,4,"MIDIW",07:59 Sat,08:44 Sat,"464","Huntingdon","PE29 7DA",13:00 Sat,15:00 Sat,15:00 Sat,15:02 Sat,0:02,"C","",0,5,0,0,0,4,"Salvage","SALT DOUBLE","","","",15:53 Sat,8:54,2:04,134,0,0:00,65.93,1:16,1,2,4,2,07:59 Sat,15:53 Sat,16:53 Sat,"MIDIW","MIDIW",07:59 Sat,08:44 Sat,"MIDIW",08:44 Sat,"DD Trailer",16:53 Sat,"","MIDIW AM BAND 2 Weekly","44T MIDIW",5633,60,0,"","","MIDIW",0,0,0,0,0
1000,1,1,"MIDIW",03:00 Sat,03:45 Sat,"NORHDC","Northampton HDC","NN4 7JE",00:01 Sat,23:59 Sat,03:50 Sat,04:10 Sat,0:20,"C","HDC DEVIZES 2",0,0,0,0,1,1,"Store volume","SALT SINGLE","","","",11:48 Sat,9:48,4:33,294,0,0:00,98.00,0:00,1,1,1,1,03:00 Sat,11:48 Sat,12:48 Sat,"MIDIW","MIDIW",03:00 Sat,03:45 Sat,"MIDIW",03:45 Sat,"SD Trailer",12:48 Sat,"","MIDIW NIGHT BAND 3 Weekly","44T MIDIW",5344,149,1,"","","MIDIW",0,0,0,0,0
1000,1,2,"MIDIW",03:00 Sat,03:45 Sat,"DEVHDC2","DEVIZES 2","SN10 2HT",00:01 Sat,23:59 Sat,06:22 Sat,08:22 Sat,2:00,"D","HDC DEVIZES 2",0,0,0,0,26,1,"Store volume","SALT SINGLE","","","",11:48 Sat,9:48,4:33,294,0,0:00,98.00,0:00,1,2,2,2,03:00 Sat,11:48 Sat,12:48 Sat,"MIDIW","MIDIW",03:00 Sat,03:45 Sat,"MIDIW",03:45 Sat,"SD Trailer",12:48 Sat,"","MIDIW NIGHT BAND 3 Weekly","44T MIDIW",5345,143,149,"","","MIDIW",0,0,0,0,0
1000,1,3,"MIDIW",03:00 Sat,03:45 Sat,"NORHDC","Northampton HDC","NN4 7JE",00:01 Sat,23:59 Sat,11:23 Sat,11:43 Sat,0:20,"C","HDC DEVIZES 2",0,0,0,0,1,1,"Store volume","SALT SINGLE","","","",11:48 Sat,9:48,4:33,294,0,0:00,98.00,0:00,1,3,3,3,03:00 Sat,11:48 Sat,12:48 Sat,"MIDIW","MIDIW",03:00 Sat,03:45 Sat,"MIDIW",03:45 Sat,"SD Trailer",12:48 Sat,"","MIDIW NIGHT BAND 3 Weekly","44T MIDIW",5404,1,143,"","","MIDIW",0,0,0,0,0
1001,1,1,"MIDIW",05:00 Sat,05:45 Sat,"NORHDC","Northampton HDC","NN4 7JE",00:01 Sat,23:59 Sat,05:50 Sat,06:10 Sat,0:20,"C","HDC DEVIZES to EXETER",0,0,0,0,1,1,"Store volume","SALT SINGLE","","","",13:48 Sat,9:48,4:33,294,0,0:00,72.59,0:00,1,1,1,1,05:00 Sat,13:48 Sat,14:48 Sat,"MIDIW","MIDIW",05:00 Sat,05:45 Sat,"MIDIW",05:45 Sat,"SD Trailer",14:48 Sat,"","MIDIW AM BAND 1 Weekly","44T MIDIW",5346,149,1,"","","MIDIW",0,0,0,0,0
1001,1,2,"MIDIW",05:00 Sat,05:45 Sat,"DEVEXHDC","DEVIZES - EXETER","NN4 7JE",00:01 Sat,23:59 Sat,08:22 Sat,10:22 Sat,2:00,"D","HDC DEVIZES to EXETER",0,0,0,0,26,1,"Store volume","SALT SINGLE","","","",13:48 Sat,9:48,4:33,294,0,0:00,72.59,0:00,1,2,2,2,05:00 Sat,13:48 Sat,14:48 Sat,"MIDIW","MIDIW",05:00 Sat,05:45 Sat,"MIDIW",05:45 Sat,"SD Trailer",14:48 Sat,"","MIDIW AM BAND 1 Weekly","44T MIDIW",5347,143,149,"","","MIDIW",0,0,0,0,0
1001,1,3,"MIDIW",05:00 Sat,05:45 Sat,"NORHDC","Northampton HDC","NN4 7JE",00:01 Sat,23:59 Sat,13:23 Sat,13:43 Sat,0:20,"C","HDC DEVIZES 2",0,0,0,0,1,1,"Store volume","SALT SINGLE","","","",13:48 Sat,9:48,4:33,294,0,0:00,72.59,0:00,1,3,3,3,05:00 Sat,13:48 Sat,14:48 Sat,"MIDIW","MIDIW",05:00 Sat,05:45 Sat,"MIDIW",05:45 Sat,"SD Trailer",14:48 Sat,"","MIDIW AM BAND 1 Weekly","44T MIDIW",5403,1,143,"","","MIDIW",0,0,0,0,0
1002,1,1,"DEVHDC",08:00 Sat,08:30 Sat,"EXEHDC1","EXETER 1","EX2 7JG",00:01 Sat,23:59 Sat,10:59 Sat,12:59 Sat,2:00,"D","HDC DEVIZES to EXETER",0,0,0,0,26,1,"Store volume","DEVHDC SINGLE","","","",16:17 Sat,8:47,4:57,333,167,2:28,65.06,0:00,1,1,1,1,08:00 Sat,16:17 Sat,16:47 Sat,"DEVHDC","DEVHDC",08:00 Sat,08:30 Sat,"DEVHDC",08:30 Sat,"SD Trailer",16:47 Sat,"","DEVHDC AM Weekly","44T DEVHDC",5348,167,167,"","","MIDIW",0,0,0,0,0
1003,1,1,"MIDIW",07:00 Sat,07:45 Sat,"NORHDC","Northampton HDC","NN4 7JE",00:01 Sat,23:59 Sat,07:50 Sat,08:10 Sat,0:20,"C","HDC BURNTWOOD",0,0,0,0,1,1,"Store volume","SALT SINGLE","","","",12:04 Sat,12:48,5:48,440,0,0:00,94.81,0:00,2,1,1,1,07:00 Sat,12:04 Sat,13:24 Sat,"MIDIW","MIDIW",07:00 Sat,07:45 Sat,"MIDIW",07:45 Sat,"SD Trailer",19:47 Sat,"","MIDIW AM BAND 2 Weekly","44T MIDIW",5349,109,1,"","","MIDIW",0,0,0,0,0
1003,1,2,"MIDIW",07:00 Sat,07:45 Sat,"BURHDC1","BURNTWOOD 1","WS7 3JG",00:01 Sat,23:59 Sat,09:32 Sat,10:17 Sat,0:45,"D","HDC BURNTWOOD",0,0,0,0,26,1,"Store volume","SALT SINGLE","","","",12:04 Sat,12:48,5:48,440,0,0:00,94.81,0:00,2,2,2,2,07:00 Sat,12:04 Sat,13:24 Sat,"MIDIW","MIDIW",07:00 Sat,07:45 Sat,"MIDIW",07:45 Sat,"SD Trailer",19:47 Sat,"","MIDIW AM BAND 2 Weekly","44T MIDIW",5350,109,109,"","","MIDIW",0,0,0,0,0
1003,1,3,"MIDIW",07:00 Sat,07:45 Sat,"NORHDC","Northampton HDC","NN4 7JE",00:01 Sat,23:59 Sat,11:39 Sat,11:59 Sat,0:20,"C","HDC DEVIZES 2",0,0,0,0,1,1,"Store volume","SALT SINGLE","","","",12:04 Sat,12:48,5:48,440,0,0:00,94.81,0:00,2,3,3,3,07:00 Sat,12:04 Sat,13:24 Sat,"MIDIW","MIDIW",07:00 Sat,07:45 Sat,"MIDIW",07:45 Sat,"SD Trailer",19:47 Sat,"","MIDIW AM BAND 2 Weekly","44T MIDIW",5405,1,109,"","","MIDIW",0,0,0,0,0
1003,2,1,"MIDIW",07:00 Sat,13:39 Sat,"NORHDC","Northampton HDC","NN4 7JE",00:01 Sat,23:59 Sat,13:44 Sat,14:04 Sat,0:20,"C","HDC BURNTWOOD",0,0,0,0,1,1,"Store volume","SALT SINGLE","","","",17:57 Sat,12:48,5:48,440,0,0:00,94.81,0:00,2,4,4,1,13:24 Sat,17:57 Sat,19:47 Sat,"MIDIW","MIDIW",13:24 Sat,13:39 Sat,"MIDIW",13:39 Sat,"SD Trailer",19:47 Sat,"","MIDIW AM BAND 2 Weekly","44T MIDIW",5351,109,1,"","","MIDIW",0,0,0,0,0
1003,2,2,"MIDIW",07:00 Sat,13:39 Sat,"BURHDC3","BURNTWOOD 3","WS7 3JG",00:01 Sat,23:59 Sat,15:26 Sat,16:11 Sat,0:45,"D","HDC BURNTWOOD",0,0,0,0,26,1,"Store volume","SALT SINGLE","","","",17:57 Sat,12:48,5:48,440,0,0:00,94.81,0:00,2,5,5,2,13:24 Sat,17:57 Sat,19:47 Sat,"MIDIW","MIDIW",13:24 Sat,13:39 Sat,"MIDIW",13:39 Sat,"SD Trailer",19:47 Sat,"","MIDIW AM BAND 2 Weekly","44T MIDIW",5352,109,109,"","","MIDIW",0,0,0,0,0
1003,2,3,"MIDIW",07:00 Sat,13:39 Sat,"NORHDC","Northampton HDC","NN4 7JE",00:01 Sat,23:59 Sat,17:32 Sat,17:52 Sat,0:20,"C","HDC DEVIZES 2",0,0,0,0,1,1,"Store volume","SALT SINGLE","","","",17:57 Sat,12:48,5:48,440,0,0:00,94.81,0:00,2,6,6,3,13:24 Sat,17:57 Sat,19:47 Sat,"MIDIW","MIDIW",13:24 Sat,13:39 Sat,"MIDIW",13:39 Sat,"SD Trailer",19:47 Sat,"","MIDIW AM BAND 2 Weekly","44T MIDIW",5402,1,109,"","","MIDIW",0,0,0,0,0
1004,1,1,"MIDIW",08:00 Sat,08:45 Sat,"NORHDC","Northampton HDC","NN4 7JE",00:01 Sat,23:59 Sat,08:50 Sat,09:10 Sat,0:20,"C","HDC DEVIZES 2",0,0,0,0,1,1,"Store volume","SALT SINGLE","","","",13:04 Sat,9:08,3:38,239,10,0:23,67.65,0:00,3,1,1,1,08:00 Sat,13:04 Sat,14:24 Sat,"MIDIW","MIDIW",08:00 Sat,08:45 Sat,"MIDIW",08:45 Sat,"SD Trailer",17:07 Sat,"","MIDIW AM BAND 3 Weekly","44T MIDIW",5387,109,1,"","","MIDIW",0,0,0,0,0
1004,1,2,"MIDIW",08:00 Sat,08:45 Sat,"BURHDC2","BURNTWOOD 2","WS7 3JG",00:01 Sat,23:59 Sat,10:32 Sat,11:17 Sat,0:45,"D","SHUNTING THEN HDC BURNTWOOD",0,0,0,0,26,1,"Store volume","SALT SINGLE","","","",13:04 Sat,9:08,3:38,239,10,0:23,67.65,0:00,3,2,2,2,08:00 Sat,13:04 Sat,14:24 Sat,"MIDIW","MIDIW",08:00 Sat,08:45 Sat,"MIDIW",08:45 Sat,"SD Trailer",17:07 Sat,"","MIDIW AM BAND 3 Weekly","44T MIDIW",5354,109,109,"","","MIDIW",0,0,0,0,0
1004,1,3,"MIDIW",08:00 Sat,08:45 Sat,"NORHDC","Northampton HDC","NN4 7JE",00:01 Sat,23:59 Sat,12:39 Sat,12:59 Sat,0:20,"C","HDC DEVIZES 2",0,0,0,0,1,1,"Store volume","SALT SINGLE","","","",13:04 Sat,9:08,3:38,239,10,0:23,67.65,0:00,3,3,3,3,08:00 Sat,13:04 Sat,14:24 Sat,"MIDIW","MIDIW",08:00 Sat,08:45 Sat,"MIDIW",08:45 Sat,"SD Trailer",17:07 Sat,"","MIDIW AM BAND 3 Weekly","44T MIDIW",5408,1,109,"","","MIDIW",0,0,0,0,0
1004,2,1,"MIDIW",08:00 Sat,14:39 Sat,"PANASONIC","PANASONIC","NN4 7BW",00:01 Sat,23:59 Sat,14:50 Sat,14:50 Sat,0:00,"C","",0,0,0,0,40,3,"Backhaul volume","SALT DOUBLE","","","",15:00 Sat,9:08,3:38,239,10,0:23,67.65,0:00,3,4,4,1,14:24 Sat,15:00 Sat,15:30 Sat,"MIDIW","MIDIW",14:24 Sat,14:39 Sat,"MIDIW",14:39 Sat,"DD Trailer",17:07 Sat,"","MIDIW AM BAND 3 Weekly","44T MIDIW",5516,4,5,"","","",0,0,0,0,0
1004,3,1,"MIDIW",08:00 Sat,15:45 Sat,"PANASONIC","PANASONIC","NN4 7BW",00:01 Sat,23:59 Sat,15:57 Sat,15:57 Sat,0:00,"C","",0,0,0,0,40,3,"Backhaul volume","SALT DOUBLE","","","",16:07 Sat,9:08,3:38,239,10,0:23,67.65,0:00,3,5,5,1,15:30 Sat,16:07 Sat,17:07 Sat,"MIDIW","MIDIW",15:30 Sat,15:45 Sat,"MIDIW",15:45 Sat,"DD Trailer",17:07 Sat,"","MIDIW AM BAND 3 Weekly","44T MIDIW",5517,4,5,"","","",0,0,0,0,0
1005,1,1,"MIDIW",11:00 Sat,11:45 Sat,"NORHDC","Northampton HDC","NN4 7JE",00:01 Sat,23:59 Sat,11:50 Sat,12:10 Sat,0:20,"C","HDC DEVIZES 2",0,0,0,0,1,1,"Store volume","SALT SINGLE","","","",18:20 Sat,8:20,4:20,338,0,0:00,61.73,0:00,1,1,1,1,11:00 Sat,18:20 Sat,19:20 Sat,"MIDIW","MIDIW",11:00 Sat,11:45 Sat,"MIDIW",11:45 Sat,"SD Trailer",19:20 Sat,"","MIDIW AM BAND 4 Weekly","44T MIDIW",5386,164,1,"","","MIDIW",0,0,0,0,0
1005,1,2,"MIDIW",11:00 Sat,11:45 Sat,"CRAHDC1","CRAWLEY 1","RH11 0PQ",00:01 Sat,23:59 Sat,14:16 Sat,15:01 Sat,0:45,"D","",0,0,0,0,26,2,"Trunk volume","SALT SINGLE","","","",18:20 Sat,8:20,4:20,338,0,0:00,61.73,0:00,1,2,2,2,11:00 Sat,18:20 Sat,19:20 Sat,"MIDIW","MIDIW",11:00 Sat,11:45 Sat,"MIDIW",11:45 Sat,"SD Trailer",19:20 Sat,"","MIDIW AM BAND 4 Weekly","44T MIDIW",5383,171,164,"","","MIDIW",0,0,0,0,0
1005,1,3,"MIDIW",11:00 Sat,11:45 Sat,"NORHDC","Northampton HDC","NN4 7JE",00:01 Sat,23:59 Sat,17:55 Sat,18:15 Sat,0:20,"C","HDC DEVIZES 2",0,0,0,0,1,1,"Store volume","SALT SINGLE","","","",18:20 Sat,8:20,4:20,338,0,0:00,61.73,0:00,1,3,3,3,11:00 Sat,18:20 Sat,19:20 Sat,"MIDIW","MIDIW",11:00 Sat,11:45 Sat,"MIDIW",11:45 Sat,"SD Trailer",19:20 Sat,"","MIDIW AM BAND 4 Weekly","44T MIDIW",5407,1,171,"","","MIDIW",0,0,0,0,0
1006,1,1,"MIDIW",12:00 Sat,12:45 Sat,"NORHDC","Northampton HDC","NN4 7JE",00:01 Sat,23:59 Sat,12:50 Sat,13:10 Sat,0:20,"C","HDC DEVIZES 2",0,0,0,0,1,1,"Store volume","SALT SINGLE","","","",19:20 Sat,8:20,4:20,338,0,0:00,69.44,0:00,1,1,1,1,12:00 Sat,19:20 Sat,20:20 Sat,"MIDIW","MIDIW",12:00 Sat,12:45 Sat,"MIDIW",12:45 Sat,"SD Trailer",20:20 Sat,"","MIDIW PM BAND 1 Weekly","44T MIDIW",5385,164,1,"","","MIDIW",0,0,0,0,0
1006,1,2,"MIDIW",12:00 Sat,12:45 Sat,"CRAHDC2","CRAWLEY 2","RH11 0PQ",00:01 Sat,23:59 Sat,15:16 Sat,16:01 Sat,0:45,"D","",0,0,0,0,26,2,"Trunk volume","SALT SINGLE","","","",19:20 Sat,8:20,4:20,338,0,0:00,69.44,0:00,1,2,2,2,12:00 Sat,19:20 Sat,20:20 Sat,"MIDIW","MIDIW",12:00 Sat,12:45 Sat,"MIDIW",12:45 Sat,"SD Trailer",20:20 Sat,"","MIDIW PM BAND 1 Weekly","44T MIDIW",5384,171,164,"","","MIDIW",0,0,0,0,0
1006,1,3,"MIDIW",12:00 Sat,12:45 Sat,"NORHDC","Northampton HDC","NN4 7JE",00:01 Sat,23:59 Sat,18:55 Sat,19:15 Sat,0:20,"C","HDC DEVIZES 2",0,0,0,0,1,1,"Store volume","SALT SINGLE","","","",19:20 Sat,8:20,4:20,338,0,0:00,69.44,0:00,1,3,3,3,12:00 Sat,19:20 Sat,20:20 Sat,"MIDIW","MIDIW",12:00 Sat,12:45 Sat,"MIDIW",12:45 Sat,"SD Trailer",20:20 Sat,"","MIDIW PM BAND 1 Weekly","44T MIDIW",5406,1,171,"","","MIDIW",0,0,0,0,0
1008,1,1,"MIDIW",05:00 Sat,05:45 Sat,"NORHDC","Northampton HDC","NN4 7JE",00:01 Sat,23:59 Sat,05:50 Sat,06:10 Sat,0:20,"C","HDC DEVIZES 2",0,0,0,0,1,1,"Store volume","SALT SINGLE","","","",16:28 Sat,13:18,8:13,630,0,0:00,98.52,0:00,1,1,1,1,05:00 Sat,16:28 Sat,18:18 Sat,"MIDIW","MIDIW",05:00 Sat,05:45 Sat,"MIDIW",05:45 Sat,"SD Trailer",18:18 Sat,"","MIDIW AM BAND 1 Weekly","44T MIDIW",5512,314,1,"","","MIDIW",0,0,0,0,0
1008,1,2,"MIDIW",05:00 Sat,05:45 Sat,"EXEHDC2","EXETER 2","EX2 7JG",00:01 Sat,23:59 Sat,10:13 Sat,12:03 Sat,1:50,"D","",0,0,0,0,26,2,"Trunk volume","SALT SINGLE","","","",16:28 Sat,13:18,8:13,630,0,0:00,98.52,0:00,1,2,2,2,05:00 Sat,16:28 Sat,18:18 Sat,"MIDIW","MIDIW",05:00 Sat,05:45 Sat,"MIDIW",05:45 Sat,"SD Trailer",18:18 Sat,"","MIDIW AM BAND 1 Weekly","44T MIDIW",5510,314,314,"","","MIDIW",0,0,0,0,0
1008,1,3,"MIDIW",05:00 Sat,05:45 Sat,"NORHDC","Northampton HDC","NN4 7JE",00:01 Sat,23:59 Sat,16:03 Sat,16:23 Sat,0:20,"C","HDC DEVIZES 2",0,0,0,0,1,1,"Store volume","SALT SINGLE","","","",16:28 Sat,13:18,8:13,630,0,0:00,98.52,0:00,1,3,3,3,05:00 Sat,16:28 Sat,18:18 Sat,"MIDIW","MIDIW",05:00 Sat,05:45 Sat,"MIDIW",05:45 Sat,"SD Trailer",18:18 Sat,"","MIDIW AM BAND 1 Weekly","44T MIDIW",5513,1,314,"","","MIDIW",0,0,0,0,0
1009,1,1,"MIDIW",05:00 Sat,05:45 Sat,"NORHDC","Northampton HDC","NN4 7JE",00:01 Sat,23:59 Sat,05:50 Sat,06:10 Sat,0:20,"C","HDC DEVIZES 2",0,0,0,0,1,1,"Store volume","SALT SINGLE","","","",13:47 Sat,9:47,4:32,294,0,0:00,72.47,0:00,1,1,1,1,05:00 Sat,13:47 Sat,14:47 Sat,"MIDIW","MIDIW",05:00 Sat,05:45 Sat,"MIDIW",05:45 Sat,"SD Trailer",14:47 Sat,"","MIDIW AM BAND 1 Weekly","44T MIDIW",5514,149,1,"","","MIDIW",0,0,0,0,0
1009,1,2,"MIDIW",05:00 Sat,05:45 Sat,"DEVHDC3","DEVIZES 3","SN10 2HT",00:01 Sat,23:59 Sat,08:22 Sat,10:22 Sat,2:00,"D","",0,0,0,0,26,2,"Trunk volume","SALT SINGLE","","","",13:47 Sat,9:47,4:32,294,0,0:00,72.47,0:00,1,2,2,2,05:00 Sat,13:47 Sat,14:47 Sat,"MIDIW","MIDIW",05:00 Sat,05:45 Sat,"MIDIW",05:45 Sat,"SD Trailer",14:47 Sat,"","MIDIW AM BAND 1 Weekly","44T MIDIW",5511,143,149,"","","MIDIW",0,0,0,0,0
1009,1,3,"MIDIW",05:00 Sat,05:45 Sat,"NORHDC","Northampton HDC","NN4 7JE",00:01 Sat,23:59 Sat,13:22 Sat,13:42 Sat,0:20,"C","HDC DEVIZES 2",0,0,0,0,1,1,"Store volume","SALT SINGLE","","","",13:47 Sat,9:47,4:32,294,0,0:00,72.47,0:00,1,3,3,3,05:00 Sat,13:47 Sat,14:47 Sat,"MIDIW","MIDIW",05:00 Sat,05:45 Sat,"MIDIW",05:45 Sat,"SD Trailer",14:47 Sat,"","MIDIW AM BAND 1 Weekly","44T MIDIW",5515,1,143,"","","MIDIW",0,0,0,0,0
3002,1,1,"MIDIW",16:00 Sun,16:45 Sun,"CAROB","CAROB","CF10 4ED",00:01 Sun,23:59 Sun,20:10 Sun,20:10 Sun,0:00,"D","",0,0,0,0,40,1,"Store volume","SALT DOUBLE","","","",00:24 Mon,9:24,6:49,469,235,3:24,94.00,0:00,1,1,1,1,16:00 Sun,00:24 Mon,01:24 Mon,"MIDIW","MIDIW",16:00 Sun,16:45 Sun,"MIDIW",16:45 Sun,"DD Trailer",01:24 Mon,"","MIDIW PM BAND 3 Weekly","44T MIDIW",5410,235,234,"","","",0,0,0,0,0
3003,1,1,"DEVOB",18:00 Sun,18:30 Sun,"MIDIWTRUNK","MIDIWTRUNK","NN4 7JE",00:01 Sun,23:59 Sun,20:40 Sun,21:25 Sun,0:45,"C","",0,0,0,0,40,2,"Trunk volume","DEVOB DOUBLE","","","",00:27 Mon,6:57,4:22,292,143,2:10,69.50,0:00,1,1,1,1,18:00 Sun,00:27 Mon,00:57 Mon,"DEVOB","DEVOB",18:00 Sun,18:30 Sun,"DEVOB",18:30 Sun,"DD Trailer",00:57 Mon,"","DEVOB PM Weekly","44T DEVOB",5426,149,143,"","","",0,0,0,0,0
3004,1,1,"MIDIW",16:00 Sun,16:45 Sun,"NORTP","GOWERTON","NN4 7BN",00:01 Sun,23:59 Sun,16:56 Sun,17:16 Sun,0:20,"D","",0,0,0,0,1,1,"Store volume","SALT DOUBLE","","","",17:26 Sun,9:52,5:27,428,213,2:43,98.67,0:00,2,1,1,1,16:00 Sun,17:26 Sun,17:56 Sun,"MIDIW","MIDIW",16:00 Sun,16:45 Sun,"MIDIW",16:45 Sun,"DD Trailer",01:52 Mon,"","MIDIW PM BAND 3 Weekly","44T MIDIW",5411,4,5,"","","",0,0,0,0,0
3004,2,1,"MIDIW",16:00 Sun,18:11 Sun,"WAKEIWTRUNK","WAKEIWTRUNK","WF10 5QS",00:01 Sun,23:59 Sun,20:44 Sun,21:29 Sun,0:45,"D","",0,0,0,0,40,1,"Store volume","SALT DOUBLE","","","",00:52 Mon,9:52,5:27,428,213,2:43,98.67,0:00,2,2,2,1,17:56 Sun,00:52 Mon,01:52 Mon,"MIDIW","MIDIW",17:56 Sun,18:11 Sun,"MIDIW",18:11 Sun,"DD Trailer",01:52 Mon,"","MIDIW PM BAND 3 Weekly","44T MIDIW",5412,209,209,"","","",0,0,0,0,0
3005,1,1,"MIDIW",16:00 Sun,16:45 Sun,"NORTP","GOWERTON","NN4 7BN",00:01 Sun,23:59 Sun,16:56 Sun,17:16 Sun,0:20,"D","",0,0,0,0,1,1,"Store volume","SALT DOUBLE","","","",17:26 Sun,9:52,5:27,428,213,2:43,98.67,0:00,2,1,1,1,16:00 Sun,17:26 Sun,17:56 Sun,"MIDIW","MIDIW",16:00 Sun,16:45 Sun,"MIDIW",16:45 Sun,"DD Trailer",01:52 Mon,"","MIDIW PM BAND 3 Weekly","44T MIDIW",5413,4,5,"","","",0,0,0,0,0
3005,2,1,"MIDIW",16:00 Sun,18:11 Sun,"WAKEIWTRUNK","WAKEIWTRUNK","WF10 5QS",00:01 Sun,23:59 Sun,20:44 Sun,21:29 Sun,0:45,"D","",0,0,0,0,40,1,"Store volume","SALT DOUBLE","","","",00:52 Mon,9:52,5:27,428,213,2:43,98.67,0:00,2,2,2,1,17:56 Sun,00:52 Mon,01:52 Mon,"MIDIW","MIDIW",17:56 Sun,18:11 Sun,"MIDIW",18:11 Sun,"DD Trailer",01:52 Mon,"","MIDIW PM BAND 3 Weekly","44T MIDIW",5414,209,209,"","","",0,0,0,0,0
3006,1,1,"MIDIW",18:00 Sun,18:45 Sun,"WAKEIWTRUNK","WAKEIWTRUNK","WF10 5QS",00:01 Sun,23:59 Sun,21:18 Sun,22:03 Sun,0:45,"D","",0,0,0,0,40,1,"Store volume","SALT DOUBLE","","","",01:26 Mon,8:26,5:06,418,209,2:33,84.33,0:00,1,1,1,1,18:00 Sun,01:26 Mon,02:26 Mon,"MIDIW","MIDIW",18:00 Sun,18:45 Sun,"MIDIW",18:45 Sun,"DD Trailer",02:26 Mon,"","MIDIW PM BAND 4 Weekly","44T MIDIW",5415,209,209,"","","",0,0,0,0,0
4000,1,1,"WAKEIW",13:30 Sun,14:15 Sun,"MIDIWTRUNK","MIDIWTRUNK","NN4 7JE",00:01 Sun,23:59 Sun,16:46 Sun,17:31 Sun,0:45,"D","",0,0,0,0,40,1,"Store volume","WAKE DOUBLE","","","",22:33 Sun,10:03,5:43,470,31,0:29,83.75,0:00,1,1,1,1,13:30 Sun,22:33 Sun,23:33 Sun,"WAKEIW","WAKEIW",13:30 Sun,14:15 Sun,"WAKEIW",14:15 Sun,"DD Trailer",23:33 Sun,"","WAKEIW PM BAND 1 Weekly","44T WAKEIW",5416,230,209,"","","",0,0,0,0,0
4000,1,2,"WAKEIW",13:30 Sun,14:15 Sun,"WETCL","WETHERBY","LS22 5GT",00:01 Sun,23:59 Sun,21:04 Sun,22:04 Sun,1:00,"D","",0,0,0,0,40,1,"Store volume","WAKE DOUBLE","","","",22:33 Sun,10:03,5:43,470,31,0:29,83.75,0:00,1,2,2,2,13:30 Sun,22:33 Sun,23:33 Sun,"WAKEIW","WAKEIW",13:30 Sun,14:15 Sun,"WAKEIW",14:15 Sun,"DD Trailer",23:33 Sun,"","WAKEIW PM BAND 1 Weekly","44T WAKEIW",5417,31,230,"","","",0,0,0,0,0
4001,1,1,"WAKEIW",14:00 Sun,14:45 Sun,"MIDIWTRUNK","MIDIWTRUNK","NN4 7JE",00:01 Sun,23:59 Sun,17:16 Sun,18:01 Sun,0:45,"D","",0,0,0,0,40,1,"Store volume","WAKE DOUBLE","","","",21:23 Sun,8:23,5:03,418,209,2:32,83.83,0:00,1,1,1,1,14:00 Sun,21:23 Sun,22:23 Sun,"WAKEIW","WAKEIW",14:00 Sun,14:45 Sun,"WAKEIW",14:45 Sun,"DD Trailer",22:23 Sun,"","WAKEIW PM BAND 2 Weekly","44T WAKEIW",5418,209,209,"","","",0,0,0,0,0
4002,1,1,"WAKEIW",14:00 Sun,14:45 Sun,"MIDIWTRUNK","MIDIWTRUNK","NN4 7JE",00:01 Sun,23:59 Sun,17:16 Sun,18:01 Sun,0:45,"D","",0,0,0,0,40,1,"Store volume","WAKE DOUBLE","","","",21:23 Sun,8:23,5:03,418,209,2:32,83.83,0:00,1,1,1,1,14:00 Sun,21:23 Sun,22:23 Sun,"WAKEIW","WAKEIW",14:00 Sun,14:45 Sun,"WAKEIW",14:45 Sun,"DD Trailer",22:23 Sun,"","WAKEIW PM BAND 2 Weekly","44T WAKEIW",5419,209,209,"","","",0,0,0,0,0
4003,1,1,"WAKEIW",15:00 Sun,15:45 Sun,"MIDIWTRUNK","MIDIWTRUNK","NN4 7JE",00:01 Sun,23:59 Sun,18:16 Sun,19:01 Sun,0:45,"D","",0,0,0,0,40,1,"Store volume","WAKE DOUBLE","","","",22:23 Sun,8:23,5:03,418,209,2:32,83.83,0:00,1,1,1,1,15:00 Sun,22:23 Sun,23:23 Sun,"WAKEIW","WAKEIW",15:00 Sun,15:45 Sun,"WAKEIW",15:45 Sun,"DD Trailer",23:23 Sun,"","WAKEIW PM BAND 2 Weekly","44T WAKEIW",5420,209,209,"","","",0,0,0,0,0
4004,1,1,"WAKEIW",16:00 Sun,16:45 Sun,"MIDIWTRUNK","MIDIWTRUNK","NN4 7JE",00:01 Sun,23:59 Sun,19:16 Sun,20:01 Sun,0:45,"D","",0,0,0,0,40,1,"Store volume","WAKE DOUBLE","","","",23:23 Sun,8:23,5:03,418,209,2:32,83.83,0:00,1,1,1,1,16:00 Sun,23:23 Sun,00:23 Mon,"WAKEIW","WAKEIW",16:00 Sun,16:45 Sun,"WAKEIW",16:45 Sun,"DD Trailer",00:23 Mon,"","WAKEIW PM BAND 3 Weekly","44T WAKEIW",5421,209,209,"","","",0,0,0,0,0
4005,1,1,"WAKEIW",16:30 Sun,17:15 Sun,"MIDIWTRUNK","MIDIWTRUNK","NN4 7JE",00:01 Sun,23:59 Sun,19:46 Sun,20:31 Sun,0:45,"C","",0,0,0,0,24,1,"Store volume","WAKE DOUBLE","","","",23:53 Sun,8:23,5:03,418,209,2:31,83.83,0:00,1,1,1,1,16:30 Sun,23:53 Sun,00:53 Mon,"WAKEIW","WAKEIW",16:30 Sun,17:15 Sun,"WAKEIW",17:15 Sun,"DD Trailer",00:53 Mon,"","WAKEIW PM BAND 3 Weekly","44T WAKEIW",5424,209,209,"","","",0,0,0,0,0
5000,1,1,"MIDIW",06:00 Sat,06:00 Sat,"SHUNTSAL","SHUNTSAL","NN4 7EX",00:01 Sat,23:59 Sat,06:05 Sat,13:55 Sat,7:50,"D","SHUNTER",0,0,0,0,1,1,"Store volume","","","","",14:00 Sat,8:00,0:10,2,1,0:05,100.00,0:00,1,1,1,1,06:00 Sat,14:00 Sat,14:00 Sat,"MIDIW","MIDIW",06:00 Sat,06:00 Sat,"MIDIW",06:00 Sat,"",14:00 Sat,"","SHUNTERAM Weekly","",5425,1,1,"","","",0,0,0,0,0
5001,1,1,"MIDIW",14:00 Sun,14:00 Sun,"SHUNTSAL","SHUNTSAL","NN4 7EX",00:01 Sun,23:59 Sun,14:05 Sun,21:55 Sun,7:50,"D","SHUNTER",0,0,0,0,1,1,"Store volume","","","","",22:00 Sun,8:00,0:10,2,1,0:05,100.00,0:00,1,1,1,1,14:00 Sun,22:00 Sun,22:00 Sun,"MIDIW","MIDIW",14:00 Sun,14:00 Sun,"MIDIW",14:00 Sun,"",22:00 Sun,"","SHUNTERPM Weekly","",5508,1,1,"","","",0,0,0,0,0
5002,1,1,"MIDIW",22:00 Sun,22:00 Sun,"SHUNTSAL","SHUNTSAL","NN4 7EX",00:01 Sun,23:59 Sun,22:05 Sun,05:55 Mon,7:50,"D","SHUNTER",0,0,0,0,1,1,"Store volume","","","","",06:00 Mon,8:00,0:10,2,1,0:05,100.00,0:00,1,1,1,1,22:00 Sun,06:00 Mon,06:00 Mon,"MIDIW","MIDIW",22:00 Sun,22:00 Sun,"MIDIW",22:00 Sun,"",06:00 Mon,"","SHUNTERNIGHT Weekly","",5509,1,1,"","","",0,0,0,0,0
5003,1,1,"MIDIW",06:00 Sat,06:45 Sat,"NORHDCSHUNT","HDC SHUNTING","NN4 7JE",00:01 Sat,23:59 Sat,06:50 Sat,13:55 Sat,7:05,"C","SHUNTING THEN HDC BURNTWOOD",0,0,0,0,1,1,"Store volume","SALT SINGLE","","","",14:00 Sat,9:00,0:10,2,1,0:05,66.67,0:00,1,1,1,1,06:00 Sat,14:00 Sat,15:00 Sat,"MIDIW","MIDIW",06:00 Sat,06:45 Sat,"MIDIW",06:45 Sat,"SD Trailer",15:00 Sat,"","MIDIW AM BAND 2 Weekly","44T MIDIW",5353,1,1,"","","",0,0,0,0,0
6000,1,1,"BELOB",18:00 Sun,18:30 Sun,"WETCL","WETHERBY","LS22 5GT",00:01 Sun,23:59 Sun,22:17 Sun,23:17 Sun,1:00,"C","",0,0,0,0,40,2,"Trunk volume","BELLS DOUBLE","","","",03:56 Mon,10:26,7:36,621,310,3:47,104.33,0:00,1,1,1,1,18:00 Sun,03:56 Mon,04:26 Mon,"BELOB","BELOB",18:00 Sun,18:30 Sun,"BELOB",18:30 Sun,"DD Trailer",04:26 Mon,"","BELOB PM Weekly","44T BELOB",5507,311,310,"","","",0,0,0,0,0
