<?xml version="1.0" encoding="UTF-8"?>
<project-private xmlns="http://www.netbeans.org/ns/project-private/1">
    <editor-bookmarks xmlns="http://www.netbeans.org/ns/editor-bookmarks/2" lastBookmarkId="0"/>
    <open-files xmlns="http://www.netbeans.org/ns/projectui-open-files/2">
        <group>
            <file>file:/C:/wamp/www/src/NTPBundle/Entity/ParagonData.php</file>
            <file>file:/C:/wamp/www/src/NTPBundle/Controller/FileController.php</file>
            <file>file:/C:/wamp/www/app/config/routing.yml</file>
        </group>
    </open-files>
</project-private>
